Workbook

Sheet Instances
B1: coomsuite-1.1.2/incremental-exponential_clingo_1.25 | D1: coomsuite-1.1.2/incremental-exponential_clingo_1.33 | F1: coomsuite-1.1.2/incremental-exponential_clingo_1.5 | H1: coomsuite-1.1.2/incremental-exponential_clingo_1.66 | J1: coomsuite-1.1.2/incremental-exponential_clingo_1.75 | L1: coomsuite-1.1.2/incremental-exponential_clingo_2 | N1: coomsuite-1.1.2/incremental-exponential_clingo_2.25 | P1: coomsuite-1.1.2/incremental-exponential_clingo_2.33 | R1: coomsuite-1.1.2/incremental-exponential_clingo_2.5 | T1: coomsuite-1.1.2/incremental-exponential_clingo_2.66 | V1: coomsuite-1.1.2/incremental-exponential_clingo_2.75 | X1: coomsuite-1.1.2/incremental-exponential_flingo_1.25 | Z1: coomsuite-1.1.2/incremental-exponential_flingo_1.33 | AB1: coomsuite-1.1.2/incremental-exponential_flingo_1.5 | AD1: coomsuite-1.1.2/incremental-exponential_flingo_1.66 | AF1: coomsuite-1.1.2/incremental-exponential_flingo_1.75 | AH1: coomsuite-1.1.2/incremental-exponential_flingo_2 | AJ1: coomsuite-1.1.2/incremental-exponential_flingo_2.25 | AL1: coomsuite-1.1.2/incremental-exponential_flingo_2.33 | AN1: coomsuite-1.1.2/incremental-exponential_flingo_2.5 | AP1: coomsuite-1.1.2/incremental-exponential_flingo_2.66 | AR1: coomsuite-1.1.2/incremental-exponential_flingo_2.75 | AT1: coomsuite-1.1.2/multishot-exponential_1.25 | AV1: coomsuite-1.1.2/multishot-exponential_1.33 | AX1: coomsuite-1.1.2/multishot-exponential_1.5 | AZ1: coomsuite-1.1.2/multishot-exponential_1.66 | BB1: coomsuite-1.1.2/multishot-exponential_1.75 | BD1: coomsuite-1.1.2/multishot-exponential_2 | BF1: coomsuite-1.1.2/multishot-exponential_2.25 | BH1: coomsuite-1.1.2/multishot-exponential_2.33 | BJ1: coomsuite-1.1.2/multishot-exponential_2.5 | BL1: coomsuite-1.1.2/multishot-exponential_2.66 | BN1: coomsuite-1.1.2/multishot-exponential_2.75 | BP1: min | BR1: median | BT1: max
B2: time | C2: timeout | D2: time | E2: timeout | F2: time | G2: timeout | H2: time | I2: timeout | J2: time | K2: timeout | L2: time | M2: timeout | N2: time | O2: timeout | P2: time | Q2: timeout | R2: time | S2: timeout | T2: time | U2: timeout | V2: time | W2: timeout | X2: time | Y2: timeout | Z2: time | AA2: timeout | AB2: time | AC2: timeout | AD2: time | AE2: timeout | AF2: time | AG2: timeout | AH2: time | AI2: timeout | AJ2: time | AK2: timeout | AL2: time | AM2: timeout | AN2: time | AO2: timeout | AP2: time | AQ2: timeout | AR2: time | AS2: timeout | AT2: time | AU2: timeout | AV2: time | AW2: timeout | AX2: time | AY2: timeout | AZ2: time | BA2: timeout | BB2: time | BC2: timeout | BD2: time | BE2: timeout | BF2: time | BG2: timeout | BH2: time | BI2: timeout | BJ2: time | BK2: timeout | BL2: time | BM2: timeout | BN2: time | BO2: timeout | BP2: time | BQ2: timeout | BR2: time | BS2: timeout | BT2: time | BU2: timeout
A3: ./restaurant-1000_user-input-2000 | B3: 61.48 | C3: 0 | D3: 58.23 | E3: 0 | F3: 51.57 | G3: 0 | H3: 600 | I3: 1 | J3: 76.26 | K3: 0 | L3: 70.26 | M3: 0 | N3: 56.63 | O3: 0 | P3: 53.89 | Q3: 0 | R3: 85.85 | S3: 0 | T3: 156.64 | U3: 0 | V3: 59.89 | W3: 0 | X3: 345.86 | Y3: 0 | Z3: 164.17 | AA3: 0 | AB3: 161.96 | AC3: 0 | AD3: 487.56 | AE3: 0 | AF3: 403.53 | AG3: 0 | AH3: 462.17 | AI3: 0 | AJ3: 222.95 | AK3: 0 | AL3: 300.01 | AM3: 0 | AN3: 468.04 | AO3: 0 | AP3: 188.79 | AQ3: 0 | AR3: 316.88 | AS3: 0 | AT3: 600 | AU3: 1 | AV3: 600 | AW3: 1 | AX3: 600 | AY3: 1 | AZ3: 600 | BA3: 1 | BB3: 600 | BC3: 1 | BD3: 600 | BE3: 1 | BF3: 600 | BG3: 1 | BH3: 600 | BI3: 1 | BJ3: 600 | BK3: 1 | BL3: 600 | BM3: 1 | BN3: 600 | BO3: 1 | BP3: =MIN($B3,$D3,$F3,$H3,$J3,$L3,$N3,$P3,$R3,$T3,$V3,$X3,$Z3,$AB3,$AD3,$AF3,$AH3,$AJ3,$AL3,$AN3,$AP3,$AR3,$AT3,$AV3,$AX3,$AZ3,$BB3,$BD3,$BF3,$BH3,$BJ3,$BL3,$BN3) -> 0 | BQ3: =MIN($C3,$E3,$G3,$I3,$K3,$M3,$O3,$Q3,$S3,$U3,$W3,$Y3,$AA3,$AC3,$AE3,$AG3,$AI3,$AK3,$AM3,$AO3,$AQ3,$AS3,$AU3,$AW3,$AY3,$BA3,$BC3,$BE3,$BG3,$BI3,$BK3,$BM3,$BO3) -> 0 | BR3: =MEDIAN($B3,$D3,$F3,$H3,$J3,$L3,$N3,$P3,$R3,$T3,$V3,$X3,$Z3,$AB3,$AD3,$AF3,$AH3,$AJ3,$AL3,$AN3,$AP3,$AR3,$AT3,$AV3,$AX3,$AZ3,$BB3,$BD3,$BF3,$BH3,$BJ3,$BL3,$BN3) -> 0 | BS3: =MEDIAN($C3,$E3,$G3,$I3,$K3,$M3,$O3,$Q3,$S3,$U3,$W3,$Y3,$AA3,$AC3,$AE3,$AG3,$AI3,$AK3,$AM3,$AO3,$AQ3,$AS3,$AU3,$AW3,$AY3,$BA3,$BC3,$BE3,$BG3,$BI3,$BK3,$BM3,$BO3) -> 0 | BT3: =MAX($B3,$D3,$F3,$H3,$J3,$L3,$N3,$P3,$R3,$T3,$V3,$X3,$Z3,$AB3,$AD3,$AF3,$AH3,$AJ3,$AL3,$AN3,$AP3,$AR3,$AT3,$AV3,$AX3,$AZ3,$BB3,$BD3,$BF3,$BH3,$BJ3,$BL3,$BN3) -> 0 | BU3: =MAX($C3,$E3,$G3,$I3,$K3,$M3,$O3,$Q3,$S3,$U3,$W3,$Y3,$AA3,$AC3,$AE3,$AG3,$AI3,$AK3,$AM3,$AO3,$AQ3,$AS3,$AU3,$AW3,$AY3,$BA3,$BC3,$BE3,$BG3,$BI3,$BK3,$BM3,$BO3) -> 0
A4: ./restaurant-1000_user-input-4000 | B4: 386.3 | C4: 0 | D4: 242.88 | E4: 0 | F4: 248.14 | G4: 0 | H4: 496.72 | I4: 0 | J4: 413.61 | K4: 0 | L4: 320.11 | M4: 0 | N4: 306.68 | O4: 0 | P4: 298.94 | Q4: 0 | R4: 296.01 | S4: 0 | T4: 354.49 | U4: 0 | V4: 320.92 | W4: 0 | X4: 600 | Y4: 1 | Z4: 600 | AA4: 1 | AB4: 600 | AC4: 1 | AD4: 600 | AE4: 1 | AF4: 600 | AG4: 1 | AH4: 600 | AI4: 1 | AJ4: 600 | AK4: 1 | AL4: 600 | AM4: 1 | AN4: 600 | AO4: 1 | AP4: 600 | AQ4: 1 | AR4: 600 | AS4: 1 | AT4: 600 | AU4: 1 | AV4: 600 | AW4: 1 | AX4: 600 | AY4: 1 | AZ4: 600 | BA4: 1 | BB4: 600 | BC4: 1 | BD4: 600 | BE4: 1 | BF4: 600 | BG4: 1 | BH4: 600 | BI4: 1 | BJ4: 600 | BK4: 1 | BL4: 600 | BM4: 1 | BN4: 600 | BO4: 1 | BP4: =MIN($B4,$D4,$F4,$H4,$J4,$L4,$N4,$P4,$R4,$T4,$V4,$X4,$Z4,$AB4,$AD4,$AF4,$AH4,$AJ4,$AL4,$AN4,$AP4,$AR4,$AT4,$AV4,$AX4,$AZ4,$BB4,$BD4,$BF4,$BH4,$BJ4,$BL4,$BN4) -> 0 | BQ4: =MIN($C4,$E4,$G4,$I4,$K4,$M4,$O4,$Q4,$S4,$U4,$W4,$Y4,$AA4,$AC4,$AE4,$AG4,$AI4,$AK4,$AM4,$AO4,$AQ4,$AS4,$AU4,$AW4,$AY4,$BA4,$BC4,$BE4,$BG4,$BI4,$BK4,$BM4,$BO4) -> 0 | BR4: =MEDIAN($B4,$D4,$F4,$H4,$J4,$L4,$N4,$P4,$R4,$T4,$V4,$X4,$Z4,$AB4,$AD4,$AF4,$AH4,$AJ4,$AL4,$AN4,$AP4,$AR4,$AT4,$AV4,$AX4,$AZ4,$BB4,$BD4,$BF4,$BH4,$BJ4,$BL4,$BN4) -> 0 | BS4: =MEDIAN($C4,$E4,$G4,$I4,$K4,$M4,$O4,$Q4,$S4,$U4,$W4,$Y4,$AA4,$AC4,$AE4,$AG4,$AI4,$AK4,$AM4,$AO4,$AQ4,$AS4,$AU4,$AW4,$AY4,$BA4,$BC4,$BE4,$BG4,$BI4,$BK4,$BM4,$BO4) -> 0 | BT4: =MAX($B4,$D4,$F4,$H4,$J4,$L4,$N4,$P4,$R4,$T4,$V4,$X4,$Z4,$AB4,$AD4,$AF4,$AH4,$AJ4,$AL4,$AN4,$AP4,$AR4,$AT4,$AV4,$AX4,$AZ4,$BB4,$BD4,$BF4,$BH4,$BJ4,$BL4,$BN4) -> 0 | BU4: =MAX($C4,$E4,$G4,$I4,$K4,$M4,$O4,$Q4,$S4,$U4,$W4,$Y4,$AA4,$AC4,$AE4,$AG4,$AI4,$AK4,$AM4,$AO4,$AQ4,$AS4,$AU4,$AW4,$AY4,$BA4,$BC4,$BE4,$BG4,$BI4,$BK4,$BM4,$BO4) -> 0
A5: ./restaurant-1000_user-input-6000 | B5: 600 | C5: 1 | D5: 597.94 | E5: 0 | F5: 600 | G5: 1 | H5: 600 | I5: 1 | J5: 600 | K5: 1 | L5: 577.88 | M5: 0 | N5: 600 | O5: 1 | P5: 600 | Q5: 1 | R5: 600 | S5: 1 | T5: 600 | U5: 1 | V5: 600 | W5: 1 | X5: 600 | Y5: 1 | Z5: 600 | AA5: 1 | AB5: 600 | AC5: 1 | AD5: 600 | AE5: 1 | AF5: 600 | AG5: 1 | AH5: 600 | AI5: 1 | AJ5: 600 | AK5: 1 | AL5: 600 | AM5: 1 | AN5: 600 | AO5: 1 | AP5: 600 | AQ5: 1 | AR5: 600 | AS5: 1 | AT5: 600 | AU5: 1 | AV5: 600 | AW5: 1 | AX5: 600 | AY5: 1 | AZ5: 600 | BA5: 1 | BB5: 600 | BC5: 1 | BD5: 600 | BE5: 1 | BF5: 600 | BG5: 1 | BH5: 600 | BI5: 1 | BJ5: 600 | BK5: 1 | BL5: 600 | BM5: 1 | BN5: 600 | BO5: 1 | BP5: =MIN($B5,$D5,$F5,$H5,$J5,$L5,$N5,$P5,$R5,$T5,$V5,$X5,$Z5,$AB5,$AD5,$AF5,$AH5,$AJ5,$AL5,$AN5,$AP5,$AR5,$AT5,$AV5,$AX5,$AZ5,$BB5,$BD5,$BF5,$BH5,$BJ5,$BL5,$BN5) -> 0 | BQ5: =MIN($C5,$E5,$G5,$I5,$K5,$M5,$O5,$Q5,$S5,$U5,$W5,$Y5,$AA5,$AC5,$AE5,$AG5,$AI5,$AK5,$AM5,$AO5,$AQ5,$AS5,$AU5,$AW5,$AY5,$BA5,$BC5,$BE5,$BG5,$BI5,$BK5,$BM5,$BO5) -> 0 | BR5: =MEDIAN($B5,$D5,$F5,$H5,$J5,$L5,$N5,$P5,$R5,$T5,$V5,$X5,$Z5,$AB5,$AD5,$AF5,$AH5,$AJ5,$AL5,$AN5,$AP5,$AR5,$AT5,$AV5,$AX5,$AZ5,$BB5,$BD5,$BF5,$BH5,$BJ5,$BL5,$BN5) -> 0 | BS5: =MEDIAN($C5,$E5,$G5,$I5,$K5,$M5,$O5,$Q5,$S5,$U5,$W5,$Y5,$AA5,$AC5,$AE5,$AG5,$AI5,$AK5,$AM5,$AO5,$AQ5,$AS5,$AU5,$AW5,$AY5,$BA5,$BC5,$BE5,$BG5,$BI5,$BK5,$BM5,$BO5) -> 0 | BT5: =MAX($B5,$D5,$F5,$H5,$J5,$L5,$N5,$P5,$R5,$T5,$V5,$X5,$Z5,$AB5,$AD5,$AF5,$AH5,$AJ5,$AL5,$AN5,$AP5,$AR5,$AT5,$AV5,$AX5,$AZ5,$BB5,$BD5,$BF5,$BH5,$BJ5,$BL5,$BN5) -> 0 | BU5: =MAX($C5,$E5,$G5,$I5,$K5,$M5,$O5,$Q5,$S5,$U5,$W5,$Y5,$AA5,$AC5,$AE5,$AG5,$AI5,$AK5,$AM5,$AO5,$AQ5,$AS5,$AU5,$AW5,$AY5,$BA5,$BC5,$BE5,$BG5,$BI5,$BK5,$BM5,$BO5) -> 0
A6: ./restaurant-100_user-input-200 | B6: 1.61 | C6: 0 | D6: 1.55 | E6: 0 | F6: 2.37 | G6: 0 | H6: 1.34 | I6: 0 | J6: 1.5 | K6: 0 | L6: 1.17 | M6: 0 | N6: 1.86 | O6: 0 | P6: 1.37 | Q6: 0 | R6: 1.4 | S6: 0 | T6: 2.04 | U6: 0 | V6: 1.96 | W6: 0 | X6: 6.04 | Y6: 0 | Z6: 5.92 | AA6: 0 | AB6: 6.52 | AC6: 0 | AD6: 4.83 | AE6: 0 | AF6: 6.02 | AG6: 0 | AH6: 5.03 | AI6: 0 | AJ6: 7.54 | AK6: 0 | AL6: 4.98 | AM6: 0 | AN6: 5.04 | AO6: 0 | AP6: 6.23 | AQ6: 0 | AR6: 8.24 | AS6: 0 | AT6: 4.14 | AU6: 0 | AV6: 5.15 | AW6: 0 | AX6: 12.67 | AY6: 0 | AZ6: 4.83 | BA6: 0 | BB6: 4.3 | BC6: 0 | BD6: 3.93 | BE6: 0 | BF6: 15.17 | BG6: 0 | BH6: 4.74 | BI6: 0 | BJ6: 5.88 | BK6: 0 | BL6: 13.41 | BM6: 0 | BN6: 15.4 | BO6: 0 | BP6: =MIN($B6,$D6,$F6,$H6,$J6,$L6,$N6,$P6,$R6,$T6,$V6,$X6,$Z6,$AB6,$AD6,$AF6,$AH6,$AJ6,$AL6,$AN6,$AP6,$AR6,$AT6,$AV6,$AX6,$AZ6,$BB6,$BD6,$BF6,$BH6,$BJ6,$BL6,$BN6) -> 0 | BQ6: =MIN($C6,$E6,$G6,$I6,$K6,$M6,$O6,$Q6,$S6,$U6,$W6,$Y6,$AA6,$AC6,$AE6,$AG6,$AI6,$AK6,$AM6,$AO6,$AQ6,$AS6,$AU6,$AW6,$AY6,$BA6,$BC6,$BE6,$BG6,$BI6,$BK6,$BM6,$BO6) -> 0 | BR6: =MEDIAN($B6,$D6,$F6,$H6,$J6,$L6,$N6,$P6,$R6,$T6,$V6,$X6,$Z6,$AB6,$AD6,$AF6,$AH6,$AJ6,$AL6,$AN6,$AP6,$AR6,$AT6,$AV6,$AX6,$AZ6,$BB6,$BD6,$BF6,$BH6,$BJ6,$BL6,$BN6) -> 0 | BS6: =MEDIAN($C6,$E6,$G6,$I6,$K6,$M6,$O6,$Q6,$S6,$U6,$W6,$Y6,$AA6,$AC6,$AE6,$AG6,$AI6,$AK6,$AM6,$AO6,$AQ6,$AS6,$AU6,$AW6,$AY6,$BA6,$BC6,$BE6,$BG6,$BI6,$BK6,$BM6,$BO6) -> 0 | BT6: =MAX($B6,$D6,$F6,$H6,$J6,$L6,$N6,$P6,$R6,$T6,$V6,$X6,$Z6,$AB6,$AD6,$AF6,$AH6,$AJ6,$AL6,$AN6,$AP6,$AR6,$AT6,$AV6,$AX6,$AZ6,$BB6,$BD6,$BF6,$BH6,$BJ6,$BL6,$BN6) -> 0 | BU6: =MAX($C6,$E6,$G6,$I6,$K6,$M6,$O6,$Q6,$S6,$U6,$W6,$Y6,$AA6,$AC6,$AE6,$AG6,$AI6,$AK6,$AM6,$AO6,$AQ6,$AS6,$AU6,$AW6,$AY6,$BA6,$BC6,$BE6,$BG6,$BI6,$BK6,$BM6,$BO6) -> 0
A7: ./restaurant-100_user-input-400 | B7: 3.71 | C7: 0 | D7: 3.42 | E7: 0 | F7: 2.93 | G7: 0 | H7: 2.77 | I7: 0 | J7: 3.42 | K7: 0 | L7: 2.74 | M7: 0 | N7: 2.32 | O7: 0 | P7: 2.88 | Q7: 0 | R7: 3.63 | S7: 0 | T7: 4.81 | U7: 0 | V7: 2.47 | W7: 0 | X7: 14.64 | Y7: 0 | Z7: 13.72 | AA7: 0 | AB7: 11.94 | AC7: 0 | AD7: 11.99 | AE7: 0 | AF7: 14.04 | AG7: 0 | AH7: 10.7 | AI7: 0 | AJ7: 8.98 | AK7: 0 | AL7: 10.64 | AM7: 0 | AN7: 13.41 | AO7: 0 | AP7: 21.39 | AQ7: 0 | AR7: 10 | AS7: 0 | AT7: 152.68 | AU7: 0 | AV7: 33.36 | AW7: 0 | AX7: 20.95 | AY7: 0 | AZ7: 66.78 | BA7: 0 | BB7: 61.72 | BC7: 0 | BD7: 57.23 | BE7: 0 | BF7: 79.18 | BG7: 0 | BH7: 101.25 | BI7: 0 | BJ7: 75.69 | BK7: 0 | BL7: 256.73 | BM7: 0 | BN7: 37.34 | BO7: 0 | BP7: =MIN($B7,$D7,$F7,$H7,$J7,$L7,$N7,$P7,$R7,$T7,$V7,$X7,$Z7,$AB7,$AD7,$AF7,$AH7,$AJ7,$AL7,$AN7,$AP7,$AR7,$AT7,$AV7,$AX7,$AZ7,$BB7,$BD7,$BF7,$BH7,$BJ7,$BL7,$BN7) -> 0 | BQ7: =MIN($C7,$E7,$G7,$I7,$K7,$M7,$O7,$Q7,$S7,$U7,$W7,$Y7,$AA7,$AC7,$AE7,$AG7,$AI7,$AK7,$AM7,$AO7,$AQ7,$AS7,$AU7,$AW7,$AY7,$BA7,$BC7,$BE7,$BG7,$BI7,$BK7,$BM7,$BO7) -> 0 | BR7: =MEDIAN($B7,$D7,$F7,$H7,$J7,$L7,$N7,$P7,$R7,$T7,$V7,$X7,$Z7,$AB7,$AD7,$AF7,$AH7,$AJ7,$AL7,$AN7,$AP7,$AR7,$AT7,$AV7,$AX7,$AZ7,$BB7,$BD7,$BF7,$BH7,$BJ7,$BL7,$BN7) -> 0 | BS7: =MEDIAN($C7,$E7,$G7,$I7,$K7,$M7,$O7,$Q7,$S7,$U7,$W7,$Y7,$AA7,$AC7,$AE7,$AG7,$AI7,$AK7,$AM7,$AO7,$AQ7,$AS7,$AU7,$AW7,$AY7,$BA7,$BC7,$BE7,$BG7,$BI7,$BK7,$BM7,$BO7) -> 0 | BT7: =MAX($B7,$D7,$F7,$H7,$J7,$L7,$N7,$P7,$R7,$T7,$V7,$X7,$Z7,$AB7,$AD7,$AF7,$AH7,$AJ7,$AL7,$AN7,$AP7,$AR7,$AT7,$AV7,$AX7,$AZ7,$BB7,$BD7,$BF7,$BH7,$BJ7,$BL7,$BN7) -> 0 | BU7: =MAX($C7,$E7,$G7,$I7,$K7,$M7,$O7,$Q7,$S7,$U7,$W7,$Y7,$AA7,$AC7,$AE7,$AG7,$AI7,$AK7,$AM7,$AO7,$AQ7,$AS7,$AU7,$AW7,$AY7,$BA7,$BC7,$BE7,$BG7,$BI7,$BK7,$BM7,$BO7) -> 0
A8: ./restaurant-100_user-input-600 | B8: 6.34 | C8: 0 | D8: 5.95 | E8: 0 | F8: 4.78 | G8: 0 | H8: 5.35 | I8: 0 | J8: 4.32 | K8: 0 | L8: 5.78 | M8: 0 | N8: 5.64 | O8: 0 | P8: 8.21 | Q8: 0 | R8: 5.11 | S8: 0 | T8: 6.12 | U8: 0 | V8: 9.72 | W8: 0 | X8: 23.42 | Y8: 0 | Z8: 22.26 | AA8: 0 | AB8: 22.14 | AC8: 0 | AD8: 21.17 | AE8: 0 | AF8: 17.23 | AG8: 0 | AH8: 24.55 | AI8: 0 | AJ8: 22.25 | AK8: 0 | AL8: 35.17 | AM8: 0 | AN8: 17.22 | AO8: 0 | AP8: 25.46 | AQ8: 0 | AR8: 29.16 | AS8: 0 | AT8: 62.3 | AU8: 0 | AV8: 505.37 | AW8: 0 | AX8: 252.48 | AY8: 0 | AZ8: 543.93 | BA8: 0 | BB8: 484.54 | BC8: 0 | BD8: 583.2 | BE8: 0 | BF8: 490.95 | BG8: 0 | BH8: 445.55 | BI8: 0 | BJ8: 574.4 | BK8: 0 | BL8: 600 | BM8: 1 | BN8: 600 | BO8: 1 | BP8: =MIN($B8,$D8,$F8,$H8,$J8,$L8,$N8,$P8,$R8,$T8,$V8,$X8,$Z8,$AB8,$AD8,$AF8,$AH8,$AJ8,$AL8,$AN8,$AP8,$AR8,$AT8,$AV8,$AX8,$AZ8,$BB8,$BD8,$BF8,$BH8,$BJ8,$BL8,$BN8) -> 0 | BQ8: =MIN($C8,$E8,$G8,$I8,$K8,$M8,$O8,$Q8,$S8,$U8,$W8,$Y8,$AA8,$AC8,$AE8,$AG8,$AI8,$AK8,$AM8,$AO8,$AQ8,$AS8,$AU8,$AW8,$AY8,$BA8,$BC8,$BE8,$BG8,$BI8,$BK8,$BM8,$BO8) -> 0 | BR8: =MEDIAN($B8,$D8,$F8,$H8,$J8,$L8,$N8,$P8,$R8,$T8,$V8,$X8,$Z8,$AB8,$AD8,$AF8,$AH8,$AJ8,$AL8,$AN8,$AP8,$AR8,$AT8,$AV8,$AX8,$AZ8,$BB8,$BD8,$BF8,$BH8,$BJ8,$BL8,$BN8) -> 0 | BS8: =MEDIAN($C8,$E8,$G8,$I8,$K8,$M8,$O8,$Q8,$S8,$U8,$W8,$Y8,$AA8,$AC8,$AE8,$AG8,$AI8,$AK8,$AM8,$AO8,$AQ8,$AS8,$AU8,$AW8,$AY8,$BA8,$BC8,$BE8,$BG8,$BI8,$BK8,$BM8,$BO8) -> 0 | BT8: =MAX($B8,$D8,$F8,$H8,$J8,$L8,$N8,$P8,$R8,$T8,$V8,$X8,$Z8,$AB8,$AD8,$AF8,$AH8,$AJ8,$AL8,$AN8,$AP8,$AR8,$AT8,$AV8,$AX8,$AZ8,$BB8,$BD8,$BF8,$BH8,$BJ8,$BL8,$BN8) -> 0 | BU8: =MAX($C8,$E8,$G8,$I8,$K8,$M8,$O8,$Q8,$S8,$U8,$W8,$Y8,$AA8,$AC8,$AE8,$AG8,$AI8,$AK8,$AM8,$AO8,$AQ8,$AS8,$AU8,$AW8,$AY8,$BA8,$BC8,$BE8,$BG8,$BI8,$BK8,$BM8,$BO8) -> 0
A9: ./restaurant-1500_user-input-3000 | B9: 323.69 | C9: 0 | D9: 200.66 | E9: 0 | F9: 120.59 | G9: 0 | H9: 166.37 | I9: 0 | J9: 131.59 | K9: 0 | L9: 198.48 | M9: 0 | N9: 228.39 | O9: 0 | P9: 173.14 | Q9: 0 | R9: 234.49 | S9: 0 | T9: 288.06 | U9: 0 | V9: 110.34 | W9: 0 | X9: 600 | Y9: 1 | Z9: 600 | AA9: 1 | AB9: 600 | AC9: 1 | AD9: 600 | AE9: 1 | AF9: 600 | AG9: 1 | AH9: 600 | AI9: 1 | AJ9: 600 | AK9: 1 | AL9: 600 | AM9: 1 | AN9: 600 | AO9: 1 | AP9: 600 | AQ9: 1 | AR9: 600 | AS9: 1 | AT9: 600 | AU9: 1 | AV9: 600 | AW9: 1 | AX9: 600 | AY9: 1 | AZ9: 600 | BA9: 1 | BB9: 600 | BC9: 1 | BD9: 600 | BE9: 1 | BF9: 600 | BG9: 1 | BH9: 600 | BI9: 1 | BJ9: 600 | BK9: 1 | BL9: 600 | BM9: 1 | BN9: 600 | BO9: 1 | BP9: =MIN($B9,$D9,$F9,$H9,$J9,$L9,$N9,$P9,$R9,$T9,$V9,$X9,$Z9,$AB9,$AD9,$AF9,$AH9,$AJ9,$AL9,$AN9,$AP9,$AR9,$AT9,$AV9,$AX9,$AZ9,$BB9,$BD9,$BF9,$BH9,$BJ9,$BL9,$BN9) -> 0 | BQ9: =MIN($C9,$E9,$G9,$I9,$K9,$M9,$O9,$Q9,$S9,$U9,$W9,$Y9,$AA9,$AC9,$AE9,$AG9,$AI9,$AK9,$AM9,$AO9,$AQ9,$AS9,$AU9,$AW9,$AY9,$BA9,$BC9,$BE9,$BG9,$BI9,$BK9,$BM9,$BO9) -> 0 | BR9: =MEDIAN($B9,$D9,$F9,$H9,$J9,$L9,$N9,$P9,$R9,$T9,$V9,$X9,$Z9,$AB9,$AD9,$AF9,$AH9,$AJ9,$AL9,$AN9,$AP9,$AR9,$AT9,$AV9,$AX9,$AZ9,$BB9,$BD9,$BF9,$BH9,$BJ9,$BL9,$BN9) -> 0 | BS9: =MEDIAN($C9,$E9,$G9,$I9,$K9,$M9,$O9,$Q9,$S9,$U9,$W9,$Y9,$AA9,$AC9,$AE9,$AG9,$AI9,$AK9,$AM9,$AO9,$AQ9,$AS9,$AU9,$AW9,$AY9,$BA9,$BC9,$BE9,$BG9,$BI9,$BK9,$BM9,$BO9) -> 0 | BT9: =MAX($B9,$D9,$F9,$H9,$J9,$L9,$N9,$P9,$R9,$T9,$V9,$X9,$Z9,$AB9,$AD9,$AF9,$AH9,$AJ9,$AL9,$AN9,$AP9,$AR9,$AT9,$AV9,$AX9,$AZ9,$BB9,$BD9,$BF9,$BH9,$BJ9,$BL9,$BN9) -> 0 | BU9: =MAX($C9,$E9,$G9,$I9,$K9,$M9,$O9,$Q9,$S9,$U9,$W9,$Y9,$AA9,$AC9,$AE9,$AG9,$AI9,$AK9,$AM9,$AO9,$AQ9,$AS9,$AU9,$AW9,$AY9,$BA9,$BC9,$BE9,$BG9,$BI9,$BK9,$BM9,$BO9) -> 0
A10: ./restaurant-1500_user-input-6000 | B10: 600 | C10: 1 | D10: 600 | E10: 1 | F10: 600 | G10: 1 | H10: 600 | I10: 1 | J10: 600 | K10: 1 | L10: 586.25 | M10: 0 | N10: 600 | O10: 1 | P10: 600 | Q10: 1 | R10: 600 | S10: 1 | T10: 600 | U10: 1 | V10: 600 | W10: 1 | X10: 600 | Y10: 1 | Z10: 600 | AA10: 1 | AB10: 600 | AC10: 1 | AD10: 600 | AE10: 1 | AF10: 600 | AG10: 1 | AH10: 600 | AI10: 1 | AJ10: 600 | AK10: 1 | AL10: 600 | AM10: 1 | AN10: 600 | AO10: 1 | AP10: 600 | AQ10: 1 | AR10: 600 | AS10: 1 | AT10: 600 | AU10: 1 | AV10: 600 | AW10: 1 | AX10: 600 | AY10: 1 | AZ10: 600 | BA10: 1 | BB10: 600 | BC10: 1 | BD10: 600 | BE10: 1 | BF10: 600 | BG10: 1 | BH10: 600 | BI10: 1 | BJ10: 600 | BK10: 1 | BL10: 600 | BM10: 1 | BN10: 600 | BO10: 1 | BP10: =MIN($B10,$D10,$F10,$H10,$J10,$L10,$N10,$P10,$R10,$T10,$V10,$X10,$Z10,$AB10,$AD10,$AF10,$AH10,$AJ10,$AL10,$AN10,$AP10,$AR10,$AT10,$AV10,$AX10,$AZ10,$BB10,$BD10,$BF10,$BH10,$BJ10,$BL10,$BN10) -> 0 | BQ10: =MIN($C10,$E10,$G10,$I10,$K10,$M10,$O10,$Q10,$S10,$U10,$W10,$Y10,$AA10,$AC10,$AE10,$AG10,$AI10,$AK10,$AM10,$AO10,$AQ10,$AS10,$AU10,$AW10,$AY10,$BA10,$BC10,$BE10,$BG10,$BI10,$BK10,$BM10,$BO10) -> 0 | BR10: =MEDIAN($B10,$D10,$F10,$H10,$J10,$L10,$N10,$P10,$R10,$T10,$V10,$X10,$Z10,$AB10,$AD10,$AF10,$AH10,$AJ10,$AL10,$AN10,$AP10,$AR10,$AT10,$AV10,$AX10,$AZ10,$BB10,$BD10,$BF10,$BH10,$BJ10,$BL10,$BN10) -> 0 | BS10: =MEDIAN($C10,$E10,$G10,$I10,$K10,$M10,$O10,$Q10,$S10,$U10,$W10,$Y10,$AA10,$AC10,$AE10,$AG10,$AI10,$AK10,$AM10,$AO10,$AQ10,$AS10,$AU10,$AW10,$AY10,$BA10,$BC10,$BE10,$BG10,$BI10,$BK10,$BM10,$BO10) -> 0 | BT10: =MAX($B10,$D10,$F10,$H10,$J10,$L10,$N10,$P10,$R10,$T10,$V10,$X10,$Z10,$AB10,$AD10,$AF10,$AH10,$AJ10,$AL10,$AN10,$AP10,$AR10,$AT10,$AV10,$AX10,$AZ10,$BB10,$BD10,$BF10,$BH10,$BJ10,$BL10,$BN10) -> 0 | BU10: =MAX($C10,$E10,$G10,$I10,$K10,$M10,$O10,$Q10,$S10,$U10,$W10,$Y10,$AA10,$AC10,$AE10,$AG10,$AI10,$AK10,$AM10,$AO10,$AQ10,$AS10,$AU10,$AW10,$AY10,$BA10,$BC10,$BE10,$BG10,$BI10,$BK10,$BM10,$BO10) -> 0
A11: ./restaurant-1500_user-input-9000 | B11: 600 | C11: 1 | D11: 600 | E11: 1 | F11: 600 | G11: 1 | H11: 600 | I11: 1 | J11: 600 | K11: 1 | L11: 600 | M11: 1 | N11: 600 | O11: 1 | P11: 600 | Q11: 1 | R11: 600 | S11: 1 | T11: 600 | U11: 1 | V11: 600 | W11: 1 | X11: 600 | Y11: 1 | Z11: 600 | AA11: 1 | AB11: 600 | AC11: 1 | AD11: 600 | AE11: 1 | AF11: 600 | AG11: 1 | AH11: 600 | AI11: 1 | AJ11: 600 | AK11: 1 | AL11: 600 | AM11: 1 | AN11: 600 | AO11: 1 | AP11: 600 | AQ11: 1 | AR11: 600 | AS11: 1 | AT11: 600 | AU11: 1 | AV11: 600 | AW11: 1 | AX11: 600 | AY11: 1 | AZ11: 600 | BA11: 1 | BB11: 600 | BC11: 1 | BD11: 600 | BE11: 1 | BF11: 600 | BG11: 1 | BH11: 600 | BI11: 1 | BJ11: 600 | BK11: 1 | BL11: 600 | BM11: 1 | BN11: 600 | BO11: 1 | BP11: =MIN($B11,$D11,$F11,$H11,$J11,$L11,$N11,$P11,$R11,$T11,$V11,$X11,$Z11,$AB11,$AD11,$AF11,$AH11,$AJ11,$AL11,$AN11,$AP11,$AR11,$AT11,$AV11,$AX11,$AZ11,$BB11,$BD11,$BF11,$BH11,$BJ11,$BL11,$BN11) -> 0 | BQ11: =MIN($C11,$E11,$G11,$I11,$K11,$M11,$O11,$Q11,$S11,$U11,$W11,$Y11,$AA11,$AC11,$AE11,$AG11,$AI11,$AK11,$AM11,$AO11,$AQ11,$AS11,$AU11,$AW11,$AY11,$BA11,$BC11,$BE11,$BG11,$BI11,$BK11,$BM11,$BO11) -> 0 | BR11: =MEDIAN($B11,$D11,$F11,$H11,$J11,$L11,$N11,$P11,$R11,$T11,$V11,$X11,$Z11,$AB11,$AD11,$AF11,$AH11,$AJ11,$AL11,$AN11,$AP11,$AR11,$AT11,$AV11,$AX11,$AZ11,$BB11,$BD11,$BF11,$BH11,$BJ11,$BL11,$BN11) -> 0 | BS11: =MEDIAN($C11,$E11,$G11,$I11,$K11,$M11,$O11,$Q11,$S11,$U11,$W11,$Y11,$AA11,$AC11,$AE11,$AG11,$AI11,$AK11,$AM11,$AO11,$AQ11,$AS11,$AU11,$AW11,$AY11,$BA11,$BC11,$BE11,$BG11,$BI11,$BK11,$BM11,$BO11) -> 0 | BT11: =MAX($B11,$D11,$F11,$H11,$J11,$L11,$N11,$P11,$R11,$T11,$V11,$X11,$Z11,$AB11,$AD11,$AF11,$AH11,$AJ11,$AL11,$AN11,$AP11,$AR11,$AT11,$AV11,$AX11,$AZ11,$BB11,$BD11,$BF11,$BH11,$BJ11,$BL11,$BN11) -> 0 | BU11: =MAX($C11,$E11,$G11,$I11,$K11,$M11,$O11,$Q11,$S11,$U11,$W11,$Y11,$AA11,$AC11,$AE11,$AG11,$AI11,$AK11,$AM11,$AO11,$AQ11,$AS11,$AU11,$AW11,$AY11,$BA11,$BC11,$BE11,$BG11,$BI11,$BK11,$BM11,$BO11) -> 0
A12: ./restaurant-2000_user-input-12000 | B12: 600 | C12: 1 | D12: 600 | E12: 1 | F12: 600 | G12: 1 | H12: 600 | I12: 1 | J12: 600 | K12: 1 | L12: 600 | M12: 1 | N12: 600 | O12: 1 | P12: 600 | Q12: 1 | R12: 600 | S12: 1 | T12: 600 | U12: 1 | V12: 600 | W12: 1 | X12: 600 | Y12: 1 | Z12: 600 | AA12: 1 | AB12: 600 | AC12: 1 | AD12: 600 | AE12: 1 | AF12: 600 | AG12: 1 | AH12: 600 | AI12: 1 | AJ12: 600 | AK12: 1 | AL12: 600 | AM12: 1 | AN12: 600 | AO12: 1 | AP12: 600 | AQ12: 1 | AR12: 600 | AS12: 1 | AT12: 600 | AU12: 1 | AV12: 600 | AW12: 1 | AX12: 600 | AY12: 1 | AZ12: 600 | BA12: 1 | BB12: 600 | BC12: 1 | BD12: 600 | BE12: 1 | BF12: 600 | BG12: 1 | BH12: 600 | BI12: 1 | BJ12: 600 | BK12: 1 | BL12: 600 | BM12: 1 | BN12: 600 | BO12: 1 | BP12: =MIN($B12,$D12,$F12,$H12,$J12,$L12,$N12,$P12,$R12,$T12,$V12,$X12,$Z12,$AB12,$AD12,$AF12,$AH12,$AJ12,$AL12,$AN12,$AP12,$AR12,$AT12,$AV12,$AX12,$AZ12,$BB12,$BD12,$BF12,$BH12,$BJ12,$BL12,$BN12) -> 0 | BQ12: =MIN($C12,$E12,$G12,$I12,$K12,$M12,$O12,$Q12,$S12,$U12,$W12,$Y12,$AA12,$AC12,$AE12,$AG12,$AI12,$AK12,$AM12,$AO12,$AQ12,$AS12,$AU12,$AW12,$AY12,$BA12,$BC12,$BE12,$BG12,$BI12,$BK12,$BM12,$BO12) -> 0 | BR12: =MEDIAN($B12,$D12,$F12,$H12,$J12,$L12,$N12,$P12,$R12,$T12,$V12,$X12,$Z12,$AB12,$AD12,$AF12,$AH12,$AJ12,$AL12,$AN12,$AP12,$AR12,$AT12,$AV12,$AX12,$AZ12,$BB12,$BD12,$BF12,$BH12,$BJ12,$BL12,$BN12) -> 0 | BS12: =MEDIAN($C12,$E12,$G12,$I12,$K12,$M12,$O12,$Q12,$S12,$U12,$W12,$Y12,$AA12,$AC12,$AE12,$AG12,$AI12,$AK12,$AM12,$AO12,$AQ12,$AS12,$AU12,$AW12,$AY12,$BA12,$BC12,$BE12,$BG12,$BI12,$BK12,$BM12,$BO12) -> 0 | BT12: =MAX($B12,$D12,$F12,$H12,$J12,$L12,$N12,$P12,$R12,$T12,$V12,$X12,$Z12,$AB12,$AD12,$AF12,$AH12,$AJ12,$AL12,$AN12,$AP12,$AR12,$AT12,$AV12,$AX12,$AZ12,$BB12,$BD12,$BF12,$BH12,$BJ12,$BL12,$BN12) -> 0 | BU12: =MAX($C12,$E12,$G12,$I12,$K12,$M12,$O12,$Q12,$S12,$U12,$W12,$Y12,$AA12,$AC12,$AE12,$AG12,$AI12,$AK12,$AM12,$AO12,$AQ12,$AS12,$AU12,$AW12,$AY12,$BA12,$BC12,$BE12,$BG12,$BI12,$BK12,$BM12,$BO12) -> 0
A13: ./restaurant-2000_user-input-4000 | B13: 419.55 | C13: 0 | D13: 280.17 | E13: 0 | F13: 351.77 | G13: 0 | H13: 389.3 | I13: 0 | J13: 404.74 | K13: 0 | L13: 325.32 | M13: 0 | N13: 302.35 | O13: 0 | P13: 319.67 | Q13: 0 | R13: 309.04 | S13: 0 | T13: 342.66 | U13: 0 | V13: 426.14 | W13: 0 | X13: 600 | Y13: 1 | Z13: 600 | AA13: 1 | AB13: 600 | AC13: 1 | AD13: 600 | AE13: 1 | AF13: 600 | AG13: 1 | AH13: 600 | AI13: 1 | AJ13: 600 | AK13: 1 | AL13: 600 | AM13: 1 | AN13: 600 | AO13: 1 | AP13: 600 | AQ13: 1 | AR13: 600 | AS13: 1 | AT13: 600 | AU13: 1 | AV13: 600 | AW13: 1 | AX13: 600 | AY13: 1 | AZ13: 600 | BA13: 1 | BB13: 600 | BC13: 1 | BD13: 600 | BE13: 1 | BF13: 600 | BG13: 1 | BH13: 600 | BI13: 1 | BJ13: 600 | BK13: 1 | BL13: 600 | BM13: 1 | BN13: 600 | BO13: 1 | BP13: =MIN($B13,$D13,$F13,$H13,$J13,$L13,$N13,$P13,$R13,$T13,$V13,$X13,$Z13,$AB13,$AD13,$AF13,$AH13,$AJ13,$AL13,$AN13,$AP13,$AR13,$AT13,$AV13,$AX13,$AZ13,$BB13,$BD13,$BF13,$BH13,$BJ13,$BL13,$BN13) -> 0 | BQ13: =MIN($C13,$E13,$G13,$I13,$K13,$M13,$O13,$Q13,$S13,$U13,$W13,$Y13,$AA13,$AC13,$AE13,$AG13,$AI13,$AK13,$AM13,$AO13,$AQ13,$AS13,$AU13,$AW13,$AY13,$BA13,$BC13,$BE13,$BG13,$BI13,$BK13,$BM13,$BO13) -> 0 | BR13: =MEDIAN($B13,$D13,$F13,$H13,$J13,$L13,$N13,$P13,$R13,$T13,$V13,$X13,$Z13,$AB13,$AD13,$AF13,$AH13,$AJ13,$AL13,$AN13,$AP13,$AR13,$AT13,$AV13,$AX13,$AZ13,$BB13,$BD13,$BF13,$BH13,$BJ13,$BL13,$BN13) -> 0 | BS13: =MEDIAN($C13,$E13,$G13,$I13,$K13,$M13,$O13,$Q13,$S13,$U13,$W13,$Y13,$AA13,$AC13,$AE13,$AG13,$AI13,$AK13,$AM13,$AO13,$AQ13,$AS13,$AU13,$AW13,$AY13,$BA13,$BC13,$BE13,$BG13,$BI13,$BK13,$BM13,$BO13) -> 0 | BT13: =MAX($B13,$D13,$F13,$H13,$J13,$L13,$N13,$P13,$R13,$T13,$V13,$X13,$Z13,$AB13,$AD13,$AF13,$AH13,$AJ13,$AL13,$AN13,$AP13,$AR13,$AT13,$AV13,$AX13,$AZ13,$BB13,$BD13,$BF13,$BH13,$BJ13,$BL13,$BN13) -> 0 | BU13: =MAX($C13,$E13,$G13,$I13,$K13,$M13,$O13,$Q13,$S13,$U13,$W13,$Y13,$AA13,$AC13,$AE13,$AG13,$AI13,$AK13,$AM13,$AO13,$AQ13,$AS13,$AU13,$AW13,$AY13,$BA13,$BC13,$BE13,$BG13,$BI13,$BK13,$BM13,$BO13) -> 0
A14: ./restaurant-2000_user-input-8000 | B14: 600 | C14: 1 | D14: 600 | E14: 1 | F14: 600 | G14: 1 | H14: 600 | I14: 1 | J14: 600 | K14: 1 | L14: 600 | M14: 1 | N14: 600 | O14: 1 | P14: 600 | Q14: 1 | R14: 600 | S14: 1 | T14: 600 | U14: 1 | V14: 600 | W14: 1 | X14: 600 | Y14: 1 | Z14: 600 | AA14: 1 | AB14: 600 | AC14: 1 | AD14: 600 | AE14: 1 | AF14: 600 | AG14: 1 | AH14: 600 | AI14: 1 | AJ14: 600 | AK14: 1 | AL14: 600 | AM14: 1 | AN14: 600 | AO14: 1 | AP14: 600 | AQ14: 1 | AR14: 600 | AS14: 1 | AT14: 600 | AU14: 1 | AV14: 600 | AW14: 1 | AX14: 600 | AY14: 1 | AZ14: 600 | BA14: 1 | BB14: 600 | BC14: 1 | BD14: 600 | BE14: 1 | BF14: 600 | BG14: 1 | BH14: 600 | BI14: 1 | BJ14: 600 | BK14: 1 | BL14: 600 | BM14: 1 | BN14: 600 | BO14: 1 | BP14: =MIN($B14,$D14,$F14,$H14,$J14,$L14,$N14,$P14,$R14,$T14,$V14,$X14,$Z14,$AB14,$AD14,$AF14,$AH14,$AJ14,$AL14,$AN14,$AP14,$AR14,$AT14,$AV14,$AX14,$AZ14,$BB14,$BD14,$BF14,$BH14,$BJ14,$BL14,$BN14) -> 0 | BQ14: =MIN($C14,$E14,$G14,$I14,$K14,$M14,$O14,$Q14,$S14,$U14,$W14,$Y14,$AA14,$AC14,$AE14,$AG14,$AI14,$AK14,$AM14,$AO14,$AQ14,$AS14,$AU14,$AW14,$AY14,$BA14,$BC14,$BE14,$BG14,$BI14,$BK14,$BM14,$BO14) -> 0 | BR14: =MEDIAN($B14,$D14,$F14,$H14,$J14,$L14,$N14,$P14,$R14,$T14,$V14,$X14,$Z14,$AB14,$AD14,$AF14,$AH14,$AJ14,$AL14,$AN14,$AP14,$AR14,$AT14,$AV14,$AX14,$AZ14,$BB14,$BD14,$BF14,$BH14,$BJ14,$BL14,$BN14) -> 0 | BS14: =MEDIAN($C14,$E14,$G14,$I14,$K14,$M14,$O14,$Q14,$S14,$U14,$W14,$Y14,$AA14,$AC14,$AE14,$AG14,$AI14,$AK14,$AM14,$AO14,$AQ14,$AS14,$AU14,$AW14,$AY14,$BA14,$BC14,$BE14,$BG14,$BI14,$BK14,$BM14,$BO14) -> 0 | BT14: =MAX($B14,$D14,$F14,$H14,$J14,$L14,$N14,$P14,$R14,$T14,$V14,$X14,$Z14,$AB14,$AD14,$AF14,$AH14,$AJ14,$AL14,$AN14,$AP14,$AR14,$AT14,$AV14,$AX14,$AZ14,$BB14,$BD14,$BF14,$BH14,$BJ14,$BL14,$BN14) -> 0 | BU14: =MAX($C14,$E14,$G14,$I14,$K14,$M14,$O14,$Q14,$S14,$U14,$W14,$Y14,$AA14,$AC14,$AE14,$AG14,$AI14,$AK14,$AM14,$AO14,$AQ14,$AS14,$AU14,$AW14,$AY14,$BA14,$BC14,$BE14,$BG14,$BI14,$BK14,$BM14,$BO14) -> 0
... A62: ./cargobike-nested-500_user-input-4 | B62: 600 | C62: 1 | D62: 600 | E62: 1 | F62: 600 | G62: 1 | H62: 600 | I62: 1 | J62: 600 | K62: 1 | L62: 600 | M62: 1 | N62: 600 | O62: 1 | P62: 600 | Q62: 1 | R62: 600 | S62: 1 | T62: 600 | U62: 1 | V62: 600 | W62: 1 | X62: 107.08 | Y62: 0 | Z62: 92.17 | AA62: 0 | AB62: 83.97 | AC62: 0 | AD62: 105.8 | AE62: 0 | AF62: 85.81 | AG62: 0 | AH62: 98.02 | AI62: 0 | AJ62: 71.7 | AK62: 0 | AL62: 79.5 | AM62: 0 | AN62: 118.29 | AO62: 0 | AP62: 162.95 | AQ62: 0 | AR62: 220.92 | AS62: 0 | AT62: 21.71 | AU62: 0 | AV62: 23.66 | AW62: 0 | AX62: 13.12 | AY62: 0 | AZ62: 27.19 | BA62: 0 | BB62: 16.75 | BC62: 0 | BD62: 25.91 | BE62: 0 | BF62: 13.85 | BG62: 0 | BH62: 19.79 | BI62: 0 | BJ62: 46.91 | BK62: 0 | BL62: 85.53 | BM62: 0 | BN62: 151.67 | BO62: 0 | BP62: =MIN($B62,$D62,$F62,$H62,$J62,$L62,$N62,$P62,$R62,$T62,$V62,$X62,$Z62,$AB62,$AD62,$AF62,$AH62,$AJ62,$AL62,$AN62,$AP62,$AR62,$AT62,$AV62,$AX62,$AZ62,$BB62,$BD62,$BF62,$BH62,$BJ62,$BL62,$BN62) -> 0 | BQ62: =MIN($C62,$E62,$G62,$I62,$K62,$M62,$O62,$Q62,$S62,$U62,$W62,$Y62,$AA62,$AC62,$AE62,$AG62,$AI62,$AK62,$AM62,$AO62,$AQ62,$AS62,$AU62,$AW62,$AY62,$BA62,$BC62,$BE62,$BG62,$BI62,$BK62,$BM62,$BO62) -> 0 | BR62: =MEDIAN($B62,$D62,$F62,$H62,$J62,$L62,$N62,$P62,$R62,$T62,$V62,$X62,$Z62,$AB62,$AD62,$AF62,$AH62,$AJ62,$AL62,$AN62,$AP62,$AR62,$AT62,$AV62,$AX62,$AZ62,$BB62,$BD62,$BF62,$BH62,$BJ62,$BL62,$BN62) -> 0 | BS62: =MEDIAN($C62,$E62,$G62,$I62,$K62,$M62,$O62,$Q62,$S62,$U62,$W62,$Y62,$AA62,$AC62,$AE62,$AG62,$AI62,$AK62,$AM62,$AO62,$AQ62,$AS62,$AU62,$AW62,$AY62,$BA62,$BC62,$BE62,$BG62,$BI62,$BK62,$BM62,$BO62) -> 0 | BT62: =MAX($B62,$D62,$F62,$H62,$J62,$L62,$N62,$P62,$R62,$T62,$V62,$X62,$Z62,$AB62,$AD62,$AF62,$AH62,$AJ62,$AL62,$AN62,$AP62,$AR62,$AT62,$AV62,$AX62,$AZ62,$BB62,$BD62,$BF62,$BH62,$BJ62,$BL62,$BN62) -> 0 | BU62: =MAX($C62,$E62,$G62,$I62,$K62,$M62,$O62,$Q62,$S62,$U62,$W62,$Y62,$AA62,$AC62,$AE62,$AG62,$AI62,$AK62,$AM62,$AO62,$AQ62,$AS62,$AU62,$AW62,$AY62,$BA62,$BC62,$BE62,$BG62,$BI62,$BK62,$BM62,$BO62) -> 0
A64: SUM | B64: =SUM(B$3:B$62) -> 0 | C64: =SUM(C$3:C$62) -> 0 | D64: =SUM(D$3:D$62) -> 0 | E64: =SUM(E$3:E$62) -> 0 | F64: =SUM(F$3:F$62) -> 0 | G64: =SUM(G$3:G$62) -> 0 | H64: =SUM(H$3:H$62) -> 0 | I64: =SUM(I$3:I$62) -> 0 | ... BU64: =SUM(BU$3:BU$62) -> 0
A65: AVG | B65: =AVERAGE(B$3:B$62) -> 0 | C65: =AVERAGE(C$3:C$62) -> 0 | D65: =AVERAGE(D$3:D$62) -> 0 | E65: =AVERAGE(E$3:E$62) -> 0 | F65: =AVERAGE(F$3:F$62) -> 0 | G65: =AVERAGE(G$3:G$62) -> 0 | H65: =AVERAGE(H$3:H$62) -> 0 | I65: =AVERAGE(I$3:I$62) -> 0 | ... BU65: =AVERAGE(BU$3:BU$62) -> 0
A66: DEV | B66: =STDEV(B$3:B$62) -> 0 | C66: =STDEV(C$3:C$62) -> 0 | D66: =STDEV(D$3:D$62) -> 0 | E66: =STDEV(E$3:E$62) -> 0 | F66: =STDEV(F$3:F$62) -> 0 | G66: =STDEV(G$3:G$62) -> 0 | H66: =STDEV(H$3:H$62) -> 0 | I66: =STDEV(I$3:I$62) -> 0 | ... BU66: =STDEV(BU$3:BU$62) -> 0
A67: DST | B67: =SUMPRODUCT(--(B$3:B$62-$BP$3:$BP$62)^2)^0.5 -> 0 | C67: =SUMPRODUCT(--(C$3:C$62-$BQ$3:$BQ$62)^2)^0.5 -> 0 | D67: =SUMPRODUCT(--(D$3:D$62-$BP$3:$BP$62)^2)^0.5 -> 0 | E67: =SUMPRODUCT(--(E$3:E$62-$BQ$3:$BQ$62)^2)^0.5 -> 0 | F67: =SUMPRODUCT(--(F$3:F$62-$BP$3:$BP$62)^2)^0.5 -> 0 | G67: =SUMPRODUCT(--(G$3:G$62-$BQ$3:$BQ$62)^2)^0.5 -> 0 | H67: =SUMPRODUCT(--(H$3:H$62-$BP$3:$BP$62)^2)^0.5 -> 0 | I67: =SUMPRODUCT(--(I$3:I$62-$BQ$3:$BQ$62)^2)^0.5 -> 0 | J67: =SUMPRODUCT(--(J$3:J$62-$BP$3:$BP$62)^2)^0.5 -> 0 | K67: =SUMPRODUCT(--(K$3:K$62-$BQ$3:$BQ$62)^2)^0.5 -> 0 | L67: =SUMPRODUCT(--(L$3:L$62-$BP$3:$BP$62)^2)^0.5 -> 0 | M67: =SUMPRODUCT(--(M$3:M$62-$BQ$3:$BQ$62)^2)^0.5 -> 0 | N67: =SUMPRODUCT(--(N$3:N$62-$BP$3:$BP$62)^2)^0.5 -> 0 | O67: =SUMPRODUCT(--(O$3:O$62-$BQ$3:$BQ$62)^2)^0.5 -> 0 | P67: =SUMPRODUCT(--(P$3:P$62-$BP$3:$BP$62)^2)^0.5 -> 0 | Q67: =SUMPRODUCT(--(Q$3:Q$62-$BQ$3:$BQ$62)^2)^0.5 -> 0 | R67: =SUMPRODUCT(--(R$3:R$62-$BP$3:$BP$62)^2)^0.5 -> 0 | S67: =SUMPRODUCT(--(S$3:S$62-$BQ$3:$BQ$62)^2)^0.5 -> 0 | T67: =SUMPRODUCT(--(T$3:T$62-$BP$3:$BP$62)^2)^0.5 -> 0 | U67: =SUMPRODUCT(--(U$3:U$62-$BQ$3:$BQ$62)^2)^0.5 -> 0 | V67: =SUMPRODUCT(--(V$3:V$62-$BP$3:$BP$62)^2)^0.5 -> 0 | W67: =SUMPRODUCT(--(W$3:W$62-$BQ$3:$BQ$62)^2)^0.5 -> 0 | X67: =SUMPRODUCT(--(X$3:X$62-$BP$3:$BP$62)^2)^0.5 -> 0 | Y67: =SUMPRODUCT(--(Y$3:Y$62-$BQ$3:$BQ$62)^2)^0.5 -> 0 | Z67: =SUMPRODUCT(--(Z$3:Z$62-$BP$3:$BP$62)^2)^0.5 -> 0 | AA67: =SUMPRODUCT(--(AA$3:AA$62-$BQ$3:$BQ$62)^2)^0.5 -> 0 | AB67: =SUMPRODUCT(--(AB$3:AB$62-$BP$3:$BP$62)^2)^0.5 -> 0 | AC67: =SUMPRODUCT(--(AC$3:AC$62-$BQ$3:$BQ$62)^2)^0.5 -> 0 | AD67: =SUMPRODUCT(--(AD$3:AD$62-$BP$3:$BP$62)^2)^0.5 -> 0 | AE67: =SUMPRODUCT(--(AE$3:AE$62-$BQ$3:$BQ$62)^2)^0.5 -> 0 | AF67: =SUMPRODUCT(--(AF$3:AF$62-$BP$3:$BP$62)^2)^0.5 -> 0 | AG67: =SUMPRODUCT(--(AG$3:AG$62-$BQ$3:$BQ$62)^2)^0.5 -> 0 | AH67: =SUMPRODUCT(--(AH$3:AH$62-$BP$3:$BP$62)^2)^0.5 -> 0 | AI67: =SUMPRODUCT(--(AI$3:AI$62-$BQ$3:$BQ$62)^2)^0.5 -> 0 | AJ67: =SUMPRODUCT(--(AJ$3:AJ$62-$BP$3:$BP$62)^2)^0.5 -> 0 | AK67: =SUMPRODUCT(--(AK$3:AK$62-$BQ$3:$BQ$62)^2)^0.5 -> 0 | AL67: =SUMPRODUCT(--(AL$3:AL$62-$BP$3:$BP$62)^2)^0.5 -> 0 | AM67: =SUMPRODUCT(--(AM$3:AM$62-$BQ$3:$BQ$62)^2)^0.5 -> 0 | AN67: =SUMPRODUCT(--(AN$3:AN$62-$BP$3:$BP$62)^2)^0.5 -> 0 | AO67: =SUMPRODUCT(--(AO$3:AO$62-$BQ$3:$BQ$62)^2)^0.5 -> 0 | AP67: =SUMPRODUCT(--(AP$3:AP$62-$BP$3:$BP$62)^2)^0.5 -> 0 | AQ67: =SUMPRODUCT(--(AQ$3:AQ$62-$BQ$3:$BQ$62)^2)^0.5 -> 0 | AR67: =SUMPRODUCT(--(AR$3:AR$62-$BP$3:$BP$62)^2)^0.5 -> 0 | AS67: =SUMPRODUCT(--(AS$3:AS$62-$BQ$3:$BQ$62)^2)^0.5 -> 0 | AT67: =SUMPRODUCT(--(AT$3:AT$62-$BP$3:$BP$62)^2)^0.5 -> 0 | AU67: =SUMPRODUCT(--(AU$3:AU$62-$BQ$3:$BQ$62)^2)^0.5 -> 0 | AV67: =SUMPRODUCT(--(AV$3:AV$62-$BP$3:$BP$62)^2)^0.5 -> 0 | AW67: =SUMPRODUCT(--(AW$3:AW$62-$BQ$3:$BQ$62)^2)^0.5 -> 0 | AX67: =SUMPRODUCT(--(AX$3:AX$62-$BP$3:$BP$62)^2)^0.5 -> 0 | AY67: =SUMPRODUCT(--(AY$3:AY$62-$BQ$3:$BQ$62)^2)^0.5 -> 0 | AZ67: =SUMPRODUCT(--(AZ$3:AZ$62-$BP$3:$BP$62)^2)^0.5 -> 0 | BA67: =SUMPRODUCT(--(BA$3:BA$62-$BQ$3:$BQ$62)^2)^0.5 -> 0 | BB67: =SUMPRODUCT(--(BB$3:BB$62-$BP$3:$BP$62)^2)^0.5 -> 0 | BC67: =SUMPRODUCT(--(BC$3:BC$62-$BQ$3:$BQ$62)^2)^0.5 -> 0 | BD67: =SUMPRODUCT(--(BD$3:BD$62-$BP$3:$BP$62)^2)^0.5 -> 0 | BE67: =SUMPRODUCT(--(BE$3:BE$62-$BQ$3:$BQ$62)^2)^0.5 -> 0 | BF67: =SUMPRODUCT(--(BF$3:BF$62-$BP$3:$BP$62)^2)^0.5 -> 0 | BG67: =SUMPRODUCT(--(BG$3:BG$62-$BQ$3:$BQ$62)^2)^0.5 -> 0 | BH67: =SUMPRODUCT(--(BH$3:BH$62-$BP$3:$BP$62)^2)^0.5 -> 0 | BI67: =SUMPRODUCT(--(BI$3:BI$62-$BQ$3:$BQ$62)^2)^0.5 -> 0 | BJ67: =SUMPRODUCT(--(BJ$3:BJ$62-$BP$3:$BP$62)^2)^0.5 -> 0 | BK67: =SUMPRODUCT(--(BK$3:BK$62-$BQ$3:$BQ$62)^2)^0.5 -> 0 | BL67: =SUMPRODUCT(--(BL$3:BL$62-$BP$3:$BP$62)^2)^0.5 -> 0 | BM67: =SUMPRODUCT(--(BM$3:BM$62-$BQ$3:$BQ$62)^2)^0.5 -> 0 | BN67: =SUMPRODUCT(--(BN$3:BN$62-$BP$3:$BP$62)^2)^0.5 -> 0 | BO67: =SUMPRODUCT(--(BO$3:BO$62-$BQ$3:$BQ$62)^2)^0.5 -> 0
A68: BEST | B68: =SUMPRODUCT(NOT(ISBLANK(B$3:B$62))*(B$3:B$62=$BP$3:$BP$62)) -> 0 | C68: =SUMPRODUCT(NOT(ISBLANK(C$3:C$62))*(C$3:C$62=$BQ$3:$BQ$62)) -> 0 | D68: =SUMPRODUCT(NOT(ISBLANK(D$3:D$62))*(D$3:D$62=$BP$3:$BP$62)) -> 0 | E68: =SUMPRODUCT(NOT(ISBLANK(E$3:E$62))*(E$3:E$62=$BQ$3:$BQ$62)) -> 0 | F68: =SUMPRODUCT(NOT(ISBLANK(F$3:F$62))*(F$3:F$62=$BP$3:$BP$62)) -> 0 | G68: =SUMPRODUCT(NOT(ISBLANK(G$3:G$62))*(G$3:G$62=$BQ$3:$BQ$62)) -> 0 | H68: =SUMPRODUCT(NOT(ISBLANK(H$3:H$62))*(H$3:H$62=$BP$3:$BP$62)) -> 0 | I68: =SUMPRODUCT(NOT(ISBLANK(I$3:I$62))*(I$3:I$62=$BQ$3:$BQ$62)) -> 0 | J68: =SUMPRODUCT(NOT(ISBLANK(J$3:J$62))*(J$3:J$62=$BP$3:$BP$62)) -> 0 | K68: =SUMPRODUCT(NOT(ISBLANK(K$3:K$62))*(K$3:K$62=$BQ$3:$BQ$62)) -> 0 | L68: =SUMPRODUCT(NOT(ISBLANK(L$3:L$62))*(L$3:L$62=$BP$3:$BP$62)) -> 0 | M68: =SUMPRODUCT(NOT(ISBLANK(M$3:M$62))*(M$3:M$62=$BQ$3:$BQ$62)) -> 0 | N68: =SUMPRODUCT(NOT(ISBLANK(N$3:N$62))*(N$3:N$62=$BP$3:$BP$62)) -> 0 | O68: =SUMPRODUCT(NOT(ISBLANK(O$3:O$62))*(O$3:O$62=$BQ$3:$BQ$62)) -> 0 | P68: =SUMPRODUCT(NOT(ISBLANK(P$3:P$62))*(P$3:P$62=$BP$3:$BP$62)) -> 0 | Q68: =SUMPRODUCT(NOT(ISBLANK(Q$3:Q$62))*(Q$3:Q$62=$BQ$3:$BQ$62)) -> 0 | R68: =SUMPRODUCT(NOT(ISBLANK(R$3:R$62))*(R$3:R$62=$BP$3:$BP$62)) -> 0 | S68: =SUMPRODUCT(NOT(ISBLANK(S$3:S$62))*(S$3:S$62=$BQ$3:$BQ$62)) -> 0 | T68: =SUMPRODUCT(NOT(ISBLANK(T$3:T$62))*(T$3:T$62=$BP$3:$BP$62)) -> 0 | U68: =SUMPRODUCT(NOT(ISBLANK(U$3:U$62))*(U$3:U$62=$BQ$3:$BQ$62)) -> 0 | V68: =SUMPRODUCT(NOT(ISBLANK(V$3:V$62))*(V$3:V$62=$BP$3:$BP$62)) -> 0 | W68: =SUMPRODUCT(NOT(ISBLANK(W$3:W$62))*(W$3:W$62=$BQ$3:$BQ$62)) -> 0 | X68: =SUMPRODUCT(NOT(ISBLANK(X$3:X$62))*(X$3:X$62=$BP$3:$BP$62)) -> 0 | Y68: =SUMPRODUCT(NOT(ISBLANK(Y$3:Y$62))*(Y$3:Y$62=$BQ$3:$BQ$62)) -> 0 | Z68: =SUMPRODUCT(NOT(ISBLANK(Z$3:Z$62))*(Z$3:Z$62=$BP$3:$BP$62)) -> 0 | AA68: =SUMPRODUCT(NOT(ISBLANK(AA$3:AA$62))*(AA$3:AA$62=$BQ$3:$BQ$62)) -> 0 | AB68: =SUMPRODUCT(NOT(ISBLANK(AB$3:AB$62))*(AB$3:AB$62=$BP$3:$BP$62)) -> 0 | AC68: =SUMPRODUCT(NOT(ISBLANK(AC$3:AC$62))*(AC$3:AC$62=$BQ$3:$BQ$62)) -> 0 | AD68: =SUMPRODUCT(NOT(ISBLANK(AD$3:AD$62))*(AD$3:AD$62=$BP$3:$BP$62)) -> 0 | AE68: =SUMPRODUCT(NOT(ISBLANK(AE$3:AE$62))*(AE$3:AE$62=$BQ$3:$BQ$62)) -> 0 | AF68: =SUMPRODUCT(NOT(ISBLANK(AF$3:AF$62))*(AF$3:AF$62=$BP$3:$BP$62)) -> 0 | AG68: =SUMPRODUCT(NOT(ISBLANK(AG$3:AG$62))*(AG$3:AG$62=$BQ$3:$BQ$62)) -> 0 | AH68: =SUMPRODUCT(NOT(ISBLANK(AH$3:AH$62))*(AH$3:AH$62=$BP$3:$BP$62)) -> 0 | AI68: =SUMPRODUCT(NOT(ISBLANK(AI$3:AI$62))*(AI$3:AI$62=$BQ$3:$BQ$62)) -> 0 | AJ68: =SUMPRODUCT(NOT(ISBLANK(AJ$3:AJ$62))*(AJ$3:AJ$62=$BP$3:$BP$62)) -> 0 | AK68: =SUMPRODUCT(NOT(ISBLANK(AK$3:AK$62))*(AK$3:AK$62=$BQ$3:$BQ$62)) -> 0 | AL68: =SUMPRODUCT(NOT(ISBLANK(AL$3:AL$62))*(AL$3:AL$62=$BP$3:$BP$62)) -> 0 | AM68: =SUMPRODUCT(NOT(ISBLANK(AM$3:AM$62))*(AM$3:AM$62=$BQ$3:$BQ$62)) -> 0 | AN68: =SUMPRODUCT(NOT(ISBLANK(AN$3:AN$62))*(AN$3:AN$62=$BP$3:$BP$62)) -> 0 | AO68: =SUMPRODUCT(NOT(ISBLANK(AO$3:AO$62))*(AO$3:AO$62=$BQ$3:$BQ$62)) -> 0 | AP68: =SUMPRODUCT(NOT(ISBLANK(AP$3:AP$62))*(AP$3:AP$62=$BP$3:$BP$62)) -> 0 | AQ68: =SUMPRODUCT(NOT(ISBLANK(AQ$3:AQ$62))*(AQ$3:AQ$62=$BQ$3:$BQ$62)) -> 0 | AR68: =SUMPRODUCT(NOT(ISBLANK(AR$3:AR$62))*(AR$3:AR$62=$BP$3:$BP$62)) -> 0 | AS68: =SUMPRODUCT(NOT(ISBLANK(AS$3:AS$62))*(AS$3:AS$62=$BQ$3:$BQ$62)) -> 0 | AT68: =SUMPRODUCT(NOT(ISBLANK(AT$3:AT$62))*(AT$3:AT$62=$BP$3:$BP$62)) -> 0 | AU68: =SUMPRODUCT(NOT(ISBLANK(AU$3:AU$62))*(AU$3:AU$62=$BQ$3:$BQ$62)) -> 0 | AV68: =SUMPRODUCT(NOT(ISBLANK(AV$3:AV$62))*(AV$3:AV$62=$BP$3:$BP$62)) -> 0 | AW68: =SUMPRODUCT(NOT(ISBLANK(AW$3:AW$62))*(AW$3:AW$62=$BQ$3:$BQ$62)) -> 0 | AX68: =SUMPRODUCT(NOT(ISBLANK(AX$3:AX$62))*(AX$3:AX$62=$BP$3:$BP$62)) -> 0 | AY68: =SUMPRODUCT(NOT(ISBLANK(AY$3:AY$62))*(AY$3:AY$62=$BQ$3:$BQ$62)) -> 0 | AZ68: =SUMPRODUCT(NOT(ISBLANK(AZ$3:AZ$62))*(AZ$3:AZ$62=$BP$3:$BP$62)) -> 0 | BA68: =SUMPRODUCT(NOT(ISBLANK(BA$3:BA$62))*(BA$3:BA$62=$BQ$3:$BQ$62)) -> 0 | BB68: =SUMPRODUCT(NOT(ISBLANK(BB$3:BB$62))*(BB$3:BB$62=$BP$3:$BP$62)) -> 0 | BC68: =SUMPRODUCT(NOT(ISBLANK(BC$3:BC$62))*(BC$3:BC$62=$BQ$3:$BQ$62)) -> 0 | BD68: =SUMPRODUCT(NOT(ISBLANK(BD$3:BD$62))*(BD$3:BD$62=$BP$3:$BP$62)) -> 0 | BE68: =SUMPRODUCT(NOT(ISBLANK(BE$3:BE$62))*(BE$3:BE$62=$BQ$3:$BQ$62)) -> 0 | BF68: =SUMPRODUCT(NOT(ISBLANK(BF$3:BF$62))*(BF$3:BF$62=$BP$3:$BP$62)) -> 0 | BG68: =SUMPRODUCT(NOT(ISBLANK(BG$3:BG$62))*(BG$3:BG$62=$BQ$3:$BQ$62)) -> 0 | BH68: =SUMPRODUCT(NOT(ISBLANK(BH$3:BH$62))*(BH$3:BH$62=$BP$3:$BP$62)) -> 0 | BI68: =SUMPRODUCT(NOT(ISBLANK(BI$3:BI$62))*(BI$3:BI$62=$BQ$3:$BQ$62)) -> 0 | BJ68: =SUMPRODUCT(NOT(ISBLANK(BJ$3:BJ$62))*(BJ$3:BJ$62=$BP$3:$BP$62)) -> 0 | BK68: =SUMPRODUCT(NOT(ISBLANK(BK$3:BK$62))*(BK$3:BK$62=$BQ$3:$BQ$62)) -> 0 | BL68: =SUMPRODUCT(NOT(ISBLANK(BL$3:BL$62))*(BL$3:BL$62=$BP$3:$BP$62)) -> 0 | BM68: =SUMPRODUCT(NOT(ISBLANK(BM$3:BM$62))*(BM$3:BM$62=$BQ$3:$BQ$62)) -> 0 | BN68: =SUMPRODUCT(NOT(ISBLANK(BN$3:BN$62))*(BN$3:BN$62=$BP$3:$BP$62)) -> 0 | BO68: =SUMPRODUCT(NOT(ISBLANK(BO$3:BO$62))*(BO$3:BO$62=$BQ$3:$BQ$62)) -> 0
A69: BETTER | B69: =SUMPRODUCT(NOT(ISBLANK(B$3:B$62))*(B$3:B$62<$BR$3:$BR$62)) -> 0 | C69: =SUMPRODUCT(NOT(ISBLANK(C$3:C$62))*(C$3:C$62<$BS$3:$BS$62)) -> 0 | D69: =SUMPRODUCT(NOT(ISBLANK(D$3:D$62))*(D$3:D$62<$BR$3:$BR$62)) -> 0 | E69: =SUMPRODUCT(NOT(ISBLANK(E$3:E$62))*(E$3:E$62<$BS$3:$BS$62)) -> 0 | F69: =SUMPRODUCT(NOT(ISBLANK(F$3:F$62))*(F$3:F$62<$BR$3:$BR$62)) -> 0 | G69: =SUMPRODUCT(NOT(ISBLANK(G$3:G$62))*(G$3:G$62<$BS$3:$BS$62)) -> 0 | H69: =SUMPRODUCT(NOT(ISBLANK(H$3:H$62))*(H$3:H$62<$BR$3:$BR$62)) -> 0 | I69: =SUMPRODUCT(NOT(ISBLANK(I$3:I$62))*(I$3:I$62<$BS$3:$BS$62)) -> 0 | J69: =SUMPRODUCT(NOT(ISBLANK(J$3:J$62))*(J$3:J$62<$BR$3:$BR$62)) -> 0 | K69: =SUMPRODUCT(NOT(ISBLANK(K$3:K$62))*(K$3:K$62<$BS$3:$BS$62)) -> 0 | L69: =SUMPRODUCT(NOT(ISBLANK(L$3:L$62))*(L$3:L$62<$BR$3:$BR$62)) -> 0 | M69: =SUMPRODUCT(NOT(ISBLANK(M$3:M$62))*(M$3:M$62<$BS$3:$BS$62)) -> 0 | N69: =SUMPRODUCT(NOT(ISBLANK(N$3:N$62))*(N$3:N$62<$BR$3:$BR$62)) -> 0 | O69: =SUMPRODUCT(NOT(ISBLANK(O$3:O$62))*(O$3:O$62<$BS$3:$BS$62)) -> 0 | P69: =SUMPRODUCT(NOT(ISBLANK(P$3:P$62))*(P$3:P$62<$BR$3:$BR$62)) -> 0 | Q69: =SUMPRODUCT(NOT(ISBLANK(Q$3:Q$62))*(Q$3:Q$62<$BS$3:$BS$62)) -> 0 | R69: =SUMPRODUCT(NOT(ISBLANK(R$3:R$62))*(R$3:R$62<$BR$3:$BR$62)) -> 0 | S69: =SUMPRODUCT(NOT(ISBLANK(S$3:S$62))*(S$3:S$62<$BS$3:$BS$62)) -> 0 | T69: =SUMPRODUCT(NOT(ISBLANK(T$3:T$62))*(T$3:T$62<$BR$3:$BR$62)) -> 0 | U69: =SUMPRODUCT(NOT(ISBLANK(U$3:U$62))*(U$3:U$62<$BS$3:$BS$62)) -> 0 | V69: =SUMPRODUCT(NOT(ISBLANK(V$3:V$62))*(V$3:V$62<$BR$3:$BR$62)) -> 0 | W69: =SUMPRODUCT(NOT(ISBLANK(W$3:W$62))*(W$3:W$62<$BS$3:$BS$62)) -> 0 | X69: =SUMPRODUCT(NOT(ISBLANK(X$3:X$62))*(X$3:X$62<$BR$3:$BR$62)) -> 0 | Y69: =SUMPRODUCT(NOT(ISBLANK(Y$3:Y$62))*(Y$3:Y$62<$BS$3:$BS$62)) -> 0 | Z69: =SUMPRODUCT(NOT(ISBLANK(Z$3:Z$62))*(Z$3:Z$62<$BR$3:$BR$62)) -> 0 | AA69: =SUMPRODUCT(NOT(ISBLANK(AA$3:AA$62))*(AA$3:AA$62<$BS$3:$BS$62)) -> 0 | AB69: =SUMPRODUCT(NOT(ISBLANK(AB$3:AB$62))*(AB$3:AB$62<$BR$3:$BR$62)) -> 0 | AC69: =SUMPRODUCT(NOT(ISBLANK(AC$3:AC$62))*(AC$3:AC$62<$BS$3:$BS$62)) -> 0 | AD69: =SUMPRODUCT(NOT(ISBLANK(AD$3:AD$62))*(AD$3:AD$62<$BR$3:$BR$62)) -> 0 | AE69: =SUMPRODUCT(NOT(ISBLANK(AE$3:AE$62))*(AE$3:AE$62<$BS$3:$BS$62)) -> 0 | AF69: =SUMPRODUCT(NOT(ISBLANK(AF$3:AF$62))*(AF$3:AF$62<$BR$3:$BR$62)) -> 0 | AG69: =SUMPRODUCT(NOT(ISBLANK(AG$3:AG$62))*(AG$3:AG$62<$BS$3:$BS$62)) -> 0 | AH69: =SUMPRODUCT(NOT(ISBLANK(AH$3:AH$62))*(AH$3:AH$62<$BR$3:$BR$62)) -> 0 | AI69: =SUMPRODUCT(NOT(ISBLANK(AI$3:AI$62))*(AI$3:AI$62<$BS$3:$BS$62)) -> 0 | AJ69: =SUMPRODUCT(NOT(ISBLANK(AJ$3:AJ$62))*(AJ$3:AJ$62<$BR$3:$BR$62)) -> 0 | AK69: =SUMPRODUCT(NOT(ISBLANK(AK$3:AK$62))*(AK$3:AK$62<$BS$3:$BS$62)) -> 0 | AL69: =SUMPRODUCT(NOT(ISBLANK(AL$3:AL$62))*(AL$3:AL$62<$BR$3:$BR$62)) -> 0 | AM69: =SUMPRODUCT(NOT(ISBLANK(AM$3:AM$62))*(AM$3:AM$62<$BS$3:$BS$62)) -> 0 | AN69: =SUMPRODUCT(NOT(ISBLANK(AN$3:AN$62))*(AN$3:AN$62<$BR$3:$BR$62)) -> 0 | AO69: =SUMPRODUCT(NOT(ISBLANK(AO$3:AO$62))*(AO$3:AO$62<$BS$3:$BS$62)) -> 0 | AP69: =SUMPRODUCT(NOT(ISBLANK(AP$3:AP$62))*(AP$3:AP$62<$BR$3:$BR$62)) -> 0 | AQ69: =SUMPRODUCT(NOT(ISBLANK(AQ$3:AQ$62))*(AQ$3:AQ$62<$BS$3:$BS$62)) -> 0 | AR69: =SUMPRODUCT(NOT(ISBLANK(AR$3:AR$62))*(AR$3:AR$62<$BR$3:$BR$62)) -> 0 | AS69: =SUMPRODUCT(NOT(ISBLANK(AS$3:AS$62))*(AS$3:AS$62<$BS$3:$BS$62)) -> 0 | AT69: =SUMPRODUCT(NOT(ISBLANK(AT$3:AT$62))*(AT$3:AT$62<$BR$3:$BR$62)) -> 0 | AU69: =SUMPRODUCT(NOT(ISBLANK(AU$3:AU$62))*(AU$3:AU$62<$BS$3:$BS$62)) -> 0 | AV69: =SUMPRODUCT(NOT(ISBLANK(AV$3:AV$62))*(AV$3:AV$62<$BR$3:$BR$62)) -> 0 | AW69: =SUMPRODUCT(NOT(ISBLANK(AW$3:AW$62))*(AW$3:AW$62<$BS$3:$BS$62)) -> 0 | AX69: =SUMPRODUCT(NOT(ISBLANK(AX$3:AX$62))*(AX$3:AX$62<$BR$3:$BR$62)) -> 0 | AY69: =SUMPRODUCT(NOT(ISBLANK(AY$3:AY$62))*(AY$3:AY$62<$BS$3:$BS$62)) -> 0 | AZ69: =SUMPRODUCT(NOT(ISBLANK(AZ$3:AZ$62))*(AZ$3:AZ$62<$BR$3:$BR$62)) -> 0 | BA69: =SUMPRODUCT(NOT(ISBLANK(BA$3:BA$62))*(BA$3:BA$62<$BS$3:$BS$62)) -> 0 | BB69: =SUMPRODUCT(NOT(ISBLANK(BB$3:BB$62))*(BB$3:BB$62<$BR$3:$BR$62)) -> 0 | BC69: =SUMPRODUCT(NOT(ISBLANK(BC$3:BC$62))*(BC$3:BC$62<$BS$3:$BS$62)) -> 0 | BD69: =SUMPRODUCT(NOT(ISBLANK(BD$3:BD$62))*(BD$3:BD$62<$BR$3:$BR$62)) -> 0 | BE69: =SUMPRODUCT(NOT(ISBLANK(BE$3:BE$62))*(BE$3:BE$62<$BS$3:$BS$62)) -> 0 | BF69: =SUMPRODUCT(NOT(ISBLANK(BF$3:BF$62))*(BF$3:BF$62<$BR$3:$BR$62)) -> 0 | BG69: =SUMPRODUCT(NOT(ISBLANK(BG$3:BG$62))*(BG$3:BG$62<$BS$3:$BS$62)) -> 0 | BH69: =SUMPRODUCT(NOT(ISBLANK(BH$3:BH$62))*(BH$3:BH$62<$BR$3:$BR$62)) -> 0 | BI69: =SUMPRODUCT(NOT(ISBLANK(BI$3:BI$62))*(BI$3:BI$62<$BS$3:$BS$62)) -> 0 | BJ69: =SUMPRODUCT(NOT(ISBLANK(BJ$3:BJ$62))*(BJ$3:BJ$62<$BR$3:$BR$62)) -> 0 | BK69: =SUMPRODUCT(NOT(ISBLANK(BK$3:BK$62))*(BK$3:BK$62<$BS$3:$BS$62)) -> 0 | BL69: =SUMPRODUCT(NOT(ISBLANK(BL$3:BL$62))*(BL$3:BL$62<$BR$3:$BR$62)) -> 0 | BM69: =SUMPRODUCT(NOT(ISBLANK(BM$3:BM$62))*(BM$3:BM$62<$BS$3:$BS$62)) -> 0 | BN69: =SUMPRODUCT(NOT(ISBLANK(BN$3:BN$62))*(BN$3:BN$62<$BR$3:$BR$62)) -> 0 | BO69: =SUMPRODUCT(NOT(ISBLANK(BO$3:BO$62))*(BO$3:BO$62<$BS$3:$BS$62)) -> 0
A70: WORSE | B70: =SUMPRODUCT((NOT(ISBLANK(B$3:B$62))*(B$3:B$62>$BR$3:$BR$62))+ISBLANK(B$3:B$62)) -> 0 | C70: =SUMPRODUCT((NOT(ISBLANK(C$3:C$62))*(C$3:C$62>$BS$3:$BS$62))+ISBLANK(C$3:C$62)) -> 0 | D70: =SUMPRODUCT((NOT(ISBLANK(D$3:D$62))*(D$3:D$62>$BR$3:$BR$62))+ISBLANK(D$3:D$62)) -> 0 | E70: =SUMPRODUCT((NOT(ISBLANK(E$3:E$62))*(E$3:E$62>$BS$3:$BS$62))+ISBLANK(E$3:E$62)) -> 0 | F70: =SUMPRODUCT((NOT(ISBLANK(F$3:F$62))*(F$3:F$62>$BR$3:$BR$62))+ISBLANK(F$3:F$62)) -> 0 | G70: =SUMPRODUCT((NOT(ISBLANK(G$3:G$62))*(G$3:G$62>$BS$3:$BS$62))+ISBLANK(G$3:G$62)) -> 0 | H70: =SUMPRODUCT((NOT(ISBLANK(H$3:H$62))*(H$3:H$62>$BR$3:$BR$62))+ISBLANK(H$3:H$62)) -> 0 | I70: =SUMPRODUCT((NOT(ISBLANK(I$3:I$62))*(I$3:I$62>$BS$3:$BS$62))+ISBLANK(I$3:I$62)) -> 0 | J70: =SUMPRODUCT((NOT(ISBLANK(J$3:J$62))*(J$3:J$62>$BR$3:$BR$62))+ISBLANK(J$3:J$62)) -> 0 | K70: =SUMPRODUCT((NOT(ISBLANK(K$3:K$62))*(K$3:K$62>$BS$3:$BS$62))+ISBLANK(K$3:K$62)) -> 0 | L70: =SUMPRODUCT((NOT(ISBLANK(L$3:L$62))*(L$3:L$62>$BR$3:$BR$62))+ISBLANK(L$3:L$62)) -> 0 | M70: =SUMPRODUCT((NOT(ISBLANK(M$3:M$62))*(M$3:M$62>$BS$3:$BS$62))+ISBLANK(M$3:M$62)) -> 0 | N70: =SUMPRODUCT((NOT(ISBLANK(N$3:N$62))*(N$3:N$62>$BR$3:$BR$62))+ISBLANK(N$3:N$62)) -> 0 | O70: =SUMPRODUCT((NOT(ISBLANK(O$3:O$62))*(O$3:O$62>$BS$3:$BS$62))+ISBLANK(O$3:O$62)) -> 0 | P70: =SUMPRODUCT((NOT(ISBLANK(P$3:P$62))*(P$3:P$62>$BR$3:$BR$62))+ISBLANK(P$3:P$62)) -> 0 | Q70: =SUMPRODUCT((NOT(ISBLANK(Q$3:Q$62))*(Q$3:Q$62>$BS$3:$BS$62))+ISBLANK(Q$3:Q$62)) -> 0 | R70: =SUMPRODUCT((NOT(ISBLANK(R$3:R$62))*(R$3:R$62>$BR$3:$BR$62))+ISBLANK(R$3:R$62)) -> 0 | S70: =SUMPRODUCT((NOT(ISBLANK(S$3:S$62))*(S$3:S$62>$BS$3:$BS$62))+ISBLANK(S$3:S$62)) -> 0 | T70: =SUMPRODUCT((NOT(ISBLANK(T$3:T$62))*(T$3:T$62>$BR$3:$BR$62))+ISBLANK(T$3:T$62)) -> 0 | U70: =SUMPRODUCT((NOT(ISBLANK(U$3:U$62))*(U$3:U$62>$BS$3:$BS$62))+ISBLANK(U$3:U$62)) -> 0 | V70: =SUMPRODUCT((NOT(ISBLANK(V$3:V$62))*(V$3:V$62>$BR$3:$BR$62))+ISBLANK(V$3:V$62)) -> 0 | W70: =SUMPRODUCT((NOT(ISBLANK(W$3:W$62))*(W$3:W$62>$BS$3:$BS$62))+ISBLANK(W$3:W$62)) -> 0 | X70: =SUMPRODUCT((NOT(ISBLANK(X$3:X$62))*(X$3:X$62>$BR$3:$BR$62))+ISBLANK(X$3:X$62)) -> 0 | Y70: =SUMPRODUCT((NOT(ISBLANK(Y$3:Y$62))*(Y$3:Y$62>$BS$3:$BS$62))+ISBLANK(Y$3:Y$62)) -> 0 | Z70: =SUMPRODUCT((NOT(ISBLANK(Z$3:Z$62))*(Z$3:Z$62>$BR$3:$BR$62))+ISBLANK(Z$3:Z$62)) -> 0 | AA70: =SUMPRODUCT((NOT(ISBLANK(AA$3:AA$62))*(AA$3:AA$62>$BS$3:$BS$62))+ISBLANK(AA$3:AA$62)) -> 0 | AB70: =SUMPRODUCT((NOT(ISBLANK(AB$3:AB$62))*(AB$3:AB$62>$BR$3:$BR$62))+ISBLANK(AB$3:AB$62)) -> 0 | AC70: =SUMPRODUCT((NOT(ISBLANK(AC$3:AC$62))*(AC$3:AC$62>$BS$3:$BS$62))+ISBLANK(AC$3:AC$62)) -> 0 | AD70: =SUMPRODUCT((NOT(ISBLANK(AD$3:AD$62))*(AD$3:AD$62>$BR$3:$BR$62))+ISBLANK(AD$3:AD$62)) -> 0 | AE70: =SUMPRODUCT((NOT(ISBLANK(AE$3:AE$62))*(AE$3:AE$62>$BS$3:$BS$62))+ISBLANK(AE$3:AE$62)) -> 0 | AF70: =SUMPRODUCT((NOT(ISBLANK(AF$3:AF$62))*(AF$3:AF$62>$BR$3:$BR$62))+ISBLANK(AF$3:AF$62)) -> 0 | AG70: =SUMPRODUCT((NOT(ISBLANK(AG$3:AG$62))*(AG$3:AG$62>$BS$3:$BS$62))+ISBLANK(AG$3:AG$62)) -> 0 | AH70: =SUMPRODUCT((NOT(ISBLANK(AH$3:AH$62))*(AH$3:AH$62>$BR$3:$BR$62))+ISBLANK(AH$3:AH$62)) -> 0 | AI70: =SUMPRODUCT((NOT(ISBLANK(AI$3:AI$62))*(AI$3:AI$62>$BS$3:$BS$62))+ISBLANK(AI$3:AI$62)) -> 0 | AJ70: =SUMPRODUCT((NOT(ISBLANK(AJ$3:AJ$62))*(AJ$3:AJ$62>$BR$3:$BR$62))+ISBLANK(AJ$3:AJ$62)) -> 0 | AK70: =SUMPRODUCT((NOT(ISBLANK(AK$3:AK$62))*(AK$3:AK$62>$BS$3:$BS$62))+ISBLANK(AK$3:AK$62)) -> 0 | AL70: =SUMPRODUCT((NOT(ISBLANK(AL$3:AL$62))*(AL$3:AL$62>$BR$3:$BR$62))+ISBLANK(AL$3:AL$62)) -> 0 | AM70: =SUMPRODUCT((NOT(ISBLANK(AM$3:AM$62))*(AM$3:AM$62>$BS$3:$BS$62))+ISBLANK(AM$3:AM$62)) -> 0 | AN70: =SUMPRODUCT((NOT(ISBLANK(AN$3:AN$62))*(AN$3:AN$62>$BR$3:$BR$62))+ISBLANK(AN$3:AN$62)) -> 0 | AO70: =SUMPRODUCT((NOT(ISBLANK(AO$3:AO$62))*(AO$3:AO$62>$BS$3:$BS$62))+ISBLANK(AO$3:AO$62)) -> 0 | AP70: =SUMPRODUCT((NOT(ISBLANK(AP$3:AP$62))*(AP$3:AP$62>$BR$3:$BR$62))+ISBLANK(AP$3:AP$62)) -> 0 | AQ70: =SUMPRODUCT((NOT(ISBLANK(AQ$3:AQ$62))*(AQ$3:AQ$62>$BS$3:$BS$62))+ISBLANK(AQ$3:AQ$62)) -> 0 | AR70: =SUMPRODUCT((NOT(ISBLANK(AR$3:AR$62))*(AR$3:AR$62>$BR$3:$BR$62))+ISBLANK(AR$3:AR$62)) -> 0 | AS70: =SUMPRODUCT((NOT(ISBLANK(AS$3:AS$62))*(AS$3:AS$62>$BS$3:$BS$62))+ISBLANK(AS$3:AS$62)) -> 0 | AT70: =SUMPRODUCT((NOT(ISBLANK(AT$3:AT$62))*(AT$3:AT$62>$BR$3:$BR$62))+ISBLANK(AT$3:AT$62)) -> 0 | AU70: =SUMPRODUCT((NOT(ISBLANK(AU$3:AU$62))*(AU$3:AU$62>$BS$3:$BS$62))+ISBLANK(AU$3:AU$62)) -> 0 | AV70: =SUMPRODUCT((NOT(ISBLANK(AV$3:AV$62))*(AV$3:AV$62>$BR$3:$BR$62))+ISBLANK(AV$3:AV$62)) -> 0 | AW70: =SUMPRODUCT((NOT(ISBLANK(AW$3:AW$62))*(AW$3:AW$62>$BS$3:$BS$62))+ISBLANK(AW$3:AW$62)) -> 0 | AX70: =SUMPRODUCT((NOT(ISBLANK(AX$3:AX$62))*(AX$3:AX$62>$BR$3:$BR$62))+ISBLANK(AX$3:AX$62)) -> 0 | AY70: =SUMPRODUCT((NOT(ISBLANK(AY$3:AY$62))*(AY$3:AY$62>$BS$3:$BS$62))+ISBLANK(AY$3:AY$62)) -> 0 | AZ70: =SUMPRODUCT((NOT(ISBLANK(AZ$3:AZ$62))*(AZ$3:AZ$62>$BR$3:$BR$62))+ISBLANK(AZ$3:AZ$62)) -> 0 | BA70: =SUMPRODUCT((NOT(ISBLANK(BA$3:BA$62))*(BA$3:BA$62>$BS$3:$BS$62))+ISBLANK(BA$3:BA$62)) -> 0 | BB70: =SUMPRODUCT((NOT(ISBLANK(BB$3:BB$62))*(BB$3:BB$62>$BR$3:$BR$62))+ISBLANK(BB$3:BB$62)) -> 0 | BC70: =SUMPRODUCT((NOT(ISBLANK(BC$3:BC$62))*(BC$3:BC$62>$BS$3:$BS$62))+ISBLANK(BC$3:BC$62)) -> 0 | BD70: =SUMPRODUCT((NOT(ISBLANK(BD$3:BD$62))*(BD$3:BD$62>$BR$3:$BR$62))+ISBLANK(BD$3:BD$62)) -> 0 | BE70: =SUMPRODUCT((NOT(ISBLANK(BE$3:BE$62))*(BE$3:BE$62>$BS$3:$BS$62))+ISBLANK(BE$3:BE$62)) -> 0 | BF70: =SUMPRODUCT((NOT(ISBLANK(BF$3:BF$62))*(BF$3:BF$62>$BR$3:$BR$62))+ISBLANK(BF$3:BF$62)) -> 0 | BG70: =SUMPRODUCT((NOT(ISBLANK(BG$3:BG$62))*(BG$3:BG$62>$BS$3:$BS$62))+ISBLANK(BG$3:BG$62)) -> 0 | BH70: =SUMPRODUCT((NOT(ISBLANK(BH$3:BH$62))*(BH$3:BH$62>$BR$3:$BR$62))+ISBLANK(BH$3:BH$62)) -> 0 | BI70: =SUMPRODUCT((NOT(ISBLANK(BI$3:BI$62))*(BI$3:BI$62>$BS$3:$BS$62))+ISBLANK(BI$3:BI$62)) -> 0 | BJ70: =SUMPRODUCT((NOT(ISBLANK(BJ$3:BJ$62))*(BJ$3:BJ$62>$BR$3:$BR$62))+ISBLANK(BJ$3:BJ$62)) -> 0 | BK70: =SUMPRODUCT((NOT(ISBLANK(BK$3:BK$62))*(BK$3:BK$62>$BS$3:$BS$62))+ISBLANK(BK$3:BK$62)) -> 0 | BL70: =SUMPRODUCT((NOT(ISBLANK(BL$3:BL$62))*(BL$3:BL$62>$BR$3:$BR$62))+ISBLANK(BL$3:BL$62)) -> 0 | BM70: =SUMPRODUCT((NOT(ISBLANK(BM$3:BM$62))*(BM$3:BM$62>$BS$3:$BS$62))+ISBLANK(BM$3:BM$62)) -> 0 | BN70: =SUMPRODUCT((NOT(ISBLANK(BN$3:BN$62))*(BN$3:BN$62>$BR$3:$BR$62))+ISBLANK(BN$3:BN$62)) -> 0 | BO70: =SUMPRODUCT((NOT(ISBLANK(BO$3:BO$62))*(BO$3:BO$62>$BS$3:$BS$62))+ISBLANK(BO$3:BO$62)) -> 0
A71: WORST | B71: =SUMPRODUCT((NOT(ISBLANK(B$3:B$62))*(B$3:B$62=$BT$3:$BT$62))+ISBLANK(B$3:B$62)) -> 0 | C71: =SUMPRODUCT((NOT(ISBLANK(C$3:C$62))*(C$3:C$62=$BU$3:$BU$62))+ISBLANK(C$3:C$62)) -> 0 | D71: =SUMPRODUCT((NOT(ISBLANK(D$3:D$62))*(D$3:D$62=$BT$3:$BT$62))+ISBLANK(D$3:D$62)) -> 0 | E71: =SUMPRODUCT((NOT(ISBLANK(E$3:E$62))*(E$3:E$62=$BU$3:$BU$62))+ISBLANK(E$3:E$62)) -> 0 | F71: =SUMPRODUCT((NOT(ISBLANK(F$3:F$62))*(F$3:F$62=$BT$3:$BT$62))+ISBLANK(F$3:F$62)) -> 0 | G71: =SUMPRODUCT((NOT(ISBLANK(G$3:G$62))*(G$3:G$62=$BU$3:$BU$62))+ISBLANK(G$3:G$62)) -> 0 | H71: =SUMPRODUCT((NOT(ISBLANK(H$3:H$62))*(H$3:H$62=$BT$3:$BT$62))+ISBLANK(H$3:H$62)) -> 0 | I71: =SUMPRODUCT((NOT(ISBLANK(I$3:I$62))*(I$3:I$62=$BU$3:$BU$62))+ISBLANK(I$3:I$62)) -> 0 | J71: =SUMPRODUCT((NOT(ISBLANK(J$3:J$62))*(J$3:J$62=$BT$3:$BT$62))+ISBLANK(J$3:J$62)) -> 0 | K71: =SUMPRODUCT((NOT(ISBLANK(K$3:K$62))*(K$3:K$62=$BU$3:$BU$62))+ISBLANK(K$3:K$62)) -> 0 | L71: =SUMPRODUCT((NOT(ISBLANK(L$3:L$62))*(L$3:L$62=$BT$3:$BT$62))+ISBLANK(L$3:L$62)) -> 0 | M71: =SUMPRODUCT((NOT(ISBLANK(M$3:M$62))*(M$3:M$62=$BU$3:$BU$62))+ISBLANK(M$3:M$62)) -> 0 | N71: =SUMPRODUCT((NOT(ISBLANK(N$3:N$62))*(N$3:N$62=$BT$3:$BT$62))+ISBLANK(N$3:N$62)) -> 0 | O71: =SUMPRODUCT((NOT(ISBLANK(O$3:O$62))*(O$3:O$62=$BU$3:$BU$62))+ISBLANK(O$3:O$62)) -> 0 | P71: =SUMPRODUCT((NOT(ISBLANK(P$3:P$62))*(P$3:P$62=$BT$3:$BT$62))+ISBLANK(P$3:P$62)) -> 0 | Q71: =SUMPRODUCT((NOT(ISBLANK(Q$3:Q$62))*(Q$3:Q$62=$BU$3:$BU$62))+ISBLANK(Q$3:Q$62)) -> 0 | R71: =SUMPRODUCT((NOT(ISBLANK(R$3:R$62))*(R$3:R$62=$BT$3:$BT$62))+ISBLANK(R$3:R$62)) -> 0 | S71: =SUMPRODUCT((NOT(ISBLANK(S$3:S$62))*(S$3:S$62=$BU$3:$BU$62))+ISBLANK(S$3:S$62)) -> 0 | T71: =SUMPRODUCT((NOT(ISBLANK(T$3:T$62))*(T$3:T$62=$BT$3:$BT$62))+ISBLANK(T$3:T$62)) -> 0 | U71: =SUMPRODUCT((NOT(ISBLANK(U$3:U$62))*(U$3:U$62=$BU$3:$BU$62))+ISBLANK(U$3:U$62)) -> 0 | V71: =SUMPRODUCT((NOT(ISBLANK(V$3:V$62))*(V$3:V$62=$BT$3:$BT$62))+ISBLANK(V$3:V$62)) -> 0 | W71: =SUMPRODUCT((NOT(ISBLANK(W$3:W$62))*(W$3:W$62=$BU$3:$BU$62))+ISBLANK(W$3:W$62)) -> 0 | X71: =SUMPRODUCT((NOT(ISBLANK(X$3:X$62))*(X$3:X$62=$BT$3:$BT$62))+ISBLANK(X$3:X$62)) -> 0 | Y71: =SUMPRODUCT((NOT(ISBLANK(Y$3:Y$62))*(Y$3:Y$62=$BU$3:$BU$62))+ISBLANK(Y$3:Y$62)) -> 0 | Z71: =SUMPRODUCT((NOT(ISBLANK(Z$3:Z$62))*(Z$3:Z$62=$BT$3:$BT$62))+ISBLANK(Z$3:Z$62)) -> 0 | AA71: =SUMPRODUCT((NOT(ISBLANK(AA$3:AA$62))*(AA$3:AA$62=$BU$3:$BU$62))+ISBLANK(AA$3:AA$62)) -> 0 | AB71: =SUMPRODUCT((NOT(ISBLANK(AB$3:AB$62))*(AB$3:AB$62=$BT$3:$BT$62))+ISBLANK(AB$3:AB$62)) -> 0 | AC71: =SUMPRODUCT((NOT(ISBLANK(AC$3:AC$62))*(AC$3:AC$62=$BU$3:$BU$62))+ISBLANK(AC$3:AC$62)) -> 0 | AD71: =SUMPRODUCT((NOT(ISBLANK(AD$3:AD$62))*(AD$3:AD$62=$BT$3:$BT$62))+ISBLANK(AD$3:AD$62)) -> 0 | AE71: =SUMPRODUCT((NOT(ISBLANK(AE$3:AE$62))*(AE$3:AE$62=$BU$3:$BU$62))+ISBLANK(AE$3:AE$62)) -> 0 | AF71: =SUMPRODUCT((NOT(ISBLANK(AF$3:AF$62))*(AF$3:AF$62=$BT$3:$BT$62))+ISBLANK(AF$3:AF$62)) -> 0 | AG71: =SUMPRODUCT((NOT(ISBLANK(AG$3:AG$62))*(AG$3:AG$62=$BU$3:$BU$62))+ISBLANK(AG$3:AG$62)) -> 0 | AH71: =SUMPRODUCT((NOT(ISBLANK(AH$3:AH$62))*(AH$3:AH$62=$BT$3:$BT$62))+ISBLANK(AH$3:AH$62)) -> 0 | AI71: =SUMPRODUCT((NOT(ISBLANK(AI$3:AI$62))*(AI$3:AI$62=$BU$3:$BU$62))+ISBLANK(AI$3:AI$62)) -> 0 | AJ71: =SUMPRODUCT((NOT(ISBLANK(AJ$3:AJ$62))*(AJ$3:AJ$62=$BT$3:$BT$62))+ISBLANK(AJ$3:AJ$62)) -> 0 | AK71: =SUMPRODUCT((NOT(ISBLANK(AK$3:AK$62))*(AK$3:AK$62=$BU$3:$BU$62))+ISBLANK(AK$3:AK$62)) -> 0 | AL71: =SUMPRODUCT((NOT(ISBLANK(AL$3:AL$62))*(AL$3:AL$62=$BT$3:$BT$62))+ISBLANK(AL$3:AL$62)) -> 0 | AM71: =SUMPRODUCT((NOT(ISBLANK(AM$3:AM$62))*(AM$3:AM$62=$BU$3:$BU$62))+ISBLANK(AM$3:AM$62)) -> 0 | AN71: =SUMPRODUCT((NOT(ISBLANK(AN$3:AN$62))*(AN$3:AN$62=$BT$3:$BT$62))+ISBLANK(AN$3:AN$62)) -> 0 | AO71: =SUMPRODUCT((NOT(ISBLANK(AO$3:AO$62))*(AO$3:AO$62=$BU$3:$BU$62))+ISBLANK(AO$3:AO$62)) -> 0 | AP71: =SUMPRODUCT((NOT(ISBLANK(AP$3:AP$62))*(AP$3:AP$62=$BT$3:$BT$62))+ISBLANK(AP$3:AP$62)) -> 0 | AQ71: =SUMPRODUCT((NOT(ISBLANK(AQ$3:AQ$62))*(AQ$3:AQ$62=$BU$3:$BU$62))+ISBLANK(AQ$3:AQ$62)) -> 0 | AR71: =SUMPRODUCT((NOT(ISBLANK(AR$3:AR$62))*(AR$3:AR$62=$BT$3:$BT$62))+ISBLANK(AR$3:AR$62)) -> 0 | AS71: =SUMPRODUCT((NOT(ISBLANK(AS$3:AS$62))*(AS$3:AS$62=$BU$3:$BU$62))+ISBLANK(AS$3:AS$62)) -> 0 | AT71: =SUMPRODUCT((NOT(ISBLANK(AT$3:AT$62))*(AT$3:AT$62=$BT$3:$BT$62))+ISBLANK(AT$3:AT$62)) -> 0 | AU71: =SUMPRODUCT((NOT(ISBLANK(AU$3:AU$62))*(AU$3:AU$62=$BU$3:$BU$62))+ISBLANK(AU$3:AU$62)) -> 0 | AV71: =SUMPRODUCT((NOT(ISBLANK(AV$3:AV$62))*(AV$3:AV$62=$BT$3:$BT$62))+ISBLANK(AV$3:AV$62)) -> 0 | AW71: =SUMPRODUCT((NOT(ISBLANK(AW$3:AW$62))*(AW$3:AW$62=$BU$3:$BU$62))+ISBLANK(AW$3:AW$62)) -> 0 | AX71: =SUMPRODUCT((NOT(ISBLANK(AX$3:AX$62))*(AX$3:AX$62=$BT$3:$BT$62))+ISBLANK(AX$3:AX$62)) -> 0 | AY71: =SUMPRODUCT((NOT(ISBLANK(AY$3:AY$62))*(AY$3:AY$62=$BU$3:$BU$62))+ISBLANK(AY$3:AY$62)) -> 0 | AZ71: =SUMPRODUCT((NOT(ISBLANK(AZ$3:AZ$62))*(AZ$3:AZ$62=$BT$3:$BT$62))+ISBLANK(AZ$3:AZ$62)) -> 0 | BA71: =SUMPRODUCT((NOT(ISBLANK(BA$3:BA$62))*(BA$3:BA$62=$BU$3:$BU$62))+ISBLANK(BA$3:BA$62)) -> 0 | BB71: =SUMPRODUCT((NOT(ISBLANK(BB$3:BB$62))*(BB$3:BB$62=$BT$3:$BT$62))+ISBLANK(BB$3:BB$62)) -> 0 | BC71: =SUMPRODUCT((NOT(ISBLANK(BC$3:BC$62))*(BC$3:BC$62=$BU$3:$BU$62))+ISBLANK(BC$3:BC$62)) -> 0 | BD71: =SUMPRODUCT((NOT(ISBLANK(BD$3:BD$62))*(BD$3:BD$62=$BT$3:$BT$62))+ISBLANK(BD$3:BD$62)) -> 0 | BE71: =SUMPRODUCT((NOT(ISBLANK(BE$3:BE$62))*(BE$3:BE$62=$BU$3:$BU$62))+ISBLANK(BE$3:BE$62)) -> 0 | BF71: =SUMPRODUCT((NOT(ISBLANK(BF$3:BF$62))*(BF$3:BF$62=$BT$3:$BT$62))+ISBLANK(BF$3:BF$62)) -> 0 | BG71: =SUMPRODUCT((NOT(ISBLANK(BG$3:BG$62))*(BG$3:BG$62=$BU$3:$BU$62))+ISBLANK(BG$3:BG$62)) -> 0 | BH71: =SUMPRODUCT((NOT(ISBLANK(BH$3:BH$62))*(BH$3:BH$62=$BT$3:$BT$62))+ISBLANK(BH$3:BH$62)) -> 0 | BI71: =SUMPRODUCT((NOT(ISBLANK(BI$3:BI$62))*(BI$3:BI$62=$BU$3:$BU$62))+ISBLANK(BI$3:BI$62)) -> 0 | BJ71: =SUMPRODUCT((NOT(ISBLANK(BJ$3:BJ$62))*(BJ$3:BJ$62=$BT$3:$BT$62))+ISBLANK(BJ$3:BJ$62)) -> 0 | BK71: =SUMPRODUCT((NOT(ISBLANK(BK$3:BK$62))*(BK$3:BK$62=$BU$3:$BU$62))+ISBLANK(BK$3:BK$62)) -> 0 | BL71: =SUMPRODUCT((NOT(ISBLANK(BL$3:BL$62))*(BL$3:BL$62=$BT$3:$BT$62))+ISBLANK(BL$3:BL$62)) -> 0 | BM71: =SUMPRODUCT((NOT(ISBLANK(BM$3:BM$62))*(BM$3:BM$62=$BU$3:$BU$62))+ISBLANK(BM$3:BM$62)) -> 0 | BN71: =SUMPRODUCT((NOT(ISBLANK(BN$3:BN$62))*(BN$3:BN$62=$BT$3:$BT$62))+ISBLANK(BN$3:BN$62)) -> 0 | BO71: =SUMPRODUCT((NOT(ISBLANK(BO$3:BO$62))*(BO$3:BO$62=$BU$3:$BU$62))+ISBLANK(BO$3:BO$62)) -> 0

Sheet Merged Runs
A1: Merge criteria: | B1: coomsuite-1.1.2/incremental-exponential_clingo_1.25 | D1: coomsuite-1.1.2/incremental-exponential_clingo_1.33 | F1: coomsuite-1.1.2/incremental-exponential_clingo_1.5 | H1: coomsuite-1.1.2/incremental-exponential_clingo_1.66 | J1: coomsuite-1.1.2/incremental-exponential_clingo_1.75 | L1: coomsuite-1.1.2/incremental-exponential_clingo_2 | N1: coomsuite-1.1.2/incremental-exponential_clingo_2.25 | P1: coomsuite-1.1.2/incremental-exponential_clingo_2.33 | R1: coomsuite-1.1.2/incremental-exponential_clingo_2.5 | T1: coomsuite-1.1.2/incremental-exponential_clingo_2.66 | V1: coomsuite-1.1.2/incremental-exponential_clingo_2.75 | X1: coomsuite-1.1.2/incremental-exponential_flingo_1.25 | Z1: coomsuite-1.1.2/incremental-exponential_flingo_1.33 | AB1: coomsuite-1.1.2/incremental-exponential_flingo_1.5 | AD1: coomsuite-1.1.2/incremental-exponential_flingo_1.66 | AF1: coomsuite-1.1.2/incremental-exponential_flingo_1.75 | AH1: coomsuite-1.1.2/incremental-exponential_flingo_2 | AJ1: coomsuite-1.1.2/incremental-exponential_flingo_2.25 | AL1: coomsuite-1.1.2/incremental-exponential_flingo_2.33 | AN1: coomsuite-1.1.2/incremental-exponential_flingo_2.5 | AP1: coomsuite-1.1.2/incremental-exponential_flingo_2.66 | AR1: coomsuite-1.1.2/incremental-exponential_flingo_2.75 | AT1: coomsuite-1.1.2/multishot-exponential_1.25 | AV1: coomsuite-1.1.2/multishot-exponential_1.33 | AX1: coomsuite-1.1.2/multishot-exponential_1.5 | AZ1: coomsuite-1.1.2/multishot-exponential_1.66 | BB1: coomsuite-1.1.2/multishot-exponential_1.75 | BD1: coomsuite-1.1.2/multishot-exponential_2 | BF1: coomsuite-1.1.2/multishot-exponential_2.25 | BH1: coomsuite-1.1.2/multishot-exponential_2.33 | BJ1: coomsuite-1.1.2/multishot-exponential_2.5 | BL1: coomsuite-1.1.2/multishot-exponential_2.66 | BN1: coomsuite-1.1.2/multishot-exponential_2.75 | BP1: min | BR1: median | BT1: max
A2: median | B2: time | C2: timeout | D2: time | E2: timeout | F2: time | G2: timeout | H2: time | I2: timeout | J2: time | K2: timeout | L2: time | M2: timeout | N2: time | O2: timeout | P2: time | Q2: timeout | R2: time | S2: timeout | T2: time | U2: timeout | V2: time | W2: timeout | X2: time | Y2: timeout | Z2: time | AA2: timeout | AB2: time | AC2: timeout | AD2: time | AE2: timeout | AF2: time | AG2: timeout | AH2: time | AI2: timeout | AJ2: time | AK2: timeout | AL2: time | AM2: timeout | AN2: time | AO2: timeout | AP2: time | AQ2: timeout | AR2: time | AS2: timeout | AT2: time | AU2: timeout | AV2: time | AW2: timeout | AX2: time | AY2: timeout | AZ2: time | BA2: timeout | BB2: time | BC2: timeout | BD2: time | BE2: timeout | BF2: time | BG2: timeout | BH2: time | BI2: timeout | BJ2: time | BK2: timeout | BL2: time | BM2: timeout | BN2: time | BO2: timeout | BP2: time | BQ2: timeout | BR2: time | BS2: timeout | BT2: time | BU2: timeout
A3: ./restaurant-1000_user-input-2000 | B3: {=_xlfn.SWITCH($A$2,"average", AVERAGE(Instances!B3:Instances!B3),"median", MEDIAN(Instances!B3:Instances!B3),"min", MIN(Instances!B3:Instances!B3),"max", MAX(Instances!B3:Instances!B3),"diff", MAX(Instances!B3:Instances!B3)-MIN(Instances!B3:Instances!B3))} -> 0 | C3: {=_xlfn.SWITCH($A$2,"average", AVERAGE(Instances!C3:Instances!C3),"median", MEDIAN(Instances!C3:Instances!C3),"min", MIN(Instances!C3:Instances!C3),"max", MAX(Instances!C3:Instances!C3),"diff", MAX(Instances!C3:Instances!C3)-MIN(Instances!C3:Instances!C3))} -> 0 | D3: {=_xlfn.SWITCH($A$2,"average", AVERAGE(Instances!D3:Instances!D3),"median", MEDIAN(Instances!D3:Instances!D3),"min", MIN(Instances!D3:Instances!D3),"max", MAX(Instances!D3:Instances!D3),"diff", MAX(Instances!D3:Instances!D3)-MIN(Instances!D3:Instances!D3))} -> 0 | E3: {=_xlfn.SWITCH($A$2,"average", AVERAGE(Instances!E3:Instances!E3),"median", MEDIAN(Instances!E3:Instances!E3),"min", MIN(Instances!E3:Instances!E3),"max", MAX(Instances!E3:Instances!E3),"diff", MAX(Instances!E3:Instances!E3)-MIN(Instances!E3:Instances!E3))} -> 0 | F3: {=_xlfn.SWITCH($A$2,"average", AVERAGE(Instances!F3:Instances!F3),"median", MEDIAN(Instances!F3:Instances!F3),"min", MIN(Instances!F3:Instances!F3),"max", MAX(Instances!F3:Instances!F3),"diff", MAX(Instances!F3:Instances!F3)-MIN(Instances!F3:Instances!F3))} -> 0 | G3: {=_xlfn.SWITCH($A$2,"average", AVERAGE(Instances!G3:Instances!G3),"median", MEDIAN(Instances!G3:Instances!G3),"min", MIN(Instances!G3:Instances!G3),"max", MAX(Instances!G3:Instances!G3),"diff", MAX(Instances!G3:Instances!G3)-MIN(Instances!G3:Instances!G3))} -> 0 | H3: {=_xlfn.SWITCH($A$2,"average", AVERAGE(Instances!H3:Instances!H3),"median", MEDIAN(Instances!H3:Instances!H3),"min", MIN(Instances!H3:Instances!H3),"max", MAX(Instances!H3:Instances!H3),"diff", MAX(Instances!H3:Instances!H3)-MIN(Instances!H3:Instances!H3))} -> 0 | I3: {=_xlfn.SWITCH($A$2,"average", AVERAGE(Instances!I3:Instances!I3),"median", MEDIAN(Instances!I3:Instances!I3),"min", MIN(Instances!I3:Instances!I3),"max", MAX(Instances!I3:Instances!I3),"diff", MAX(Instances!I3:Instances!I3)-MIN(Instances!I3:Instances!I3))} -> 0 | ... BO3: {=_xlfn.SWITCH($A$2,"average", AVERAGE(Instances!BO3:Instances!BO3),"median", MEDIAN(Instances!BO3:Instances!BO3),"min", MIN(Instances!BO3:Instances!BO3),"max", MAX(Instances!BO3:Instances!BO3),"diff", MAX(Instances!BO3:Instances!BO3)-MIN(Instances!BO3:Instances!BO3))} -> 0 | BP3: =MIN($B3,$D3,$F3,$H3,$J3,$L3,$N3,$P3,$R3,$T3,$V3,$X3,$Z3,$AB3,$AD3,$AF3,$AH3,$AJ3,$AL3,$AN3,$AP3,$AR3,$AT3,$AV3,$AX3,$AZ3,$BB3,$BD3,$BF3,$BH3,$BJ3,$BL3,$BN3) -> 0 | BQ3: =MIN($C3,$E3,$G3,$I3,$K3,$M3,$O3,$Q3,$S3,$U3,$W3,$Y3,$AA3,$AC3,$AE3,$AG3,$AI3,$AK3,$AM3,$AO3,$AQ3,$AS3,$AU3,$AW3,$AY3,$BA3,$BC3,$BE3,$BG3,$BI3,$BK3,$BM3,$BO3) -> 0 | BR3: =MEDIAN($B3,$D3,$F3,$H3,$J3,$L3,$N3,$P3,$R3,$T3,$V3,$X3,$Z3,$AB3,$AD3,$AF3,$AH3,$AJ3,$AL3,$AN3,$AP3,$AR3,$AT3,$AV3,$AX3,$AZ3,$BB3,$BD3,$BF3,$BH3,$BJ3,$BL3,$BN3) -> 0 | BS3: =MEDIAN($C3,$E3,$G3,$I3,$K3,$M3,$O3,$Q3,$S3,$U3,$W3,$Y3,$AA3,$AC3,$AE3,$AG3,$AI3,$AK3,$AM3,$AO3,$AQ3,$AS3,$AU3,$AW3,$AY3,$BA3,$BC3,$BE3,$BG3,$BI3,$BK3,$BM3,$BO3) -> 0 | BT3: =MAX($B3,$D3,$F3,$H3,$J3,$L3,$N3,$P3,$R3,$T3,$V3,$X3,$Z3,$AB3,$AD3,$AF3,$AH3,$AJ3,$AL3,$AN3,$AP3,$AR3,$AT3,$AV3,$AX3,$AZ3,$BB3,$BD3,$BF3,$BH3,$BJ3,$BL3,$BN3) -> 0 | BU3: =MAX($C3,$E3,$G3,$I3,$K3,$M3,$O3,$Q3,$S3,$U3,$W3,$Y3,$AA3,$AC3,$AE3,$AG3,$AI3,$AK3,$AM3,$AO3,$AQ3,$AS3,$AU3,$AW3,$AY3,$BA3,$BC3,$BE3,$BG3,$BI3,$BK3,$BM3,$BO3) -> 0
A4: ./restaurant-1000_user-input-4000 | B4: {=_xlfn.SWITCH($A$2,"average", AVERAGE(Instances!B4:Instances!B4),"median", MEDIAN(Instances!B4:Instances!B4),"min", MIN(Instances!B4:Instances!B4),"max", MAX(Instances!B4:Instances!B4),"diff", MAX(Instances!B4:Instances!B4)-MIN(Instances!B4:Instances!B4))} -> 0 | C4: {=_xlfn.SWITCH($A$2,"average", AVERAGE(Instances!C4:Instances!C4),"median", MEDIAN(Instances!C4:Instances!C4),"min", MIN(Instances!C4:Instances!C4),"max", MAX(Instances!C4:Instances!C4),"diff", MAX(Instances!C4:Instances!C4)-MIN(Instances!C4:Instances!C4))} -> 0 | D4: {=_xlfn.SWITCH($A$2,"average", AVERAGE(Instances!D4:Instances!D4),"median", MEDIAN(Instances!D4:Instances!D4),"min", MIN(Instances!D4:Instances!D4),"max", MAX(Instances!D4:Instances!D4),"diff", MAX(Instances!D4:Instances!D4)-MIN(Instances!D4:Instances!D4))} -> 0 | E4: {=_xlfn.SWITCH($A$2,"average", AVERAGE(Instances!E4:Instances!E4),"median", MEDIAN(Instances!E4:Instances!E4),"min", MIN(Instances!E4:Instances!E4),"max", MAX(Instances!E4:Instances!E4),"diff", MAX(Instances!E4:Instances!E4)-MIN(Instances!E4:Instances!E4))} -> 0 | F4: {=_xlfn.SWITCH($A$2,"average", AVERAGE(Instances!F4:Instances!F4),"median", MEDIAN(Instances!F4:Instances!F4),"min", MIN(Instances!F4:Instances!F4),"max", MAX(Instances!F4:Instances!F4),"diff", MAX(Instances!F4:Instances!F4)-MIN(Instances!F4:Instances!F4))} -> 0 | G4: {=_xlfn.SWITCH($A$2,"average", AVERAGE(Instances!G4:Instances!G4),"median", MEDIAN(Instances!G4:Instances!G4),"min", MIN(Instances!G4:Instances!G4),"max", MAX(Instances!G4:Instances!G4),"diff", MAX(Instances!G4:Instances!G4)-MIN(Instances!G4:Instances!G4))} -> 0 | H4: {=_xlfn.SWITCH($A$2,"average", AVERAGE(Instances!H4:Instances!H4),"median", MEDIAN(Instances!H4:Instances!H4),"min", MIN(Instances!H4:Instances!H4),"max", MAX(Instances!H4:Instances!H4),"diff", MAX(Instances!H4:Instances!H4)-MIN(Instances!H4:Instances!H4))} -> 0 | I4: {=_xlfn.SWITCH($A$2,"average", AVERAGE(Instances!I4:Instances!I4),"median", MEDIAN(Instances!I4:Instances!I4),"min", MIN(Instances!I4:Instances!I4),"max", MAX(Instances!I4:Instances!I4),"diff", MAX(Instances!I4:Instances!I4)-MIN(Instances!I4:Instances!I4))} -> 0 | ... BO4: {=_xlfn.SWITCH($A$2,"average", AVERAGE(Instances!BO4:Instances!BO4),"median", MEDIAN(Instances!BO4:Instances!BO4),"min", MIN(Instances!BO4:Instances!BO4),"max", MAX(Instances!BO4:Instances!BO4),"diff", MAX(Instances!BO4:Instances!BO4)-MIN(Instances!BO4:Instances!BO4))} -> 0 | BP4: =MIN($B4,$D4,$F4,$H4,$J4,$L4,$N4,$P4,$R4,$T4,$V4,$X4,$Z4,$AB4,$AD4,$AF4,$AH4,$AJ4,$AL4,$AN4,$AP4,$AR4,$AT4,$AV4,$AX4,$AZ4,$BB4,$BD4,$BF4,$BH4,$BJ4,$BL4,$BN4) -> 0 | BQ4: =MIN($C4,$E4,$G4,$I4,$K4,$M4,$O4,$Q4,$S4,$U4,$W4,$Y4,$AA4,$AC4,$AE4,$AG4,$AI4,$AK4,$AM4,$AO4,$AQ4,$AS4,$AU4,$AW4,$AY4,$BA4,$BC4,$BE4,$BG4,$BI4,$BK4,$BM4,$BO4) -> 0 | BR4: =MEDIAN($B4,$D4,$F4,$H4,$J4,$L4,$N4,$P4,$R4,$T4,$V4,$X4,$Z4,$AB4,$AD4,$AF4,$AH4,$AJ4,$AL4,$AN4,$AP4,$AR4,$AT4,$AV4,$AX4,$AZ4,$BB4,$BD4,$BF4,$BH4,$BJ4,$BL4,$BN4) -> 0 | BS4: =MEDIAN($C4,$E4,$G4,$I4,$K4,$M4,$O4,$Q4,$S4,$U4,$W4,$Y4,$AA4,$AC4,$AE4,$AG4,$AI4,$AK4,$AM4,$AO4,$AQ4,$AS4,$AU4,$AW4,$AY4,$BA4,$BC4,$BE4,$BG4,$BI4,$BK4,$BM4,$BO4) -> 0 | BT4: =MAX($B4,$D4,$F4,$H4,$J4,$L4,$N4,$P4,$R4,$T4,$V4,$X4,$Z4,$AB4,$AD4,$AF4,$AH4,$AJ4,$AL4,$AN4,$AP4,$AR4,$AT4,$AV4,$AX4,$AZ4,$BB4,$BD4,$BF4,$BH4,$BJ4,$BL4,$BN4) -> 0 | BU4: =MAX($C4,$E4,$G4,$I4,$K4,$M4,$O4,$Q4,$S4,$U4,$W4,$Y4,$AA4,$AC4,$AE4,$AG4,$AI4,$AK4,$AM4,$AO4,$AQ4,$AS4,$AU4,$AW4,$AY4,$BA4,$BC4,$BE4,$BG4,$BI4,$BK4,$BM4,$BO4) -> 0
A5: ./restaurant-1000_user-input-6000 | B5: {=_xlfn.SWITCH($A$2,"average", AVERAGE(Instances!B5:Instances!B5),"median", MEDIAN(Instances!B5:Instances!B5),"min", MIN(Instances!B5:Instances!B5),"max", MAX(Instances!B5:Instances!B5),"diff", MAX(Instances!B5:Instances!B5)-MIN(Instances!B5:Instances!B5))} -> 0 | C5: {=_xlfn.SWITCH($A$2,"average", AVERAGE(Instances!C5:Instances!C5),"median", MEDIAN(Instances!C5:Instances!C5),"min", MIN(Instances!C5:Instances!C5),"max", MAX(Instances!C5:Instances!C5),"diff", MAX(Instances!C5:Instances!C5)-MIN(Instances!C5:Instances!C5))} -> 0 | D5: {=_xlfn.SWITCH($A$2,"average", AVERAGE(Instances!D5:Instances!D5),"median", MEDIAN(Instances!D5:Instances!D5),"min", MIN(Instances!D5:Instances!D5),"max", MAX(Instances!D5:Instances!D5),"diff", MAX(Instances!D5:Instances!D5)-MIN(Instances!D5:Instances!D5))} -> 0 | E5: {=_xlfn.SWITCH($A$2,"average", AVERAGE(Instances!E5:Instances!E5),"median", MEDIAN(Instances!E5:Instances!E5),"min", MIN(Instances!E5:Instances!E5),"max", MAX(Instances!E5:Instances!E5),"diff", MAX(Instances!E5:Instances!E5)-MIN(Instances!E5:Instances!E5))} -> 0 | F5: {=_xlfn.SWITCH($A$2,"average", AVERAGE(Instances!F5:Instances!F5),"median", MEDIAN(Instances!F5:Instances!F5),"min", MIN(Instances!F5:Instances!F5),"max", MAX(Instances!F5:Instances!F5),"diff", MAX(Instances!F5:Instances!F5)-MIN(Instances!F5:Instances!F5))} -> 0 | G5: {=_xlfn.SWITCH($A$2,"average", AVERAGE(Instances!G5:Instances!G5),"median", MEDIAN(Instances!G5:Instances!G5),"min", MIN(Instances!G5:Instances!G5),"max", MAX(Instances!G5:Instances!G5),"diff", MAX(Instances!G5:Instances!G5)-MIN(Instances!G5:Instances!G5))} -> 0 | H5: {=_xlfn.SWITCH($A$2,"average", AVERAGE(Instances!H5:Instances!H5),"median", MEDIAN(Instances!H5:Instances!H5),"min", MIN(Instances!H5:Instances!H5),"max", MAX(Instances!H5:Instances!H5),"diff", MAX(Instances!H5:Instances!H5)-MIN(Instances!H5:Instances!H5))} -> 0 | I5: {=_xlfn.SWITCH($A$2,"average", AVERAGE(Instances!I5:Instances!I5),"median", MEDIAN(Instances!I5:Instances!I5),"min", MIN(Instances!I5:Instances!I5),"max", MAX(Instances!I5:Instances!I5),"diff", MAX(Instances!I5:Instances!I5)-MIN(Instances!I5:Instances!I5))} -> 0 | ... BO5: {=_xlfn.SWITCH($A$2,"average", AVERAGE(Instances!BO5:Instances!BO5),"median", MEDIAN(Instances!BO5:Instances!BO5),"min", MIN(Instances!BO5:Instances!BO5),"max", MAX(Instances!BO5:Instances!BO5),"diff", MAX(Instances!BO5:Instances!BO5)-MIN(Instances!BO5:Instances!BO5))} -> 0 | BP5: =MIN($B5,$D5,$F5,$H5,$J5,$L5,$N5,$P5,$R5,$T5,$V5,$X5,$Z5,$AB5,$AD5,$AF5,$AH5,$AJ5,$AL5,$AN5,$AP5,$AR5,$AT5,$AV5,$AX5,$AZ5,$BB5,$BD5,$BF5,$BH5,$BJ5,$BL5,$BN5) -> 0 | BQ5: =MIN($C5,$E5,$G5,$I5,$K5,$M5,$O5,$Q5,$S5,$U5,$W5,$Y5,$AA5,$AC5,$AE5,$AG5,$AI5,$AK5,$AM5,$AO5,$AQ5,$AS5,$AU5,$AW5,$AY5,$BA5,$BC5,$BE5,$BG5,$BI5,$BK5,$BM5,$BO5) -> 0 | BR5: =MEDIAN($B5,$D5,$F5,$H5,$J5,$L5,$N5,$P5,$R5,$T5,$V5,$X5,$Z5,$AB5,$AD5,$AF5,$AH5,$AJ5,$AL5,$AN5,$AP5,$AR5,$AT5,$AV5,$AX5,$AZ5,$BB5,$BD5,$BF5,$BH5,$BJ5,$BL5,$BN5) -> 0 | BS5: =MEDIAN($C5,$E5,$G5,$I5,$K5,$M5,$O5,$Q5,$S5,$U5,$W5,$Y5,$AA5,$AC5,$AE5,$AG5,$AI5,$AK5,$AM5,$AO5,$AQ5,$AS5,$AU5,$AW5,$AY5,$BA5,$BC5,$BE5,$BG5,$BI5,$BK5,$BM5,$BO5) -> 0 | BT5: =MAX($B5,$D5,$F5,$H5,$J5,$L5,$N5,$P5,$R5,$T5,$V5,$X5,$Z5,$AB5,$AD5,$AF5,$AH5,$AJ5,$AL5,$AN5,$AP5,$AR5,$AT5,$AV5,$AX5,$AZ5,$BB5,$BD5,$BF5,$BH5,$BJ5,$BL5,$BN5) -> 0 | BU5: =MAX($C5,$E5,$G5,$I5,$K5,$M5,$O5,$Q5,$S5,$U5,$W5,$Y5,$AA5,$AC5,$AE5,$AG5,$AI5,$AK5,$AM5,$AO5,$AQ5,$AS5,$AU5,$AW5,$AY5,$BA5,$BC5,$BE5,$BG5,$BI5,$BK5,$BM5,$BO5) -> 0
A6: ./restaurant-100_user-input-200 | B6: {=_xlfn.SWITCH($A$2,"average", AVERAGE(Instances!B6:Instances!B6),"median", MEDIAN(Instances!B6:Instances!B6),"min", MIN(Instances!B6:Instances!B6),"max", MAX(Instances!B6:Instances!B6),"diff", MAX(Instances!B6:Instances!B6)-MIN(Instances!B6:Instances!B6))} -> 0 | C6: {=_xlfn.SWITCH($A$2,"average", AVERAGE(Instances!C6:Instances!C6),"median", MEDIAN(Instances!C6:Instances!C6),"min", MIN(Instances!C6:Instances!C6),"max", MAX(Instances!C6:Instances!C6),"diff", MAX(Instances!C6:Instances!C6)-MIN(Instances!C6:Instances!C6))} -> 0 | D6: {=_xlfn.SWITCH($A$2,"average", AVERAGE(Instances!D6:Instances!D6),"median", MEDIAN(Instances!D6:Instances!D6),"min", MIN(Instances!D6:Instances!D6),"max", MAX(Instances!D6:Instances!D6),"diff", MAX(Instances!D6:Instances!D6)-MIN(Instances!D6:Instances!D6))} -> 0 | E6: {=_xlfn.SWITCH($A$2,"average", AVERAGE(Instances!E6:Instances!E6),"median", MEDIAN(Instances!E6:Instances!E6),"min", MIN(Instances!E6:Instances!E6),"max", MAX(Instances!E6:Instances!E6),"diff", MAX(Instances!E6:Instances!E6)-MIN(Instances!E6:Instances!E6))} -> 0 | F6: {=_xlfn.SWITCH($A$2,"average", AVERAGE(Instances!F6:Instances!F6),"median", MEDIAN(Instances!F6:Instances!F6),"min", MIN(Instances!F6:Instances!F6),"max", MAX(Instances!F6:Instances!F6),"diff", MAX(Instances!F6:Instances!F6)-MIN(Instances!F6:Instances!F6))} -> 0 | G6: {=_xlfn.SWITCH($A$2,"average", AVERAGE(Instances!G6:Instances!G6),"median", MEDIAN(Instances!G6:Instances!G6),"min", MIN(Instances!G6:Instances!G6),"max", MAX(Instances!G6:Instances!G6),"diff", MAX(Instances!G6:Instances!G6)-MIN(Instances!G6:Instances!G6))} -> 0 | H6: {=_xlfn.SWITCH($A$2,"average", AVERAGE(Instances!H6:Instances!H6),"median", MEDIAN(Instances!H6:Instances!H6),"min", MIN(Instances!H6:Instances!H6),"max", MAX(Instances!H6:Instances!H6),"diff", MAX(Instances!H6:Instances!H6)-MIN(Instances!H6:Instances!H6))} -> 0 | I6: {=_xlfn.SWITCH($A$2,"average", AVERAGE(Instances!I6:Instances!I6),"median", MEDIAN(Instances!I6:Instances!I6),"min", MIN(Instances!I6:Instances!I6),"max", MAX(Instances!I6:Instances!I6),"diff", MAX(Instances!I6:Instances!I6)-MIN(Instances!I6:Instances!I6))} -> 0 | ... BO6: {=_xlfn.SWITCH($A$2,"average", AVERAGE(Instances!BO6:Instances!BO6),"median", MEDIAN(Instances!BO6:Instances!BO6),"min", MIN(Instances!BO6:Instances!BO6),"max", MAX(Instances!BO6:Instances!BO6),"diff", MAX(Instances!BO6:Instances!BO6)-MIN(Instances!BO6:Instances!BO6))} -> 0 | BP6: =MIN($B6,$D6,$F6,$H6,$J6,$L6,$N6,$P6,$R6,$T6,$V6,$X6,$Z6,$AB6,$AD6,$AF6,$AH6,$AJ6,$AL6,$AN6,$AP6,$AR6,$AT6,$AV6,$AX6,$AZ6,$BB6,$BD6,$BF6,$BH6,$BJ6,$BL6,$BN6) -> 0 | BQ6: =MIN($C6,$E6,$G6,$I6,$K6,$M6,$O6,$Q6,$S6,$U6,$W6,$Y6,$AA6,$AC6,$AE6,$AG6,$AI6,$AK6,$AM6,$AO6,$AQ6,$AS6,$AU6,$AW6,$AY6,$BA6,$BC6,$BE6,$BG6,$BI6,$BK6,$BM6,$BO6) -> 0 | BR6: =MEDIAN($B6,$D6,$F6,$H6,$J6,$L6,$N6,$P6,$R6,$T6,$V6,$X6,$Z6,$AB6,$AD6,$AF6,$AH6,$AJ6,$AL6,$AN6,$AP6,$AR6,$AT6,$AV6,$AX6,$AZ6,$BB6,$BD6,$BF6,$BH6,$BJ6,$BL6,$BN6) -> 0 | BS6: =MEDIAN($C6,$E6,$G6,$I6,$K6,$M6,$O6,$Q6,$S6,$U6,$W6,$Y6,$AA6,$AC6,$AE6,$AG6,$AI6,$AK6,$AM6,$AO6,$AQ6,$AS6,$AU6,$AW6,$AY6,$BA6,$BC6,$BE6,$BG6,$BI6,$BK6,$BM6,$BO6) -> 0 | BT6: =MAX($B6,$D6,$F6,$H6,$J6,$L6,$N6,$P6,$R6,$T6,$V6,$X6,$Z6,$AB6,$AD6,$AF6,$AH6,$AJ6,$AL6,$AN6,$AP6,$AR6,$AT6,$AV6,$AX6,$AZ6,$BB6,$BD6,$BF6,$BH6,$BJ6,$BL6,$BN6) -> 0 | BU6: =MAX($C6,$E6,$G6,$I6,$K6,$M6,$O6,$Q6,$S6,$U6,$W6,$Y6,$AA6,$AC6,$AE6,$AG6,$AI6,$AK6,$AM6,$AO6,$AQ6,$AS6,$AU6,$AW6,$AY6,$BA6,$BC6,$BE6,$BG6,$BI6,$BK6,$BM6,$BO6) -> 0
A7: ./restaurant-100_user-input-400 | B7: {=_xlfn.SWITCH($A$2,"average", AVERAGE(Instances!B7:Instances!B7),"median", MEDIAN(Instances!B7:Instances!B7),"min", MIN(Instances!B7:Instances!B7),"max", MAX(Instances!B7:Instances!B7),"diff", MAX(Instances!B7:Instances!B7)-MIN(Instances!B7:Instances!B7))} -> 0 | C7: {=_xlfn.SWITCH($A$2,"average", AVERAGE(Instances!C7:Instances!C7),"median", MEDIAN(Instances!C7:Instances!C7),"min", MIN(Instances!C7:Instances!C7),"max", MAX(Instances!C7:Instances!C7),"diff", MAX(Instances!C7:Instances!C7)-MIN(Instances!C7:Instances!C7))} -> 0 | D7: {=_xlfn.SWITCH($A$2,"average", AVERAGE(Instances!D7:Instances!D7),"median", MEDIAN(Instances!D7:Instances!D7),"min", MIN(Instances!D7:Instances!D7),"max", MAX(Instances!D7:Instances!D7),"diff", MAX(Instances!D7:Instances!D7)-MIN(Instances!D7:Instances!D7))} -> 0 | E7: {=_xlfn.SWITCH($A$2,"average", AVERAGE(Instances!E7:Instances!E7),"median", MEDIAN(Instances!E7:Instances!E7),"min", MIN(Instances!E7:Instances!E7),"max", MAX(Instances!E7:Instances!E7),"diff", MAX(Instances!E7:Instances!E7)-MIN(Instances!E7:Instances!E7))} -> 0 | F7: {=_xlfn.SWITCH($A$2,"average", AVERAGE(Instances!F7:Instances!F7),"median", MEDIAN(Instances!F7:Instances!F7),"min", MIN(Instances!F7:Instances!F7),"max", MAX(Instances!F7:Instances!F7),"diff", MAX(Instances!F7:Instances!F7)-MIN(Instances!F7:Instances!F7))} -> 0 | G7: {=_xlfn.SWITCH($A$2,"average", AVERAGE(Instances!G7:Instances!G7),"median", MEDIAN(Instances!G7:Instances!G7),"min", MIN(Instances!G7:Instances!G7),"max", MAX(Instances!G7:Instances!G7),"diff", MAX(Instances!G7:Instances!G7)-MIN(Instances!G7:Instances!G7))} -> 0 | H7: {=_xlfn.SWITCH($A$2,"average", AVERAGE(Instances!H7:Instances!H7),"median", MEDIAN(Instances!H7:Instances!H7),"min", MIN(Instances!H7:Instances!H7),"max", MAX(Instances!H7:Instances!H7),"diff", MAX(Instances!H7:Instances!H7)-MIN(Instances!H7:Instances!H7))} -> 0 | I7: {=_xlfn.SWITCH($A$2,"average", AVERAGE(Instances!I7:Instances!I7),"median", MEDIAN(Instances!I7:Instances!I7),"min", MIN(Instances!I7:Instances!I7),"max", MAX(Instances!I7:Instances!I7),"diff", MAX(Instances!I7:Instances!I7)-MIN(Instances!I7:Instances!I7))} -> 0 | ... BO7: {=_xlfn.SWITCH($A$2,"average", AVERAGE(Instances!BO7:Instances!BO7),"median", MEDIAN(Instances!BO7:Instances!BO7),"min", MIN(Instances!BO7:Instances!BO7),"max", MAX(Instances!BO7:Instances!BO7),"diff", MAX(Instances!BO7:Instances!BO7)-MIN(Instances!BO7:Instances!BO7))} -> 0 | BP7: =MIN($B7,$D7,$F7,$H7,$J7,$L7,$N7,$P7,$R7,$T7,$V7,$X7,$Z7,$AB7,$AD7,$AF7,$AH7,$AJ7,$AL7,$AN7,$AP7,$AR7,$AT7,$AV7,$AX7,$AZ7,$BB7,$BD7,$BF7,$BH7,$BJ7,$BL7,$BN7) -> 0 | BQ7: =MIN($C7,$E7,$G7,$I7,$K7,$M7,$O7,$Q7,$S7,$U7,$W7,$Y7,$AA7,$AC7,$AE7,$AG7,$AI7,$AK7,$AM7,$AO7,$AQ7,$AS7,$AU7,$AW7,$AY7,$BA7,$BC7,$BE7,$BG7,$BI7,$BK7,$BM7,$BO7) -> 0 | BR7: =MEDIAN($B7,$D7,$F7,$H7,$J7,$L7,$N7,$P7,$R7,$T7,$V7,$X7,$Z7,$AB7,$AD7,$AF7,$AH7,$AJ7,$AL7,$AN7,$AP7,$AR7,$AT7,$AV7,$AX7,$AZ7,$BB7,$BD7,$BF7,$BH7,$BJ7,$BL7,$BN7) -> 0 | BS7: =MEDIAN($C7,$E7,$G7,$I7,$K7,$M7,$O7,$Q7,$S7,$U7,$W7,$Y7,$AA7,$AC7,$AE7,$AG7,$AI7,$AK7,$AM7,$AO7,$AQ7,$AS7,$AU7,$AW7,$AY7,$BA7,$BC7,$BE7,$BG7,$BI7,$BK7,$BM7,$BO7) -> 0 | BT7: =MAX($B7,$D7,$F7,$H7,$J7,$L7,$N7,$P7,$R7,$T7,$V7,$X7,$Z7,$AB7,$AD7,$AF7,$AH7,$AJ7,$AL7,$AN7,$AP7,$AR7,$AT7,$AV7,$AX7,$AZ7,$BB7,$BD7,$BF7,$BH7,$BJ7,$BL7,$BN7) -> 0 | BU7: =MAX($C7,$E7,$G7,$I7,$K7,$M7,$O7,$Q7,$S7,$U7,$W7,$Y7,$AA7,$AC7,$AE7,$AG7,$AI7,$AK7,$AM7,$AO7,$AQ7,$AS7,$AU7,$AW7,$AY7,$BA7,$BC7,$BE7,$BG7,$BI7,$BK7,$BM7,$BO7) -> 0
A8: ./restaurant-100_user-input-600 | B8: {=_xlfn.SWITCH($A$2,"average", AVERAGE(Instances!B8:Instances!B8),"median", MEDIAN(Instances!B8:Instances!B8),"min", MIN(Instances!B8:Instances!B8),"max", MAX(Instances!B8:Instances!B8),"diff", MAX(Instances!B8:Instances!B8)-MIN(Instances!B8:Instances!B8))} -> 0 | C8: {=_xlfn.SWITCH($A$2,"average", AVERAGE(Instances!C8:Instances!C8),"median", MEDIAN(Instances!C8:Instances!C8),"min", MIN(Instances!C8:Instances!C8),"max", MAX(Instances!C8:Instances!C8),"diff", MAX(Instances!C8:Instances!C8)-MIN(Instances!C8:Instances!C8))} -> 0 | D8: {=_xlfn.SWITCH($A$2,"average", AVERAGE(Instances!D8:Instances!D8),"median", MEDIAN(Instances!D8:Instances!D8),"min", MIN(Instances!D8:Instances!D8),"max", MAX(Instances!D8:Instances!D8),"diff", MAX(Instances!D8:Instances!D8)-MIN(Instances!D8:Instances!D8))} -> 0 | E8: {=_xlfn.SWITCH($A$2,"average", AVERAGE(Instances!E8:Instances!E8),"median", MEDIAN(Instances!E8:Instances!E8),"min", MIN(Instances!E8:Instances!E8),"max", MAX(Instances!E8:Instances!E8),"diff", MAX(Instances!E8:Instances!E8)-MIN(Instances!E8:Instances!E8))} -> 0 | F8: {=_xlfn.SWITCH($A$2,"average", AVERAGE(Instances!F8:Instances!F8),"median", MEDIAN(Instances!F8:Instances!F8),"min", MIN(Instances!F8:Instances!F8),"max", MAX(Instances!F8:Instances!F8),"diff", MAX(Instances!F8:Instances!F8)-MIN(Instances!F8:Instances!F8))} -> 0 | G8: {=_xlfn.SWITCH($A$2,"average", AVERAGE(Instances!G8:Instances!G8),"median", MEDIAN(Instances!G8:Instances!G8),"min", MIN(Instances!G8:Instances!G8),"max", MAX(Instances!G8:Instances!G8),"diff", MAX(Instances!G8:Instances!G8)-MIN(Instances!G8:Instances!G8))} -> 0 | H8: {=_xlfn.SWITCH($A$2,"average", AVERAGE(Instances!H8:Instances!H8),"median", MEDIAN(Instances!H8:Instances!H8),"min", MIN(Instances!H8:Instances!H8),"max", MAX(Instances!H8:Instances!H8),"diff", MAX(Instances!H8:Instances!H8)-MIN(Instances!H8:Instances!H8))} -> 0 | I8: {=_xlfn.SWITCH($A$2,"average", AVERAGE(Instances!I8:Instances!I8),"median", MEDIAN(Instances!I8:Instances!I8),"min", MIN(Instances!I8:Instances!I8),"max", MAX(Instances!I8:Instances!I8),"diff", MAX(Instances!I8:Instances!I8)-MIN(Instances!I8:Instances!I8))} -> 0 | ... BO8: {=_xlfn.SWITCH($A$2,"average", AVERAGE(Instances!BO8:Instances!BO8),"median", MEDIAN(Instances!BO8:Instances!BO8),"min", MIN(Instances!BO8:Instances!BO8),"max", MAX(Instances!BO8:Instances!BO8),"diff", MAX(Instances!BO8:Instances!BO8)-MIN(Instances!BO8:Instances!BO8))} -> 0 | BP8: =MIN($B8,$D8,$F8,$H8,$J8,$L8,$N8,$P8,$R8,$T8,$V8,$X8,$Z8,$AB8,$AD8,$AF8,$AH8,$AJ8,$AL8,$AN8,$AP8,$AR8,$AT8,$AV8,$AX8,$AZ8,$BB8,$BD8,$BF8,$BH8,$BJ8,$BL8,$BN8) -> 0 | BQ8: =MIN($C8,$E8,$G8,$I8,$K8,$M8,$O8,$Q8,$S8,$U8,$W8,$Y8,$AA8,$AC8,$AE8,$AG8,$AI8,$AK8,$AM8,$AO8,$AQ8,$AS8,$AU8,$AW8,$AY8,$BA8,$BC8,$BE8,$BG8,$BI8,$BK8,$BM8,$BO8) -> 0 | BR8: =MEDIAN($B8,$D8,$F8,$H8,$J8,$L8,$N8,$P8,$R8,$T8,$V8,$X8,$Z8,$AB8,$AD8,$AF8,$AH8,$AJ8,$AL8,$AN8,$AP8,$AR8,$AT8,$AV8,$AX8,$AZ8,$BB8,$BD8,$BF8,$BH8,$BJ8,$BL8,$BN8) -> 0 | BS8: =MEDIAN($C8,$E8,$G8,$I8,$K8,$M8,$O8,$Q8,$S8,$U8,$W8,$Y8,$AA8,$AC8,$AE8,$AG8,$AI8,$AK8,$AM8,$AO8,$AQ8,$AS8,$AU8,$AW8,$AY8,$BA8,$BC8,$BE8,$BG8,$BI8,$BK8,$BM8,$BO8) -> 0 | BT8: =MAX($B8,$D8,$F8,$H8,$J8,$L8,$N8,$P8,$R8,$T8,$V8,$X8,$Z8,$AB8,$AD8,$AF8,$AH8,$AJ8,$AL8,$AN8,$AP8,$AR8,$AT8,$AV8,$AX8,$AZ8,$BB8,$BD8,$BF8,$BH8,$BJ8,$BL8,$BN8) -> 0 | BU8: =MAX($C8,$E8,$G8,$I8,$K8,$M8,$O8,$Q8,$S8,$U8,$W8,$Y8,$AA8,$AC8,$AE8,$AG8,$AI8,$AK8,$AM8,$AO8,$AQ8,$AS8,$AU8,$AW8,$AY8,$BA8,$BC8,$BE8,$BG8,$BI8,$BK8,$BM8,$BO8) -> 0
A9: ./restaurant-1500_user-input-3000 | B9: {=_xlfn.SWITCH($A$2,"average", AVERAGE(Instances!B9:Instances!B9),"median", MEDIAN(Instances!B9:Instances!B9),"min", MIN(Instances!B9:Instances!B9),"max", MAX(Instances!B9:Instances!B9),"diff", MAX(Instances!B9:Instances!B9)-MIN(Instances!B9:Instances!B9))} -> 0 | C9: {=_xlfn.SWITCH($A$2,"average", AVERAGE(Instances!C9:Instances!C9),"median", MEDIAN(Instances!C9:Instances!C9),"min", MIN(Instances!C9:Instances!C9),"max", MAX(Instances!C9:Instances!C9),"diff", MAX(Instances!C9:Instances!C9)-MIN(Instances!C9:Instances!C9))} -> 0 | D9: {=_xlfn.SWITCH($A$2,"average", AVERAGE(Instances!D9:Instances!D9),"median", MEDIAN(Instances!D9:Instances!D9),"min", MIN(Instances!D9:Instances!D9),"max", MAX(Instances!D9:Instances!D9),"diff", MAX(Instances!D9:Instances!D9)-MIN(Instances!D9:Instances!D9))} -> 0 | E9: {=_xlfn.SWITCH($A$2,"average", AVERAGE(Instances!E9:Instances!E9),"median", MEDIAN(Instances!E9:Instances!E9),"min", MIN(Instances!E9:Instances!E9),"max", MAX(Instances!E9:Instances!E9),"diff", MAX(Instances!E9:Instances!E9)-MIN(Instances!E9:Instances!E9))} -> 0 | F9: {=_xlfn.SWITCH($A$2,"average", AVERAGE(Instances!F9:Instances!F9),"median", MEDIAN(Instances!F9:Instances!F9),"min", MIN(Instances!F9:Instances!F9),"max", MAX(Instances!F9:Instances!F9),"diff", MAX(Instances!F9:Instances!F9)-MIN(Instances!F9:Instances!F9))} -> 0 | G9: {=_xlfn.SWITCH($A$2,"average", AVERAGE(Instances!G9:Instances!G9),"median", MEDIAN(Instances!G9:Instances!G9),"min", MIN(Instances!G9:Instances!G9),"max", MAX(Instances!G9:Instances!G9),"diff", MAX(Instances!G9:Instances!G9)-MIN(Instances!G9:Instances!G9))} -> 0 | H9: {=_xlfn.SWITCH($A$2,"average", AVERAGE(Instances!H9:Instances!H9),"median", MEDIAN(Instances!H9:Instances!H9),"min", MIN(Instances!H9:Instances!H9),"max", MAX(Instances!H9:Instances!H9),"diff", MAX(Instances!H9:Instances!H9)-MIN(Instances!H9:Instances!H9))} -> 0 | I9: {=_xlfn.SWITCH($A$2,"average", AVERAGE(Instances!I9:Instances!I9),"median", MEDIAN(Instances!I9:Instances!I9),"min", MIN(Instances!I9:Instances!I9),"max", MAX(Instances!I9:Instances!I9),"diff", MAX(Instances!I9:Instances!I9)-MIN(Instances!I9:Instances!I9))} -> 0 | ... BO9: {=_xlfn.SWITCH($A$2,"average", AVERAGE(Instances!BO9:Instances!BO9),"median", MEDIAN(Instances!BO9:Instances!BO9),"min", MIN(Instances!BO9:Instances!BO9),"max", MAX(Instances!BO9:Instances!BO9),"diff", MAX(Instances!BO9:Instances!BO9)-MIN(Instances!BO9:Instances!BO9))} -> 0 | BP9: =MIN($B9,$D9,$F9,$H9,$J9,$L9,$N9,$P9,$R9,$T9,$V9,$X9,$Z9,$AB9,$AD9,$AF9,$AH9,$AJ9,$AL9,$AN9,$AP9,$AR9,$AT9,$AV9,$AX9,$AZ9,$BB9,$BD9,$BF9,$BH9,$BJ9,$BL9,$BN9) -> 0 | BQ9: =MIN($C9,$E9,$G9,$I9,$K9,$M9,$O9,$Q9,$S9,$U9,$W9,$Y9,$AA9,$AC9,$AE9,$AG9,$AI9,$AK9,$AM9,$AO9,$AQ9,$AS9,$AU9,$AW9,$AY9,$BA9,$BC9,$BE9,$BG9,$BI9,$BK9,$BM9,$BO9) -> 0 | BR9: =MEDIAN($B9,$D9,$F9,$H9,$J9,$L9,$N9,$P9,$R9,$T9,$V9,$X9,$Z9,$AB9,$AD9,$AF9,$AH9,$AJ9,$AL9,$AN9,$AP9,$AR9,$AT9,$AV9,$AX9,$AZ9,$BB9,$BD9,$BF9,$BH9,$BJ9,$BL9,$BN9) -> 0 | BS9: =MEDIAN($C9,$E9,$G9,$I9,$K9,$M9,$O9,$Q9,$S9,$U9,$W9,$Y9,$AA9,$AC9,$AE9,$AG9,$AI9,$AK9,$AM9,$AO9,$AQ9,$AS9,$AU9,$AW9,$AY9,$BA9,$BC9,$BE9,$BG9,$BI9,$BK9,$BM9,$BO9) -> 0 | BT9: =MAX($B9,$D9,$F9,$H9,$J9,$L9,$N9,$P9,$R9,$T9,$V9,$X9,$Z9,$AB9,$AD9,$AF9,$AH9,$AJ9,$AL9,$AN9,$AP9,$AR9,$AT9,$AV9,$AX9,$AZ9,$BB9,$BD9,$BF9,$BH9,$BJ9,$BL9,$BN9) -> 0 | BU9: =MAX($C9,$E9,$G9,$I9,$K9,$M9,$O9,$Q9,$S9,$U9,$W9,$Y9,$AA9,$AC9,$AE9,$AG9,$AI9,$AK9,$AM9,$AO9,$AQ9,$AS9,$AU9,$AW9,$AY9,$BA9,$BC9,$BE9,$BG9,$BI9,$BK9,$BM9,$BO9) -> 0
A10: ./restaurant-1500_user-input-6000 | B10: {=_xlfn.SWITCH($A$2,"average", AVERAGE(Instances!B10:Instances!B10),"median", MEDIAN(Instances!B10:Instances!B10),"min", MIN(Instances!B10:Instances!B10),"max", MAX(Instances!B10:Instances!B10),"diff", MAX(Instances!B10:Instances!B10)-MIN(Instances!B10:Instances!B10))} -> 0 | C10: {=_xlfn.SWITCH($A$2,"average", AVERAGE(Instances!C10:Instances!C10),"median", MEDIAN(Instances!C10:Instances!C10),"min", MIN(Instances!C10:Instances!C10),"max", MAX(Instances!C10:Instances!C10),"diff", MAX(Instances!C10:Instances!C10)-MIN(Instances!C10:Instances!C10))} -> 0 | D10: {=_xlfn.SWITCH($A$2,"average", AVERAGE(Instances!D10:Instances!D10),"median", MEDIAN(Instances!D10:Instances!D10),"min", MIN(Instances!D10:Instances!D10),"max", MAX(Instances!D10:Instances!D10),"diff", MAX(Instances!D10:Instances!D10)-MIN(Instances!D10:Instances!D10))} -> 0 | E10: {=_xlfn.SWITCH($A$2,"average", AVERAGE(Instances!E10:Instances!E10),"median", MEDIAN(Instances!E10:Instances!E10),"min", MIN(Instances!E10:Instances!E10),"max", MAX(Instances!E10:Instances!E10),"diff", MAX(Instances!E10:Instances!E10)-MIN(Instances!E10:Instances!E10))} -> 0 | F10: {=_xlfn.SWITCH($A$2,"average", AVERAGE(Instances!F10:Instances!F10),"median", MEDIAN(Instances!F10:Instances!F10),"min", MIN(Instances!F10:Instances!F10),"max", MAX(Instances!F10:Instances!F10),"diff", MAX(Instances!F10:Instances!F10)-MIN(Instances!F10:Instances!F10))} -> 0 | G10: {=_xlfn.SWITCH($A$2,"average", AVERAGE(Instances!G10:Instances!G10),"median", MEDIAN(Instances!G10:Instances!G10),"min", MIN(Instances!G10:Instances!G10),"max", MAX(Instances!G10:Instances!G10),"diff", MAX(Instances!G10:Instances!G10)-MIN(Instances!G10:Instances!G10))} -> 0 | H10: {=_xlfn.SWITCH($A$2,"average", AVERAGE(Instances!H10:Instances!H10),"median", MEDIAN(Instances!H10:Instances!H10),"min", MIN(Instances!H10:Instances!H10),"max", MAX(Instances!H10:Instances!H10),"diff", MAX(Instances!H10:Instances!H10)-MIN(Instances!H10:Instances!H10))} -> 0 | I10: {=_xlfn.SWITCH($A$2,"average", AVERAGE(Instances!I10:Instances!I10),"median", MEDIAN(Instances!I10:Instances!I10),"min", MIN(Instances!I10:Instances!I10),"max", MAX(Instances!I10:Instances!I10),"diff", MAX(Instances!I10:Instances!I10)-MIN(Instances!I10:Instances!I10))} -> 0 | ... BO10: {=_xlfn.SWITCH($A$2,"average", AVERAGE(Instances!BO10:Instances!BO10),"median", MEDIAN(Instances!BO10:Instances!BO10),"min", MIN(Instances!BO10:Instances!BO10),"max", MAX(Instances!BO10:Instances!BO10),"diff", MAX(Instances!BO10:Instances!BO10)-MIN(Instances!BO10:Instances!BO10))} -> 0 | BP10: =MIN($B10,$D10,$F10,$H10,$J10,$L10,$N10,$P10,$R10,$T10,$V10,$X10,$Z10,$AB10,$AD10,$AF10,$AH10,$AJ10,$AL10,$AN10,$AP10,$AR10,$AT10,$AV10,$AX10,$AZ10,$BB10,$BD10,$BF10,$BH10,$BJ10,$BL10,$BN10) -> 0 | BQ10: =MIN($C10,$E10,$G10,$I10,$K10,$M10,$O10,$Q10,$S10,$U10,$W10,$Y10,$AA10,$AC10,$AE10,$AG10,$AI10,$AK10,$AM10,$AO10,$AQ10,$AS10,$AU10,$AW10,$AY10,$BA10,$BC10,$BE10,$BG10,$BI10,$BK10,$BM10,$BO10) -> 0 | BR10: =MEDIAN($B10,$D10,$F10,$H10,$J10,$L10,$N10,$P10,$R10,$T10,$V10,$X10,$Z10,$AB10,$AD10,$AF10,$AH10,$AJ10,$AL10,$AN10,$AP10,$AR10,$AT10,$AV10,$AX10,$AZ10,$BB10,$BD10,$BF10,$BH10,$BJ10,$BL10,$BN10) -> 0 | BS10: =MEDIAN($C10,$E10,$G10,$I10,$K10,$M10,$O10,$Q10,$S10,$U10,$W10,$Y10,$AA10,$AC10,$AE10,$AG10,$AI10,$AK10,$AM10,$AO10,$AQ10,$AS10,$AU10,$AW10,$AY10,$BA10,$BC10,$BE10,$BG10,$BI10,$BK10,$BM10,$BO10) -> 0 | BT10: =MAX($B10,$D10,$F10,$H10,$J10,$L10,$N10,$P10,$R10,$T10,$V10,$X10,$Z10,$AB10,$AD10,$AF10,$AH10,$AJ10,$AL10,$AN10,$AP10,$AR10,$AT10,$AV10,$AX10,$AZ10,$BB10,$BD10,$BF10,$BH10,$BJ10,$BL10,$BN10) -> 0 | BU10: =MAX($C10,$E10,$G10,$I10,$K10,$M10,$O10,$Q10,$S10,$U10,$W10,$Y10,$AA10,$AC10,$AE10,$AG10,$AI10,$AK10,$AM10,$AO10,$AQ10,$AS10,$AU10,$AW10,$AY10,$BA10,$BC10,$BE10,$BG10,$BI10,$BK10,$BM10,$BO10) -> 0
A11: ./restaurant-1500_user-input-9000 | B11: {=_xlfn.SWITCH($A$2,"average", AVERAGE(Instances!B11:Instances!B11),"median", MEDIAN(Instances!B11:Instances!B11),"min", MIN(Instances!B11:Instances!B11),"max", MAX(Instances!B11:Instances!B11),"diff", MAX(Instances!B11:Instances!B11)-MIN(Instances!B11:Instances!B11))} -> 0 | C11: {=_xlfn.SWITCH($A$2,"average", AVERAGE(Instances!C11:Instances!C11),"median", MEDIAN(Instances!C11:Instances!C11),"min", MIN(Instances!C11:Instances!C11),"max", MAX(Instances!C11:Instances!C11),"diff", MAX(Instances!C11:Instances!C11)-MIN(Instances!C11:Instances!C11))} -> 0 | D11: {=_xlfn.SWITCH($A$2,"average", AVERAGE(Instances!D11:Instances!D11),"median", MEDIAN(Instances!D11:Instances!D11),"min", MIN(Instances!D11:Instances!D11),"max", MAX(Instances!D11:Instances!D11),"diff", MAX(Instances!D11:Instances!D11)-MIN(Instances!D11:Instances!D11))} -> 0 | E11: {=_xlfn.SWITCH($A$2,"average", AVERAGE(Instances!E11:Instances!E11),"median", MEDIAN(Instances!E11:Instances!E11),"min", MIN(Instances!E11:Instances!E11),"max", MAX(Instances!E11:Instances!E11),"diff", MAX(Instances!E11:Instances!E11)-MIN(Instances!E11:Instances!E11))} -> 0 | F11: {=_xlfn.SWITCH($A$2,"average", AVERAGE(Instances!F11:Instances!F11),"median", MEDIAN(Instances!F11:Instances!F11),"min", MIN(Instances!F11:Instances!F11),"max", MAX(Instances!F11:Instances!F11),"diff", MAX(Instances!F11:Instances!F11)-MIN(Instances!F11:Instances!F11))} -> 0 | G11: {=_xlfn.SWITCH($A$2,"average", AVERAGE(Instances!G11:Instances!G11),"median", MEDIAN(Instances!G11:Instances!G11),"min", MIN(Instances!G11:Instances!G11),"max", MAX(Instances!G11:Instances!G11),"diff", MAX(Instances!G11:Instances!G11)-MIN(Instances!G11:Instances!G11))} -> 0 | H11: {=_xlfn.SWITCH($A$2,"average", AVERAGE(Instances!H11:Instances!H11),"median", MEDIAN(Instances!H11:Instances!H11),"min", MIN(Instances!H11:Instances!H11),"max", MAX(Instances!H11:Instances!H11),"diff", MAX(Instances!H11:Instances!H11)-MIN(Instances!H11:Instances!H11))} -> 0 | I11: {=_xlfn.SWITCH($A$2,"average", AVERAGE(Instances!I11:Instances!I11),"median", MEDIAN(Instances!I11:Instances!I11),"min", MIN(Instances!I11:Instances!I11),"max", MAX(Instances!I11:Instances!I11),"diff", MAX(Instances!I11:Instances!I11)-MIN(Instances!I11:Instances!I11))} -> 0 | ... BO11: {=_xlfn.SWITCH($A$2,"average", AVERAGE(Instances!BO11:Instances!BO11),"median", MEDIAN(Instances!BO11:Instances!BO11),"min", MIN(Instances!BO11:Instances!BO11),"max", MAX(Instances!BO11:Instances!BO11),"diff", MAX(Instances!BO11:Instances!BO11)-MIN(Instances!BO11:Instances!BO11))} -> 0 | BP11: =MIN($B11,$D11,$F11,$H11,$J11,$L11,$N11,$P11,$R11,$T11,$V11,$X11,$Z11,$AB11,$AD11,$AF11,$AH11,$AJ11,$AL11,$AN11,$AP11,$AR11,$AT11,$AV11,$AX11,$AZ11,$BB11,$BD11,$BF11,$BH11,$BJ11,$BL11,$BN11) -> 0 | BQ11: =MIN($C11,$E11,$G11,$I11,$K11,$M11,$O11,$Q11,$S11,$U11,$W11,$Y11,$AA11,$AC11,$AE11,$AG11,$AI11,$AK11,$AM11,$AO11,$AQ11,$AS11,$AU11,$AW11,$AY11,$BA11,$BC11,$BE11,$BG11,$BI11,$BK11,$BM11,$BO11) -> 0 | BR11: =MEDIAN($B11,$D11,$F11,$H11,$J11,$L11,$N11,$P11,$R11,$T11,$V11,$X11,$Z11,$AB11,$AD11,$AF11,$AH11,$AJ11,$AL11,$AN11,$AP11,$AR11,$AT11,$AV11,$AX11,$AZ11,$BB11,$BD11,$BF11,$BH11,$BJ11,$BL11,$BN11) -> 0 | BS11: =MEDIAN($C11,$E11,$G11,$I11,$K11,$M11,$O11,$Q11,$S11,$U11,$W11,$Y11,$AA11,$AC11,$AE11,$AG11,$AI11,$AK11,$AM11,$AO11,$AQ11,$AS11,$AU11,$AW11,$AY11,$BA11,$BC11,$BE11,$BG11,$BI11,$BK11,$BM11,$BO11) -> 0 | BT11: =MAX($B11,$D11,$F11,$H11,$J11,$L11,$N11,$P11,$R11,$T11,$V11,$X11,$Z11,$AB11,$AD11,$AF11,$AH11,$AJ11,$AL11,$AN11,$AP11,$AR11,$AT11,$AV11,$AX11,$AZ11,$BB11,$BD11,$BF11,$BH11,$BJ11,$BL11,$BN11) -> 0 | BU11: =MAX($C11,$E11,$G11,$I11,$K11,$M11,$O11,$Q11,$S11,$U11,$W11,$Y11,$AA11,$AC11,$AE11,$AG11,$AI11,$AK11,$AM11,$AO11,$AQ11,$AS11,$AU11,$AW11,$AY11,$BA11,$BC11,$BE11,$BG11,$BI11,$BK11,$BM11,$BO11) -> 0
A12: ./restaurant-2000_user-input-12000 | B12: {=_xlfn.SWITCH($A$2,"average", AVERAGE(Instances!B12:Instances!B12),"median", MEDIAN(Instances!B12:Instances!B12),"min", MIN(Instances!B12:Instances!B12),"max", MAX(Instances!B12:Instances!B12),"diff", MAX(Instances!B12:Instances!B12)-MIN(Instances!B12:Instances!B12))} -> 0 | C12: {=_xlfn.SWITCH($A$2,"average", AVERAGE(Instances!C12:Instances!C12),"median", MEDIAN(Instances!C12:Instances!C12),"min", MIN(Instances!C12:Instances!C12),"max", MAX(Instances!C12:Instances!C12),"diff", MAX(Instances!C12:Instances!C12)-MIN(Instances!C12:Instances!C12))} -> 0 | D12: {=_xlfn.SWITCH($A$2,"average", AVERAGE(Instances!D12:Instances!D12),"median", MEDIAN(Instances!D12:Instances!D12),"min", MIN(Instances!D12:Instances!D12),"max", MAX(Instances!D12:Instances!D12),"diff", MAX(Instances!D12:Instances!D12)-MIN(Instances!D12:Instances!D12))} -> 0 | E12: {=_xlfn.SWITCH($A$2,"average", AVERAGE(Instances!E12:Instances!E12),"median", MEDIAN(Instances!E12:Instances!E12),"min", MIN(Instances!E12:Instances!E12),"max", MAX(Instances!E12:Instances!E12),"diff", MAX(Instances!E12:Instances!E12)-MIN(Instances!E12:Instances!E12))} -> 0 | F12: {=_xlfn.SWITCH($A$2,"average", AVERAGE(Instances!F12:Instances!F12),"median", MEDIAN(Instances!F12:Instances!F12),"min", MIN(Instances!F12:Instances!F12),"max", MAX(Instances!F12:Instances!F12),"diff", MAX(Instances!F12:Instances!F12)-MIN(Instances!F12:Instances!F12))} -> 0 | G12: {=_xlfn.SWITCH($A$2,"average", AVERAGE(Instances!G12:Instances!G12),"median", MEDIAN(Instances!G12:Instances!G12),"min", MIN(Instances!G12:Instances!G12),"max", MAX(Instances!G12:Instances!G12),"diff", MAX(Instances!G12:Instances!G12)-MIN(Instances!G12:Instances!G12))} -> 0 | H12: {=_xlfn.SWITCH($A$2,"average", AVERAGE(Instances!H12:Instances!H12),"median", MEDIAN(Instances!H12:Instances!H12),"min", MIN(Instances!H12:Instances!H12),"max", MAX(Instances!H12:Instances!H12),"diff", MAX(Instances!H12:Instances!H12)-MIN(Instances!H12:Instances!H12))} -> 0 | I12: {=_xlfn.SWITCH($A$2,"average", AVERAGE(Instances!I12:Instances!I12),"median", MEDIAN(Instances!I12:Instances!I12),"min", MIN(Instances!I12:Instances!I12),"max", MAX(Instances!I12:Instances!I12),"diff", MAX(Instances!I12:Instances!I12)-MIN(Instances!I12:Instances!I12))} -> 0 | ... BO12: {=_xlfn.SWITCH($A$2,"average", AVERAGE(Instances!BO12:Instances!BO12),"median", MEDIAN(Instances!BO12:Instances!BO12),"min", MIN(Instances!BO12:Instances!BO12),"max", MAX(Instances!BO12:Instances!BO12),"diff", MAX(Instances!BO12:Instances!BO12)-MIN(Instances!BO12:Instances!BO12))} -> 0 | BP12: =MIN($B12,$D12,$F12,$H12,$J12,$L12,$N12,$P12,$R12,$T12,$V12,$X12,$Z12,$AB12,$AD12,$AF12,$AH12,$AJ12,$AL12,$AN12,$AP12,$AR12,$AT12,$AV12,$AX12,$AZ12,$BB12,$BD12,$BF12,$BH12,$BJ12,$BL12,$BN12) -> 0 | BQ12: =MIN($C12,$E12,$G12,$I12,$K12,$M12,$O12,$Q12,$S12,$U12,$W12,$Y12,$AA12,$AC12,$AE12,$AG12,$AI12,$AK12,$AM12,$AO12,$AQ12,$AS12,$AU12,$AW12,$AY12,$BA12,$BC12,$BE12,$BG12,$BI12,$BK12,$BM12,$BO12) -> 0 | BR12: =MEDIAN($B12,$D12,$F12,$H12,$J12,$L12,$N12,$P12,$R12,$T12,$V12,$X12,$Z12,$AB12,$AD12,$AF12,$AH12,$AJ12,$AL12,$AN12,$AP12,$AR12,$AT12,$AV12,$AX12,$AZ12,$BB12,$BD12,$BF12,$BH12,$BJ12,$BL12,$BN12) -> 0 | BS12: =MEDIAN($C12,$E12,$G12,$I12,$K12,$M12,$O12,$Q12,$S12,$U12,$W12,$Y12,$AA12,$AC12,$AE12,$AG12,$AI12,$AK12,$AM12,$AO12,$AQ12,$AS12,$AU12,$AW12,$AY12,$BA12,$BC12,$BE12,$BG12,$BI12,$BK12,$BM12,$BO12) -> 0 | BT12: =MAX($B12,$D12,$F12,$H12,$J12,$L12,$N12,$P12,$R12,$T12,$V12,$X12,$Z12,$AB12,$AD12,$AF12,$AH12,$AJ12,$AL12,$AN12,$AP12,$AR12,$AT12,$AV12,$AX12,$AZ12,$BB12,$BD12,$BF12,$BH12,$BJ12,$BL12,$BN12) -> 0 | BU12: =MAX($C12,$E12,$G12,$I12,$K12,$M12,$O12,$Q12,$S12,$U12,$W12,$Y12,$AA12,$AC12,$AE12,$AG12,$AI12,$AK12,$AM12,$AO12,$AQ12,$AS12,$AU12,$AW12,$AY12,$BA12,$BC12,$BE12,$BG12,$BI12,$BK12,$BM12,$BO12) -> 0
A13: ./restaurant-2000_user-input-4000 | B13: {=_xlfn.SWITCH($A$2,"average", AVERAGE(Instances!B13:Instances!B13),"median", MEDIAN(Instances!B13:Instances!B13),"min", MIN(Instances!B13:Instances!B13),"max", MAX(Instances!B13:Instances!B13),"diff", MAX(Instances!B13:Instances!B13)-MIN(Instances!B13:Instances!B13))} -> 0 | C13: {=_xlfn.SWITCH($A$2,"average", AVERAGE(Instances!C13:Instances!C13),"median", MEDIAN(Instances!C13:Instances!C13),"min", MIN(Instances!C13:Instances!C13),"max", MAX(Instances!C13:Instances!C13),"diff", MAX(Instances!C13:Instances!C13)-MIN(Instances!C13:Instances!C13))} -> 0 | D13: {=_xlfn.SWITCH($A$2,"average", AVERAGE(Instances!D13:Instances!D13),"median", MEDIAN(Instances!D13:Instances!D13),"min", MIN(Instances!D13:Instances!D13),"max", MAX(Instances!D13:Instances!D13),"diff", MAX(Instances!D13:Instances!D13)-MIN(Instances!D13:Instances!D13))} -> 0 | E13: {=_xlfn.SWITCH($A$2,"average", AVERAGE(Instances!E13:Instances!E13),"median", MEDIAN(Instances!E13:Instances!E13),"min", MIN(Instances!E13:Instances!E13),"max", MAX(Instances!E13:Instances!E13),"diff", MAX(Instances!E13:Instances!E13)-MIN(Instances!E13:Instances!E13))} -> 0 | F13: {=_xlfn.SWITCH($A$2,"average", AVERAGE(Instances!F13:Instances!F13),"median", MEDIAN(Instances!F13:Instances!F13),"min", MIN(Instances!F13:Instances!F13),"max", MAX(Instances!F13:Instances!F13),"diff", MAX(Instances!F13:Instances!F13)-MIN(Instances!F13:Instances!F13))} -> 0 | G13: {=_xlfn.SWITCH($A$2,"average", AVERAGE(Instances!G13:Instances!G13),"median", MEDIAN(Instances!G13:Instances!G13),"min", MIN(Instances!G13:Instances!G13),"max", MAX(Instances!G13:Instances!G13),"diff", MAX(Instances!G13:Instances!G13)-MIN(Instances!G13:Instances!G13))} -> 0 | H13: {=_xlfn.SWITCH($A$2,"average", AVERAGE(Instances!H13:Instances!H13),"median", MEDIAN(Instances!H13:Instances!H13),"min", MIN(Instances!H13:Instances!H13),"max", MAX(Instances!H13:Instances!H13),"diff", MAX(Instances!H13:Instances!H13)-MIN(Instances!H13:Instances!H13))} -> 0 | I13: {=_xlfn.SWITCH($A$2,"average", AVERAGE(Instances!I13:Instances!I13),"median", MEDIAN(Instances!I13:Instances!I13),"min", MIN(Instances!I13:Instances!I13),"max", MAX(Instances!I13:Instances!I13),"diff", MAX(Instances!I13:Instances!I13)-MIN(Instances!I13:Instances!I13))} -> 0 | ... BO13: {=_xlfn.SWITCH($A$2,"average", AVERAGE(Instances!BO13:Instances!BO13),"median", MEDIAN(Instances!BO13:Instances!BO13),"min", MIN(Instances!BO13:Instances!BO13),"max", MAX(Instances!BO13:Instances!BO13),"diff", MAX(Instances!BO13:Instances!BO13)-MIN(Instances!BO13:Instances!BO13))} -> 0 | BP13: =MIN($B13,$D13,$F13,$H13,$J13,$L13,$N13,$P13,$R13,$T13,$V13,$X13,$Z13,$AB13,$AD13,$AF13,$AH13,$AJ13,$AL13,$AN13,$AP13,$AR13,$AT13,$AV13,$AX13,$AZ13,$BB13,$BD13,$BF13,$BH13,$BJ13,$BL13,$BN13) -> 0 | BQ13: =MIN($C13,$E13,$G13,$I13,$K13,$M13,$O13,$Q13,$S13,$U13,$W13,$Y13,$AA13,$AC13,$AE13,$AG13,$AI13,$AK13,$AM13,$AO13,$AQ13,$AS13,$AU13,$AW13,$AY13,$BA13,$BC13,$BE13,$BG13,$BI13,$BK13,$BM13,$BO13) -> 0 | BR13: =MEDIAN($B13,$D13,$F13,$H13,$J13,$L13,$N13,$P13,$R13,$T13,$V13,$X13,$Z13,$AB13,$AD13,$AF13,$AH13,$AJ13,$AL13,$AN13,$AP13,$AR13,$AT13,$AV13,$AX13,$AZ13,$BB13,$BD13,$BF13,$BH13,$BJ13,$BL13,$BN13) -> 0 | BS13: =MEDIAN($C13,$E13,$G13,$I13,$K13,$M13,$O13,$Q13,$S13,$U13,$W13,$Y13,$AA13,$AC13,$AE13,$AG13,$AI13,$AK13,$AM13,$AO13,$AQ13,$AS13,$AU13,$AW13,$AY13,$BA13,$BC13,$BE13,$BG13,$BI13,$BK13,$BM13,$BO13) -> 0 | BT13: =MAX($B13,$D13,$F13,$H13,$J13,$L13,$N13,$P13,$R13,$T13,$V13,$X13,$Z13,$AB13,$AD13,$AF13,$AH13,$AJ13,$AL13,$AN13,$AP13,$AR13,$AT13,$AV13,$AX13,$AZ13,$BB13,$BD13,$BF13,$BH13,$BJ13,$BL13,$BN13) -> 0 | BU13: =MAX($C13,$E13,$G13,$I13,$K13,$M13,$O13,$Q13,$S13,$U13,$W13,$Y13,$AA13,$AC13,$AE13,$AG13,$AI13,$AK13,$AM13,$AO13,$AQ13,$AS13,$AU13,$AW13,$AY13,$BA13,$BC13,$BE13,$BG13,$BI13,$BK13,$BM13,$BO13) -> 0
A14: ./restaurant-2000_user-input-8000 | B14: {=_xlfn.SWITCH($A$2,"average", AVERAGE(Instances!B14:Instances!B14),"median", MEDIAN(Instances!B14:Instances!B14),"min", MIN(Instances!B14:Instances!B14),"max", MAX(Instances!B14:Instances!B14),"diff", MAX(Instances!B14:Instances!B14)-MIN(Instances!B14:Instances!B14))} -> 0 | C14: {=_xlfn.SWITCH($A$2,"average", AVERAGE(Instances!C14:Instances!C14),"median", MEDIAN(Instances!C14:Instances!C14),"min", MIN(Instances!C14:Instances!C14),"max", MAX(Instances!C14:Instances!C14),"diff", MAX(Instances!C14:Instances!C14)-MIN(Instances!C14:Instances!C14))} -> 0 | D14: {=_xlfn.SWITCH($A$2,"average", AVERAGE(Instances!D14:Instances!D14),"median", MEDIAN(Instances!D14:Instances!D14),"min", MIN(Instances!D14:Instances!D14),"max", MAX(Instances!D14:Instances!D14),"diff", MAX(Instances!D14:Instances!D14)-MIN(Instances!D14:Instances!D14))} -> 0 | E14: {=_xlfn.SWITCH($A$2,"average", AVERAGE(Instances!E14:Instances!E14),"median", MEDIAN(Instances!E14:Instances!E14),"min", MIN(Instances!E14:Instances!E14),"max", MAX(Instances!E14:Instances!E14),"diff", MAX(Instances!E14:Instances!E14)-MIN(Instances!E14:Instances!E14))} -> 0 | F14: {=_xlfn.SWITCH($A$2,"average", AVERAGE(Instances!F14:Instances!F14),"median", MEDIAN(Instances!F14:Instances!F14),"min", MIN(Instances!F14:Instances!F14),"max", MAX(Instances!F14:Instances!F14),"diff", MAX(Instances!F14:Instances!F14)-MIN(Instances!F14:Instances!F14))} -> 0 | G14: {=_xlfn.SWITCH($A$2,"average", AVERAGE(Instances!G14:Instances!G14),"median", MEDIAN(Instances!G14:Instances!G14),"min", MIN(Instances!G14:Instances!G14),"max", MAX(Instances!G14:Instances!G14),"diff", MAX(Instances!G14:Instances!G14)-MIN(Instances!G14:Instances!G14))} -> 0 | H14: {=_xlfn.SWITCH($A$2,"average", AVERAGE(Instances!H14:Instances!H14),"median", MEDIAN(Instances!H14:Instances!H14),"min", MIN(Instances!H14:Instances!H14),"max", MAX(Instances!H14:Instances!H14),"diff", MAX(Instances!H14:Instances!H14)-MIN(Instances!H14:Instances!H14))} -> 0 | I14: {=_xlfn.SWITCH($A$2,"average", AVERAGE(Instances!I14:Instances!I14),"median", MEDIAN(Instances!I14:Instances!I14),"min", MIN(Instances!I14:Instances!I14),"max", MAX(Instances!I14:Instances!I14),"diff", MAX(Instances!I14:Instances!I14)-MIN(Instances!I14:Instances!I14))} -> 0 | ... BO14: {=_xlfn.SWITCH($A$2,"average", AVERAGE(Instances!BO14:Instances!BO14),"median", MEDIAN(Instances!BO14:Instances!BO14),"min", MIN(Instances!BO14:Instances!BO14),"max", MAX(Instances!BO14:Instances!BO14),"diff", MAX(Instances!BO14:Instances!BO14)-MIN(Instances!BO14:Instances!BO14))} -> 0 | BP14: =MIN($B14,$D14,$F14,$H14,$J14,$L14,$N14,$P14,$R14,$T14,$V14,$X14,$Z14,$AB14,$AD14,$AF14,$AH14,$AJ14,$AL14,$AN14,$AP14,$AR14,$AT14,$AV14,$AX14,$AZ14,$BB14,$BD14,$BF14,$BH14,$BJ14,$BL14,$BN14) -> 0 | BQ14: =MIN($C14,$E14,$G14,$I14,$K14,$M14,$O14,$Q14,$S14,$U14,$W14,$Y14,$AA14,$AC14,$AE14,$AG14,$AI14,$AK14,$AM14,$AO14,$AQ14,$AS14,$AU14,$AW14,$AY14,$BA14,$BC14,$BE14,$BG14,$BI14,$BK14,$BM14,$BO14) -> 0 | BR14: =MEDIAN($B14,$D14,$F14,$H14,$J14,$L14,$N14,$P14,$R14,$T14,$V14,$X14,$Z14,$AB14,$AD14,$AF14,$AH14,$AJ14,$AL14,$AN14,$AP14,$AR14,$AT14,$AV14,$AX14,$AZ14,$BB14,$BD14,$BF14,$BH14,$BJ14,$BL14,$BN14) -> 0 | BS14: =MEDIAN($C14,$E14,$G14,$I14,$K14,$M14,$O14,$Q14,$S14,$U14,$W14,$Y14,$AA14,$AC14,$AE14,$AG14,$AI14,$AK14,$AM14,$AO14,$AQ14,$AS14,$AU14,$AW14,$AY14,$BA14,$BC14,$BE14,$BG14,$BI14,$BK14,$BM14,$BO14) -> 0 | BT14: =MAX($B14,$D14,$F14,$H14,$J14,$L14,$N14,$P14,$R14,$T14,$V14,$X14,$Z14,$AB14,$AD14,$AF14,$AH14,$AJ14,$AL14,$AN14,$AP14,$AR14,$AT14,$AV14,$AX14,$AZ14,$BB14,$BD14,$BF14,$BH14,$BJ14,$BL14,$BN14) -> 0 | BU14: =MAX($C14,$E14,$G14,$I14,$K14,$M14,$O14,$Q14,$S14,$U14,$W14,$Y14,$AA14,$AC14,$AE14,$AG14,$AI14,$AK14,$AM14,$AO14,$AQ14,$AS14,$AU14,$AW14,$AY14,$BA14,$BC14,$BE14,$BG14,$BI14,$BK14,$BM14,$BO14) -> 0
... A62: ./cargobike-nested-500_user-input-4 | B62: {=_xlfn.SWITCH($A$2,"average", AVERAGE(Instances!B62:Instances!B62),"median", MEDIAN(Instances!B62:Instances!B62),"min", MIN(Instances!B62:Instances!B62),"max", MAX(Instances!B62:Instances!B62),"diff", MAX(Instances!B62:Instances!B62)-MIN(Instances!B62:Instances!B62))} -> 0 | C62: {=_xlfn.SWITCH($A$2,"average", AVERAGE(Instances!C62:Instances!C62),"median", MEDIAN(Instances!C62:Instances!C62),"min", MIN(Instances!C62:Instances!C62),"max", MAX(Instances!C62:Instances!C62),"diff", MAX(Instances!C62:Instances!C62)-MIN(Instances!C62:Instances!C62))} -> 0 | D62: {=_xlfn.SWITCH($A$2,"average", AVERAGE(Instances!D62:Instances!D62),"median", MEDIAN(Instances!D62:Instances!D62),"min", MIN(Instances!D62:Instances!D62),"max", MAX(Instances!D62:Instances!D62),"diff", MAX(Instances!D62:Instances!D62)-MIN(Instances!D62:Instances!D62))} -> 0 | E62: {=_xlfn.SWITCH($A$2,"average", AVERAGE(Instances!E62:Instances!E62),"median", MEDIAN(Instances!E62:Instances!E62),"min", MIN(Instances!E62:Instances!E62),"max", MAX(Instances!E62:Instances!E62),"diff", MAX(Instances!E62:Instances!E62)-MIN(Instances!E62:Instances!E62))} -> 0 | F62: {=_xlfn.SWITCH($A$2,"average", AVERAGE(Instances!F62:Instances!F62),"median", MEDIAN(Instances!F62:Instances!F62),"min", MIN(Instances!F62:Instances!F62),"max", MAX(Instances!F62:Instances!F62),"diff", MAX(Instances!F62:Instances!F62)-MIN(Instances!F62:Instances!F62))} -> 0 | G62: {=_xlfn.SWITCH($A$2,"average", AVERAGE(Instances!G62:Instances!G62),"median", MEDIAN(Instances!G62:Instances!G62),"min", MIN(Instances!G62:Instances!G62),"max", MAX(Instances!G62:Instances!G62),"diff", MAX(Instances!G62:Instances!G62)-MIN(Instances!G62:Instances!G62))} -> 0 | H62: {=_xlfn.SWITCH($A$2,"average", AVERAGE(Instances!H62:Instances!H62),"median", MEDIAN(Instances!H62:Instances!H62),"min", MIN(Instances!H62:Instances!H62),"max", MAX(Instances!H62:Instances!H62),"diff", MAX(Instances!H62:Instances!H62)-MIN(Instances!H62:Instances!H62))} -> 0 | I62: {=_xlfn.SWITCH($A$2,"average", AVERAGE(Instances!I62:Instances!I62),"median", MEDIAN(Instances!I62:Instances!I62),"min", MIN(Instances!I62:Instances!I62),"max", MAX(Instances!I62:Instances!I62),"diff", MAX(Instances!I62:Instances!I62)-MIN(Instances!I62:Instances!I62))} -> 0 | ... BO62: {=_xlfn.SWITCH($A$2,"average", AVERAGE(Instances!BO62:Instances!BO62),"median", MEDIAN(Instances!BO62:Instances!BO62),"min", MIN(Instances!BO62:Instances!BO62),"max", MAX(Instances!BO62:Instances!BO62),"diff", MAX(Instances!BO62:Instances!BO62)-MIN(Instances!BO62:Instances!BO62))} -> 0 | BP62: =MIN($B62,$D62,$F62,$H62,$J62,$L62,$N62,$P62,$R62,$T62,$V62,$X62,$Z62,$AB62,$AD62,$AF62,$AH62,$AJ62,$AL62,$AN62,$AP62,$AR62,$AT62,$AV62,$AX62,$AZ62,$BB62,$BD62,$BF62,$BH62,$BJ62,$BL62,$BN62) -> 0 | BQ62: =MIN($C62,$E62,$G62,$I62,$K62,$M62,$O62,$Q62,$S62,$U62,$W62,$Y62,$AA62,$AC62,$AE62,$AG62,$AI62,$AK62,$AM62,$AO62,$AQ62,$AS62,$AU62,$AW62,$AY62,$BA62,$BC62,$BE62,$BG62,$BI62,$BK62,$BM62,$BO62) -> 0 | BR62: =MEDIAN($B62,$D62,$F62,$H62,$J62,$L62,$N62,$P62,$R62,$T62,$V62,$X62,$Z62,$AB62,$AD62,$AF62,$AH62,$AJ62,$AL62,$AN62,$AP62,$AR62,$AT62,$AV62,$AX62,$AZ62,$BB62,$BD62,$BF62,$BH62,$BJ62,$BL62,$BN62) -> 0 | BS62: =MEDIAN($C62,$E62,$G62,$I62,$K62,$M62,$O62,$Q62,$S62,$U62,$W62,$Y62,$AA62,$AC62,$AE62,$AG62,$AI62,$AK62,$AM62,$AO62,$AQ62,$AS62,$AU62,$AW62,$AY62,$BA62,$BC62,$BE62,$BG62,$BI62,$BK62,$BM62,$BO62) -> 0 | BT62: =MAX($B62,$D62,$F62,$H62,$J62,$L62,$N62,$P62,$R62,$T62,$V62,$X62,$Z62,$AB62,$AD62,$AF62,$AH62,$AJ62,$AL62,$AN62,$AP62,$AR62,$AT62,$AV62,$AX62,$AZ62,$BB62,$BD62,$BF62,$BH62,$BJ62,$BL62,$BN62) -> 0 | BU62: =MAX($C62,$E62,$G62,$I62,$K62,$M62,$O62,$Q62,$S62,$U62,$W62,$Y62,$AA62,$AC62,$AE62,$AG62,$AI62,$AK62,$AM62,$AO62,$AQ62,$AS62,$AU62,$AW62,$AY62,$BA62,$BC62,$BE62,$BG62,$BI62,$BK62,$BM62,$BO62) -> 0
A64: SUM | B64: =SUM(B$3:B$62) -> 0 | C64: =SUM(C$3:C$62) -> 0 | D64: =SUM(D$3:D$62) -> 0 | E64: =SUM(E$3:E$62) -> 0 | F64: =SUM(F$3:F$62) -> 0 | G64: =SUM(G$3:G$62) -> 0 | H64: =SUM(H$3:H$62) -> 0 | I64: =SUM(I$3:I$62) -> 0 | ... BU64: =SUM(BU$3:BU$62) -> 0
A65: AVG | B65: =AVERAGE(B$3:B$62) -> 0 | C65: =AVERAGE(C$3:C$62) -> 0 | D65: =AVERAGE(D$3:D$62) -> 0 | E65: =AVERAGE(E$3:E$62) -> 0 | F65: =AVERAGE(F$3:F$62) -> 0 | G65: =AVERAGE(G$3:G$62) -> 0 | H65: =AVERAGE(H$3:H$62) -> 0 | I65: =AVERAGE(I$3:I$62) -> 0 | ... BU65: =AVERAGE(BU$3:BU$62) -> 0
A66: DEV | B66: =STDEV(B$3:B$62) -> 0 | C66: =STDEV(C$3:C$62) -> 0 | D66: =STDEV(D$3:D$62) -> 0 | E66: =STDEV(E$3:E$62) -> 0 | F66: =STDEV(F$3:F$62) -> 0 | G66: =STDEV(G$3:G$62) -> 0 | H66: =STDEV(H$3:H$62) -> 0 | I66: =STDEV(I$3:I$62) -> 0 | ... BU66: =STDEV(BU$3:BU$62) -> 0
A67: DST | B67: =SUMPRODUCT(--(B$3:B$62-$BP$3:$BP$62)^2)^0.5 -> 0 | C67: =SUMPRODUCT(--(C$3:C$62-$BQ$3:$BQ$62)^2)^0.5 -> 0 | D67: =SUMPRODUCT(--(D$3:D$62-$BP$3:$BP$62)^2)^0.5 -> 0 | E67: =SUMPRODUCT(--(E$3:E$62-$BQ$3:$BQ$62)^2)^0.5 -> 0 | F67: =SUMPRODUCT(--(F$3:F$62-$BP$3:$BP$62)^2)^0.5 -> 0 | G67: =SUMPRODUCT(--(G$3:G$62-$BQ$3:$BQ$62)^2)^0.5 -> 0 | H67: =SUMPRODUCT(--(H$3:H$62-$BP$3:$BP$62)^2)^0.5 -> 0 | I67: =SUMPRODUCT(--(I$3:I$62-$BQ$3:$BQ$62)^2)^0.5 -> 0 | J67: =SUMPRODUCT(--(J$3:J$62-$BP$3:$BP$62)^2)^0.5 -> 0 | K67: =SUMPRODUCT(--(K$3:K$62-$BQ$3:$BQ$62)^2)^0.5 -> 0 | L67: =SUMPRODUCT(--(L$3:L$62-$BP$3:$BP$62)^2)^0.5 -> 0 | M67: =SUMPRODUCT(--(M$3:M$62-$BQ$3:$BQ$62)^2)^0.5 -> 0 | N67: =SUMPRODUCT(--(N$3:N$62-$BP$3:$BP$62)^2)^0.5 -> 0 | O67: =SUMPRODUCT(--(O$3:O$62-$BQ$3:$BQ$62)^2)^0.5 -> 0 | P67: =SUMPRODUCT(--(P$3:P$62-$BP$3:$BP$62)^2)^0.5 -> 0 | Q67: =SUMPRODUCT(--(Q$3:Q$62-$BQ$3:$BQ$62)^2)^0.5 -> 0 | R67: =SUMPRODUCT(--(R$3:R$62-$BP$3:$BP$62)^2)^0.5 -> 0 | S67: =SUMPRODUCT(--(S$3:S$62-$BQ$3:$BQ$62)^2)^0.5 -> 0 | T67: =SUMPRODUCT(--(T$3:T$62-$BP$3:$BP$62)^2)^0.5 -> 0 | U67: =SUMPRODUCT(--(U$3:U$62-$BQ$3:$BQ$62)^2)^0.5 -> 0 | V67: =SUMPRODUCT(--(V$3:V$62-$BP$3:$BP$62)^2)^0.5 -> 0 | W67: =SUMPRODUCT(--(W$3:W$62-$BQ$3:$BQ$62)^2)^0.5 -> 0 | X67: =SUMPRODUCT(--(X$3:X$62-$BP$3:$BP$62)^2)^0.5 -> 0 | Y67: =SUMPRODUCT(--(Y$3:Y$62-$BQ$3:$BQ$62)^2)^0.5 -> 0 | Z67: =SUMPRODUCT(--(Z$3:Z$62-$BP$3:$BP$62)^2)^0.5 -> 0 | AA67: =SUMPRODUCT(--(AA$3:AA$62-$BQ$3:$BQ$62)^2)^0.5 -> 0 | AB67: =SUMPRODUCT(--(AB$3:AB$62-$BP$3:$BP$62)^2)^0.5 -> 0 | AC67: =SUMPRODUCT(--(AC$3:AC$62-$BQ$3:$BQ$62)^2)^0.5 -> 0 | AD67: =SUMPRODUCT(--(AD$3:AD$62-$BP$3:$BP$62)^2)^0.5 -> 0 | AE67: =SUMPRODUCT(--(AE$3:AE$62-$BQ$3:$BQ$62)^2)^0.5 -> 0 | AF67: =SUMPRODUCT(--(AF$3:AF$62-$BP$3:$BP$62)^2)^0.5 -> 0 | AG67: =SUMPRODUCT(--(AG$3:AG$62-$BQ$3:$BQ$62)^2)^0.5 -> 0 | AH67: =SUMPRODUCT(--(AH$3:AH$62-$BP$3:$BP$62)^2)^0.5 -> 0 | AI67: =SUMPRODUCT(--(AI$3:AI$62-$BQ$3:$BQ$62)^2)^0.5 -> 0 | AJ67: =SUMPRODUCT(--(AJ$3:AJ$62-$BP$3:$BP$62)^2)^0.5 -> 0 | AK67: =SUMPRODUCT(--(AK$3:AK$62-$BQ$3:$BQ$62)^2)^0.5 -> 0 | AL67: =SUMPRODUCT(--(AL$3:AL$62-$BP$3:$BP$62)^2)^0.5 -> 0 | AM67: =SUMPRODUCT(--(AM$3:AM$62-$BQ$3:$BQ$62)^2)^0.5 -> 0 | AN67: =SUMPRODUCT(--(AN$3:AN$62-$BP$3:$BP$62)^2)^0.5 -> 0 | AO67: =SUMPRODUCT(--(AO$3:AO$62-$BQ$3:$BQ$62)^2)^0.5 -> 0 | AP67: =SUMPRODUCT(--(AP$3:AP$62-$BP$3:$BP$62)^2)^0.5 -> 0 | AQ67: =SUMPRODUCT(--(AQ$3:AQ$62-$BQ$3:$BQ$62)^2)^0.5 -> 0 | AR67: =SUMPRODUCT(--(AR$3:AR$62-$BP$3:$BP$62)^2)^0.5 -> 0 | AS67: =SUMPRODUCT(--(AS$3:AS$62-$BQ$3:$BQ$62)^2)^0.5 -> 0 | AT67: =SUMPRODUCT(--(AT$3:AT$62-$BP$3:$BP$62)^2)^0.5 -> 0 | AU67: =SUMPRODUCT(--(AU$3:AU$62-$BQ$3:$BQ$62)^2)^0.5 -> 0 | AV67: =SUMPRODUCT(--(AV$3:AV$62-$BP$3:$BP$62)^2)^0.5 -> 0 | AW67: =SUMPRODUCT(--(AW$3:AW$62-$BQ$3:$BQ$62)^2)^0.5 -> 0 | AX67: =SUMPRODUCT(--(AX$3:AX$62-$BP$3:$BP$62)^2)^0.5 -> 0 | AY67: =SUMPRODUCT(--(AY$3:AY$62-$BQ$3:$BQ$62)^2)^0.5 -> 0 | AZ67: =SUMPRODUCT(--(AZ$3:AZ$62-$BP$3:$BP$62)^2)^0.5 -> 0 | BA67: =SUMPRODUCT(--(BA$3:BA$62-$BQ$3:$BQ$62)^2)^0.5 -> 0 | BB67: =SUMPRODUCT(--(BB$3:BB$62-$BP$3:$BP$62)^2)^0.5 -> 0 | BC67: =SUMPRODUCT(--(BC$3:BC$62-$BQ$3:$BQ$62)^2)^0.5 -> 0 | BD67: =SUMPRODUCT(--(BD$3:BD$62-$BP$3:$BP$62)^2)^0.5 -> 0 | BE67: =SUMPRODUCT(--(BE$3:BE$62-$BQ$3:$BQ$62)^2)^0.5 -> 0 | BF67: =SUMPRODUCT(--(BF$3:BF$62-$BP$3:$BP$62)^2)^0.5 -> 0 | BG67: =SUMPRODUCT(--(BG$3:BG$62-$BQ$3:$BQ$62)^2)^0.5 -> 0 | BH67: =SUMPRODUCT(--(BH$3:BH$62-$BP$3:$BP$62)^2)^0.5 -> 0 | BI67: =SUMPRODUCT(--(BI$3:BI$62-$BQ$3:$BQ$62)^2)^0.5 -> 0 | BJ67: =SUMPRODUCT(--(BJ$3:BJ$62-$BP$3:$BP$62)^2)^0.5 -> 0 | BK67: =SUMPRODUCT(--(BK$3:BK$62-$BQ$3:$BQ$62)^2)^0.5 -> 0 | BL67: =SUMPRODUCT(--(BL$3:BL$62-$BP$3:$BP$62)^2)^0.5 -> 0 | BM67: =SUMPRODUCT(--(BM$3:BM$62-$BQ$3:$BQ$62)^2)^0.5 -> 0 | BN67: =SUMPRODUCT(--(BN$3:BN$62-$BP$3:$BP$62)^2)^0.5 -> 0 | BO67: =SUMPRODUCT(--(BO$3:BO$62-$BQ$3:$BQ$62)^2)^0.5 -> 0
A68: BEST | B68: =SUMPRODUCT(NOT(ISBLANK(B$3:B$62))*(B$3:B$62=$BP$3:$BP$62)) -> 0 | C68: =SUMPRODUCT(NOT(ISBLANK(C$3:C$62))*(C$3:C$62=$BQ$3:$BQ$62)) -> 0 | D68: =SUMPRODUCT(NOT(ISBLANK(D$3:D$62))*(D$3:D$62=$BP$3:$BP$62)) -> 0 | E68: =SUMPRODUCT(NOT(ISBLANK(E$3:E$62))*(E$3:E$62=$BQ$3:$BQ$62)) -> 0 | F68: =SUMPRODUCT(NOT(ISBLANK(F$3:F$62))*(F$3:F$62=$BP$3:$BP$62)) -> 0 | G68: =SUMPRODUCT(NOT(ISBLANK(G$3:G$62))*(G$3:G$62=$BQ$3:$BQ$62)) -> 0 | H68: =SUMPRODUCT(NOT(ISBLANK(H$3:H$62))*(H$3:H$62=$BP$3:$BP$62)) -> 0 | I68: =SUMPRODUCT(NOT(ISBLANK(I$3:I$62))*(I$3:I$62=$BQ$3:$BQ$62)) -> 0 | J68: =SUMPRODUCT(NOT(ISBLANK(J$3:J$62))*(J$3:J$62=$BP$3:$BP$62)) -> 0 | K68: =SUMPRODUCT(NOT(ISBLANK(K$3:K$62))*(K$3:K$62=$BQ$3:$BQ$62)) -> 0 | L68: =SUMPRODUCT(NOT(ISBLANK(L$3:L$62))*(L$3:L$62=$BP$3:$BP$62)) -> 0 | M68: =SUMPRODUCT(NOT(ISBLANK(M$3:M$62))*(M$3:M$62=$BQ$3:$BQ$62)) -> 0 | N68: =SUMPRODUCT(NOT(ISBLANK(N$3:N$62))*(N$3:N$62=$BP$3:$BP$62)) -> 0 | O68: =SUMPRODUCT(NOT(ISBLANK(O$3:O$62))*(O$3:O$62=$BQ$3:$BQ$62)) -> 0 | P68: =SUMPRODUCT(NOT(ISBLANK(P$3:P$62))*(P$3:P$62=$BP$3:$BP$62)) -> 0 | Q68: =SUMPRODUCT(NOT(ISBLANK(Q$3:Q$62))*(Q$3:Q$62=$BQ$3:$BQ$62)) -> 0 | R68: =SUMPRODUCT(NOT(ISBLANK(R$3:R$62))*(R$3:R$62=$BP$3:$BP$62)) -> 0 | S68: =SUMPRODUCT(NOT(ISBLANK(S$3:S$62))*(S$3:S$62=$BQ$3:$BQ$62)) -> 0 | T68: =SUMPRODUCT(NOT(ISBLANK(T$3:T$62))*(T$3:T$62=$BP$3:$BP$62)) -> 0 | U68: =SUMPRODUCT(NOT(ISBLANK(U$3:U$62))*(U$3:U$62=$BQ$3:$BQ$62)) -> 0 | V68: =SUMPRODUCT(NOT(ISBLANK(V$3:V$62))*(V$3:V$62=$BP$3:$BP$62)) -> 0 | W68: =SUMPRODUCT(NOT(ISBLANK(W$3:W$62))*(W$3:W$62=$BQ$3:$BQ$62)) -> 0 | X68: =SUMPRODUCT(NOT(ISBLANK(X$3:X$62))*(X$3:X$62=$BP$3:$BP$62)) -> 0 | Y68: =SUMPRODUCT(NOT(ISBLANK(Y$3:Y$62))*(Y$3:Y$62=$BQ$3:$BQ$62)) -> 0 | Z68: =SUMPRODUCT(NOT(ISBLANK(Z$3:Z$62))*(Z$3:Z$62=$BP$3:$BP$62)) -> 0 | AA68: =SUMPRODUCT(NOT(ISBLANK(AA$3:AA$62))*(AA$3:AA$62=$BQ$3:$BQ$62)) -> 0 | AB68: =SUMPRODUCT(NOT(ISBLANK(AB$3:AB$62))*(AB$3:AB$62=$BP$3:$BP$62)) -> 0 | AC68: =SUMPRODUCT(NOT(ISBLANK(AC$3:AC$62))*(AC$3:AC$62=$BQ$3:$BQ$62)) -> 0 | AD68: =SUMPRODUCT(NOT(ISBLANK(AD$3:AD$62))*(AD$3:AD$62=$BP$3:$BP$62)) -> 0 | AE68: =SUMPRODUCT(NOT(ISBLANK(AE$3:AE$62))*(AE$3:AE$62=$BQ$3:$BQ$62)) -> 0 | AF68: =SUMPRODUCT(NOT(ISBLANK(AF$3:AF$62))*(AF$3:AF$62=$BP$3:$BP$62)) -> 0 | AG68: =SUMPRODUCT(NOT(ISBLANK(AG$3:AG$62))*(AG$3:AG$62=$BQ$3:$BQ$62)) -> 0 | AH68: =SUMPRODUCT(NOT(ISBLANK(AH$3:AH$62))*(AH$3:AH$62=$BP$3:$BP$62)) -> 0 | AI68: =SUMPRODUCT(NOT(ISBLANK(AI$3:AI$62))*(AI$3:AI$62=$BQ$3:$BQ$62)) -> 0 | AJ68: =SUMPRODUCT(NOT(ISBLANK(AJ$3:AJ$62))*(AJ$3:AJ$62=$BP$3:$BP$62)) -> 0 | AK68: =SUMPRODUCT(NOT(ISBLANK(AK$3:AK$62))*(AK$3:AK$62=$BQ$3:$BQ$62)) -> 0 | AL68: =SUMPRODUCT(NOT(ISBLANK(AL$3:AL$62))*(AL$3:AL$62=$BP$3:$BP$62)) -> 0 | AM68: =SUMPRODUCT(NOT(ISBLANK(AM$3:AM$62))*(AM$3:AM$62=$BQ$3:$BQ$62)) -> 0 | AN68: =SUMPRODUCT(NOT(ISBLANK(AN$3:AN$62))*(AN$3:AN$62=$BP$3:$BP$62)) -> 0 | AO68: =SUMPRODUCT(NOT(ISBLANK(AO$3:AO$62))*(AO$3:AO$62=$BQ$3:$BQ$62)) -> 0 | AP68: =SUMPRODUCT(NOT(ISBLANK(AP$3:AP$62))*(AP$3:AP$62=$BP$3:$BP$62)) -> 0 | AQ68: =SUMPRODUCT(NOT(ISBLANK(AQ$3:AQ$62))*(AQ$3:AQ$62=$BQ$3:$BQ$62)) -> 0 | AR68: =SUMPRODUCT(NOT(ISBLANK(AR$3:AR$62))*(AR$3:AR$62=$BP$3:$BP$62)) -> 0 | AS68: =SUMPRODUCT(NOT(ISBLANK(AS$3:AS$62))*(AS$3:AS$62=$BQ$3:$BQ$62)) -> 0 | AT68: =SUMPRODUCT(NOT(ISBLANK(AT$3:AT$62))*(AT$3:AT$62=$BP$3:$BP$62)) -> 0 | AU68: =SUMPRODUCT(NOT(ISBLANK(AU$3:AU$62))*(AU$3:AU$62=$BQ$3:$BQ$62)) -> 0 | AV68: =SUMPRODUCT(NOT(ISBLANK(AV$3:AV$62))*(AV$3:AV$62=$BP$3:$BP$62)) -> 0 | AW68: =SUMPRODUCT(NOT(ISBLANK(AW$3:AW$62))*(AW$3:AW$62=$BQ$3:$BQ$62)) -> 0 | AX68: =SUMPRODUCT(NOT(ISBLANK(AX$3:AX$62))*(AX$3:AX$62=$BP$3:$BP$62)) -> 0 | AY68: =SUMPRODUCT(NOT(ISBLANK(AY$3:AY$62))*(AY$3:AY$62=$BQ$3:$BQ$62)) -> 0 | AZ68: =SUMPRODUCT(NOT(ISBLANK(AZ$3:AZ$62))*(AZ$3:AZ$62=$BP$3:$BP$62)) -> 0 | BA68: =SUMPRODUCT(NOT(ISBLANK(BA$3:BA$62))*(BA$3:BA$62=$BQ$3:$BQ$62)) -> 0 | BB68: =SUMPRODUCT(NOT(ISBLANK(BB$3:BB$62))*(BB$3:BB$62=$BP$3:$BP$62)) -> 0 | BC68: =SUMPRODUCT(NOT(ISBLANK(BC$3:BC$62))*(BC$3:BC$62=$BQ$3:$BQ$62)) -> 0 | BD68: =SUMPRODUCT(NOT(ISBLANK(BD$3:BD$62))*(BD$3:BD$62=$BP$3:$BP$62)) -> 0 | BE68: =SUMPRODUCT(NOT(ISBLANK(BE$3:BE$62))*(BE$3:BE$62=$BQ$3:$BQ$62)) -> 0 | BF68: =SUMPRODUCT(NOT(ISBLANK(BF$3:BF$62))*(BF$3:BF$62=$BP$3:$BP$62)) -> 0 | BG68: =SUMPRODUCT(NOT(ISBLANK(BG$3:BG$62))*(BG$3:BG$62=$BQ$3:$BQ$62)) -> 0 | BH68: =SUMPRODUCT(NOT(ISBLANK(BH$3:BH$62))*(BH$3:BH$62=$BP$3:$BP$62)) -> 0 | BI68: =SUMPRODUCT(NOT(ISBLANK(BI$3:BI$62))*(BI$3:BI$62=$BQ$3:$BQ$62)) -> 0 | BJ68: =SUMPRODUCT(NOT(ISBLANK(BJ$3:BJ$62))*(BJ$3:BJ$62=$BP$3:$BP$62)) -> 0 | BK68: =SUMPRODUCT(NOT(ISBLANK(BK$3:BK$62))*(BK$3:BK$62=$BQ$3:$BQ$62)) -> 0 | BL68: =SUMPRODUCT(NOT(ISBLANK(BL$3:BL$62))*(BL$3:BL$62=$BP$3:$BP$62)) -> 0 | BM68: =SUMPRODUCT(NOT(ISBLANK(BM$3:BM$62))*(BM$3:BM$62=$BQ$3:$BQ$62)) -> 0 | BN68: =SUMPRODUCT(NOT(ISBLANK(BN$3:BN$62))*(BN$3:BN$62=$BP$3:$BP$62)) -> 0 | BO68: =SUMPRODUCT(NOT(ISBLANK(BO$3:BO$62))*(BO$3:BO$62=$BQ$3:$BQ$62)) -> 0
A69: BETTER | B69: =SUMPRODUCT(NOT(ISBLANK(B$3:B$62))*(B$3:B$62<$BR$3:$BR$62)) -> 0 | C69: =SUMPRODUCT(NOT(ISBLANK(C$3:C$62))*(C$3:C$62<$BS$3:$BS$62)) -> 0 | D69: =SUMPRODUCT(NOT(ISBLANK(D$3:D$62))*(D$3:D$62<$BR$3:$BR$62)) -> 0 | E69: =SUMPRODUCT(NOT(ISBLANK(E$3:E$62))*(E$3:E$62<$BS$3:$BS$62)) -> 0 | F69: =SUMPRODUCT(NOT(ISBLANK(F$3:F$62))*(F$3:F$62<$BR$3:$BR$62)) -> 0 | G69: =SUMPRODUCT(NOT(ISBLANK(G$3:G$62))*(G$3:G$62<$BS$3:$BS$62)) -> 0 | H69: =SUMPRODUCT(NOT(ISBLANK(H$3:H$62))*(H$3:H$62<$BR$3:$BR$62)) -> 0 | I69: =SUMPRODUCT(NOT(ISBLANK(I$3:I$62))*(I$3:I$62<$BS$3:$BS$62)) -> 0 | J69: =SUMPRODUCT(NOT(ISBLANK(J$3:J$62))*(J$3:J$62<$BR$3:$BR$62)) -> 0 | K69: =SUMPRODUCT(NOT(ISBLANK(K$3:K$62))*(K$3:K$62<$BS$3:$BS$62)) -> 0 | L69: =SUMPRODUCT(NOT(ISBLANK(L$3:L$62))*(L$3:L$62<$BR$3:$BR$62)) -> 0 | M69: =SUMPRODUCT(NOT(ISBLANK(M$3:M$62))*(M$3:M$62<$BS$3:$BS$62)) -> 0 | N69: =SUMPRODUCT(NOT(ISBLANK(N$3:N$62))*(N$3:N$62<$BR$3:$BR$62)) -> 0 | O69: =SUMPRODUCT(NOT(ISBLANK(O$3:O$62))*(O$3:O$62<$BS$3:$BS$62)) -> 0 | P69: =SUMPRODUCT(NOT(ISBLANK(P$3:P$62))*(P$3:P$62<$BR$3:$BR$62)) -> 0 | Q69: =SUMPRODUCT(NOT(ISBLANK(Q$3:Q$62))*(Q$3:Q$62<$BS$3:$BS$62)) -> 0 | R69: =SUMPRODUCT(NOT(ISBLANK(R$3:R$62))*(R$3:R$62<$BR$3:$BR$62)) -> 0 | S69: =SUMPRODUCT(NOT(ISBLANK(S$3:S$62))*(S$3:S$62<$BS$3:$BS$62)) -> 0 | T69: =SUMPRODUCT(NOT(ISBLANK(T$3:T$62))*(T$3:T$62<$BR$3:$BR$62)) -> 0 | U69: =SUMPRODUCT(NOT(ISBLANK(U$3:U$62))*(U$3:U$62<$BS$3:$BS$62)) -> 0 | V69: =SUMPRODUCT(NOT(ISBLANK(V$3:V$62))*(V$3:V$62<$BR$3:$BR$62)) -> 0 | W69: =SUMPRODUCT(NOT(ISBLANK(W$3:W$62))*(W$3:W$62<$BS$3:$BS$62)) -> 0 | X69: =SUMPRODUCT(NOT(ISBLANK(X$3:X$62))*(X$3:X$62<$BR$3:$BR$62)) -> 0 | Y69: =SUMPRODUCT(NOT(ISBLANK(Y$3:Y$62))*(Y$3:Y$62<$BS$3:$BS$62)) -> 0 | Z69: =SUMPRODUCT(NOT(ISBLANK(Z$3:Z$62))*(Z$3:Z$62<$BR$3:$BR$62)) -> 0 | AA69: =SUMPRODUCT(NOT(ISBLANK(AA$3:AA$62))*(AA$3:AA$62<$BS$3:$BS$62)) -> 0 | AB69: =SUMPRODUCT(NOT(ISBLANK(AB$3:AB$62))*(AB$3:AB$62<$BR$3:$BR$62)) -> 0 | AC69: =SUMPRODUCT(NOT(ISBLANK(AC$3:AC$62))*(AC$3:AC$62<$BS$3:$BS$62)) -> 0 | AD69: =SUMPRODUCT(NOT(ISBLANK(AD$3:AD$62))*(AD$3:AD$62<$BR$3:$BR$62)) -> 0 | AE69: =SUMPRODUCT(NOT(ISBLANK(AE$3:AE$62))*(AE$3:AE$62<$BS$3:$BS$62)) -> 0 | AF69: =SUMPRODUCT(NOT(ISBLANK(AF$3:AF$62))*(AF$3:AF$62<$BR$3:$BR$62)) -> 0 | AG69: =SUMPRODUCT(NOT(ISBLANK(AG$3:AG$62))*(AG$3:AG$62<$BS$3:$BS$62)) -> 0 | AH69: =SUMPRODUCT(NOT(ISBLANK(AH$3:AH$62))*(AH$3:AH$62<$BR$3:$BR$62)) -> 0 | AI69: =SUMPRODUCT(NOT(ISBLANK(AI$3:AI$62))*(AI$3:AI$62<$BS$3:$BS$62)) -> 0 | AJ69: =SUMPRODUCT(NOT(ISBLANK(AJ$3:AJ$62))*(AJ$3:AJ$62<$BR$3:$BR$62)) -> 0 | AK69: =SUMPRODUCT(NOT(ISBLANK(AK$3:AK$62))*(AK$3:AK$62<$BS$3:$BS$62)) -> 0 | AL69: =SUMPRODUCT(NOT(ISBLANK(AL$3:AL$62))*(AL$3:AL$62<$BR$3:$BR$62)) -> 0 | AM69: =SUMPRODUCT(NOT(ISBLANK(AM$3:AM$62))*(AM$3:AM$62<$BS$3:$BS$62)) -> 0 | AN69: =SUMPRODUCT(NOT(ISBLANK(AN$3:AN$62))*(AN$3:AN$62<$BR$3:$BR$62)) -> 0 | AO69: =SUMPRODUCT(NOT(ISBLANK(AO$3:AO$62))*(AO$3:AO$62<$BS$3:$BS$62)) -> 0 | AP69: =SUMPRODUCT(NOT(ISBLANK(AP$3:AP$62))*(AP$3:AP$62<$BR$3:$BR$62)) -> 0 | AQ69: =SUMPRODUCT(NOT(ISBLANK(AQ$3:AQ$62))*(AQ$3:AQ$62<$BS$3:$BS$62)) -> 0 | AR69: =SUMPRODUCT(NOT(ISBLANK(AR$3:AR$62))*(AR$3:AR$62<$BR$3:$BR$62)) -> 0 | AS69: =SUMPRODUCT(NOT(ISBLANK(AS$3:AS$62))*(AS$3:AS$62<$BS$3:$BS$62)) -> 0 | AT69: =SUMPRODUCT(NOT(ISBLANK(AT$3:AT$62))*(AT$3:AT$62<$BR$3:$BR$62)) -> 0 | AU69: =SUMPRODUCT(NOT(ISBLANK(AU$3:AU$62))*(AU$3:AU$62<$BS$3:$BS$62)) -> 0 | AV69: =SUMPRODUCT(NOT(ISBLANK(AV$3:AV$62))*(AV$3:AV$62<$BR$3:$BR$62)) -> 0 | AW69: =SUMPRODUCT(NOT(ISBLANK(AW$3:AW$62))*(AW$3:AW$62<$BS$3:$BS$62)) -> 0 | AX69: =SUMPRODUCT(NOT(ISBLANK(AX$3:AX$62))*(AX$3:AX$62<$BR$3:$BR$62)) -> 0 | AY69: =SUMPRODUCT(NOT(ISBLANK(AY$3:AY$62))*(AY$3:AY$62<$BS$3:$BS$62)) -> 0 | AZ69: =SUMPRODUCT(NOT(ISBLANK(AZ$3:AZ$62))*(AZ$3:AZ$62<$BR$3:$BR$62)) -> 0 | BA69: =SUMPRODUCT(NOT(ISBLANK(BA$3:BA$62))*(BA$3:BA$62<$BS$3:$BS$62)) -> 0 | BB69: =SUMPRODUCT(NOT(ISBLANK(BB$3:BB$62))*(BB$3:BB$62<$BR$3:$BR$62)) -> 0 | BC69: =SUMPRODUCT(NOT(ISBLANK(BC$3:BC$62))*(BC$3:BC$62<$BS$3:$BS$62)) -> 0 | BD69: =SUMPRODUCT(NOT(ISBLANK(BD$3:BD$62))*(BD$3:BD$62<$BR$3:$BR$62)) -> 0 | BE69: =SUMPRODUCT(NOT(ISBLANK(BE$3:BE$62))*(BE$3:BE$62<$BS$3:$BS$62)) -> 0 | BF69: =SUMPRODUCT(NOT(ISBLANK(BF$3:BF$62))*(BF$3:BF$62<$BR$3:$BR$62)) -> 0 | BG69: =SUMPRODUCT(NOT(ISBLANK(BG$3:BG$62))*(BG$3:BG$62<$BS$3:$BS$62)) -> 0 | BH69: =SUMPRODUCT(NOT(ISBLANK(BH$3:BH$62))*(BH$3:BH$62<$BR$3:$BR$62)) -> 0 | BI69: =SUMPRODUCT(NOT(ISBLANK(BI$3:BI$62))*(BI$3:BI$62<$BS$3:$BS$62)) -> 0 | BJ69: =SUMPRODUCT(NOT(ISBLANK(BJ$3:BJ$62))*(BJ$3:BJ$62<$BR$3:$BR$62)) -> 0 | BK69: =SUMPRODUCT(NOT(ISBLANK(BK$3:BK$62))*(BK$3:BK$62<$BS$3:$BS$62)) -> 0 | BL69: =SUMPRODUCT(NOT(ISBLANK(BL$3:BL$62))*(BL$3:BL$62<$BR$3:$BR$62)) -> 0 | BM69: =SUMPRODUCT(NOT(ISBLANK(BM$3:BM$62))*(BM$3:BM$62<$BS$3:$BS$62)) -> 0 | BN69: =SUMPRODUCT(NOT(ISBLANK(BN$3:BN$62))*(BN$3:BN$62<$BR$3:$BR$62)) -> 0 | BO69: =SUMPRODUCT(NOT(ISBLANK(BO$3:BO$62))*(BO$3:BO$62<$BS$3:$BS$62)) -> 0
A70: WORSE | B70: =SUMPRODUCT((NOT(ISBLANK(B$3:B$62))*(B$3:B$62>$BR$3:$BR$62))+ISBLANK(B$3:B$62)) -> 0 | C70: =SUMPRODUCT((NOT(ISBLANK(C$3:C$62))*(C$3:C$62>$BS$3:$BS$62))+ISBLANK(C$3:C$62)) -> 0 | D70: =SUMPRODUCT((NOT(ISBLANK(D$3:D$62))*(D$3:D$62>$BR$3:$BR$62))+ISBLANK(D$3:D$62)) -> 0 | E70: =SUMPRODUCT((NOT(ISBLANK(E$3:E$62))*(E$3:E$62>$BS$3:$BS$62))+ISBLANK(E$3:E$62)) -> 0 | F70: =SUMPRODUCT((NOT(ISBLANK(F$3:F$62))*(F$3:F$62>$BR$3:$BR$62))+ISBLANK(F$3:F$62)) -> 0 | G70: =SUMPRODUCT((NOT(ISBLANK(G$3:G$62))*(G$3:G$62>$BS$3:$BS$62))+ISBLANK(G$3:G$62)) -> 0 | H70: =SUMPRODUCT((NOT(ISBLANK(H$3:H$62))*(H$3:H$62>$BR$3:$BR$62))+ISBLANK(H$3:H$62)) -> 0 | I70: =SUMPRODUCT((NOT(ISBLANK(I$3:I$62))*(I$3:I$62>$BS$3:$BS$62))+ISBLANK(I$3:I$62)) -> 0 | J70: =SUMPRODUCT((NOT(ISBLANK(J$3:J$62))*(J$3:J$62>$BR$3:$BR$62))+ISBLANK(J$3:J$62)) -> 0 | K70: =SUMPRODUCT((NOT(ISBLANK(K$3:K$62))*(K$3:K$62>$BS$3:$BS$62))+ISBLANK(K$3:K$62)) -> 0 | L70: =SUMPRODUCT((NOT(ISBLANK(L$3:L$62))*(L$3:L$62>$BR$3:$BR$62))+ISBLANK(L$3:L$62)) -> 0 | M70: =SUMPRODUCT((NOT(ISBLANK(M$3:M$62))*(M$3:M$62>$BS$3:$BS$62))+ISBLANK(M$3:M$62)) -> 0 | N70: =SUMPRODUCT((NOT(ISBLANK(N$3:N$62))*(N$3:N$62>$BR$3:$BR$62))+ISBLANK(N$3:N$62)) -> 0 | O70: =SUMPRODUCT((NOT(ISBLANK(O$3:O$62))*(O$3:O$62>$BS$3:$BS$62))+ISBLANK(O$3:O$62)) -> 0 | P70: =SUMPRODUCT((NOT(ISBLANK(P$3:P$62))*(P$3:P$62>$BR$3:$BR$62))+ISBLANK(P$3:P$62)) -> 0 | Q70: =SUMPRODUCT((NOT(ISBLANK(Q$3:Q$62))*(Q$3:Q$62>$BS$3:$BS$62))+ISBLANK(Q$3:Q$62)) -> 0 | R70: =SUMPRODUCT((NOT(ISBLANK(R$3:R$62))*(R$3:R$62>$BR$3:$BR$62))+ISBLANK(R$3:R$62)) -> 0 | S70: =SUMPRODUCT((NOT(ISBLANK(S$3:S$62))*(S$3:S$62>$BS$3:$BS$62))+ISBLANK(S$3:S$62)) -> 0 | T70: =SUMPRODUCT((NOT(ISBLANK(T$3:T$62))*(T$3:T$62>$BR$3:$BR$62))+ISBLANK(T$3:T$62)) -> 0 | U70: =SUMPRODUCT((NOT(ISBLANK(U$3:U$62))*(U$3:U$62>$BS$3:$BS$62))+ISBLANK(U$3:U$62)) -> 0 | V70: =SUMPRODUCT((NOT(ISBLANK(V$3:V$62))*(V$3:V$62>$BR$3:$BR$62))+ISBLANK(V$3:V$62)) -> 0 | W70: =SUMPRODUCT((NOT(ISBLANK(W$3:W$62))*(W$3:W$62>$BS$3:$BS$62))+ISBLANK(W$3:W$62)) -> 0 | X70: =SUMPRODUCT((NOT(ISBLANK(X$3:X$62))*(X$3:X$62>$BR$3:$BR$62))+ISBLANK(X$3:X$62)) -> 0 | Y70: =SUMPRODUCT((NOT(ISBLANK(Y$3:Y$62))*(Y$3:Y$62>$BS$3:$BS$62))+ISBLANK(Y$3:Y$62)) -> 0 | Z70: =SUMPRODUCT((NOT(ISBLANK(Z$3:Z$62))*(Z$3:Z$62>$BR$3:$BR$62))+ISBLANK(Z$3:Z$62)) -> 0 | AA70: =SUMPRODUCT((NOT(ISBLANK(AA$3:AA$62))*(AA$3:AA$62>$BS$3:$BS$62))+ISBLANK(AA$3:AA$62)) -> 0 | AB70: =SUMPRODUCT((NOT(ISBLANK(AB$3:AB$62))*(AB$3:AB$62>$BR$3:$BR$62))+ISBLANK(AB$3:AB$62)) -> 0 | AC70: =SUMPRODUCT((NOT(ISBLANK(AC$3:AC$62))*(AC$3:AC$62>$BS$3:$BS$62))+ISBLANK(AC$3:AC$62)) -> 0 | AD70: =SUMPRODUCT((NOT(ISBLANK(AD$3:AD$62))*(AD$3:AD$62>$BR$3:$BR$62))+ISBLANK(AD$3:AD$62)) -> 0 | AE70: =SUMPRODUCT((NOT(ISBLANK(AE$3:AE$62))*(AE$3:AE$62>$BS$3:$BS$62))+ISBLANK(AE$3:AE$62)) -> 0 | AF70: =SUMPRODUCT((NOT(ISBLANK(AF$3:AF$62))*(AF$3:AF$62>$BR$3:$BR$62))+ISBLANK(AF$3:AF$62)) -> 0 | AG70: =SUMPRODUCT((NOT(ISBLANK(AG$3:AG$62))*(AG$3:AG$62>$BS$3:$BS$62))+ISBLANK(AG$3:AG$62)) -> 0 | AH70: =SUMPRODUCT((NOT(ISBLANK(AH$3:AH$62))*(AH$3:AH$62>$BR$3:$BR$62))+ISBLANK(AH$3:AH$62)) -> 0 | AI70: =SUMPRODUCT((NOT(ISBLANK(AI$3:AI$62))*(AI$3:AI$62>$BS$3:$BS$62))+ISBLANK(AI$3:AI$62)) -> 0 | AJ70: =SUMPRODUCT((NOT(ISBLANK(AJ$3:AJ$62))*(AJ$3:AJ$62>$BR$3:$BR$62))+ISBLANK(AJ$3:AJ$62)) -> 0 | AK70: =SUMPRODUCT((NOT(ISBLANK(AK$3:AK$62))*(AK$3:AK$62>$BS$3:$BS$62))+ISBLANK(AK$3:AK$62)) -> 0 | AL70: =SUMPRODUCT((NOT(ISBLANK(AL$3:AL$62))*(AL$3:AL$62>$BR$3:$BR$62))+ISBLANK(AL$3:AL$62)) -> 0 | AM70: =SUMPRODUCT((NOT(ISBLANK(AM$3:AM$62))*(AM$3:AM$62>$BS$3:$BS$62))+ISBLANK(AM$3:AM$62)) -> 0 | AN70: =SUMPRODUCT((NOT(ISBLANK(AN$3:AN$62))*(AN$3:AN$62>$BR$3:$BR$62))+ISBLANK(AN$3:AN$62)) -> 0 | AO70: =SUMPRODUCT((NOT(ISBLANK(AO$3:AO$62))*(AO$3:AO$62>$BS$3:$BS$62))+ISBLANK(AO$3:AO$62)) -> 0 | AP70: =SUMPRODUCT((NOT(ISBLANK(AP$3:AP$62))*(AP$3:AP$62>$BR$3:$BR$62))+ISBLANK(AP$3:AP$62)) -> 0 | AQ70: =SUMPRODUCT((NOT(ISBLANK(AQ$3:AQ$62))*(AQ$3:AQ$62>$BS$3:$BS$62))+ISBLANK(AQ$3:AQ$62)) -> 0 | AR70: =SUMPRODUCT((NOT(ISBLANK(AR$3:AR$62))*(AR$3:AR$62>$BR$3:$BR$62))+ISBLANK(AR$3:AR$62)) -> 0 | AS70: =SUMPRODUCT((NOT(ISBLANK(AS$3:AS$62))*(AS$3:AS$62>$BS$3:$BS$62))+ISBLANK(AS$3:AS$62)) -> 0 | AT70: =SUMPRODUCT((NOT(ISBLANK(AT$3:AT$62))*(AT$3:AT$62>$BR$3:$BR$62))+ISBLANK(AT$3:AT$62)) -> 0 | AU70: =SUMPRODUCT((NOT(ISBLANK(AU$3:AU$62))*(AU$3:AU$62>$BS$3:$BS$62))+ISBLANK(AU$3:AU$62)) -> 0 | AV70: =SUMPRODUCT((NOT(ISBLANK(AV$3:AV$62))*(AV$3:AV$62>$BR$3:$BR$62))+ISBLANK(AV$3:AV$62)) -> 0 | AW70: =SUMPRODUCT((NOT(ISBLANK(AW$3:AW$62))*(AW$3:AW$62>$BS$3:$BS$62))+ISBLANK(AW$3:AW$62)) -> 0 | AX70: =SUMPRODUCT((NOT(ISBLANK(AX$3:AX$62))*(AX$3:AX$62>$BR$3:$BR$62))+ISBLANK(AX$3:AX$62)) -> 0 | AY70: =SUMPRODUCT((NOT(ISBLANK(AY$3:AY$62))*(AY$3:AY$62>$BS$3:$BS$62))+ISBLANK(AY$3:AY$62)) -> 0 | AZ70: =SUMPRODUCT((NOT(ISBLANK(AZ$3:AZ$62))*(AZ$3:AZ$62>$BR$3:$BR$62))+ISBLANK(AZ$3:AZ$62)) -> 0 | BA70: =SUMPRODUCT((NOT(ISBLANK(BA$3:BA$62))*(BA$3:BA$62>$BS$3:$BS$62))+ISBLANK(BA$3:BA$62)) -> 0 | BB70: =SUMPRODUCT((NOT(ISBLANK(BB$3:BB$62))*(BB$3:BB$62>$BR$3:$BR$62))+ISBLANK(BB$3:BB$62)) -> 0 | BC70: =SUMPRODUCT((NOT(ISBLANK(BC$3:BC$62))*(BC$3:BC$62>$BS$3:$BS$62))+ISBLANK(BC$3:BC$62)) -> 0 | BD70: =SUMPRODUCT((NOT(ISBLANK(BD$3:BD$62))*(BD$3:BD$62>$BR$3:$BR$62))+ISBLANK(BD$3:BD$62)) -> 0 | BE70: =SUMPRODUCT((NOT(ISBLANK(BE$3:BE$62))*(BE$3:BE$62>$BS$3:$BS$62))+ISBLANK(BE$3:BE$62)) -> 0 | BF70: =SUMPRODUCT((NOT(ISBLANK(BF$3:BF$62))*(BF$3:BF$62>$BR$3:$BR$62))+ISBLANK(BF$3:BF$62)) -> 0 | BG70: =SUMPRODUCT((NOT(ISBLANK(BG$3:BG$62))*(BG$3:BG$62>$BS$3:$BS$62))+ISBLANK(BG$3:BG$62)) -> 0 | BH70: =SUMPRODUCT((NOT(ISBLANK(BH$3:BH$62))*(BH$3:BH$62>$BR$3:$BR$62))+ISBLANK(BH$3:BH$62)) -> 0 | BI70: =SUMPRODUCT((NOT(ISBLANK(BI$3:BI$62))*(BI$3:BI$62>$BS$3:$BS$62))+ISBLANK(BI$3:BI$62)) -> 0 | BJ70: =SUMPRODUCT((NOT(ISBLANK(BJ$3:BJ$62))*(BJ$3:BJ$62>$BR$3:$BR$62))+ISBLANK(BJ$3:BJ$62)) -> 0 | BK70: =SUMPRODUCT((NOT(ISBLANK(BK$3:BK$62))*(BK$3:BK$62>$BS$3:$BS$62))+ISBLANK(BK$3:BK$62)) -> 0 | BL70: =SUMPRODUCT((NOT(ISBLANK(BL$3:BL$62))*(BL$3:BL$62>$BR$3:$BR$62))+ISBLANK(BL$3:BL$62)) -> 0 | BM70: =SUMPRODUCT((NOT(ISBLANK(BM$3:BM$62))*(BM$3:BM$62>$BS$3:$BS$62))+ISBLANK(BM$3:BM$62)) -> 0 | BN70: =SUMPRODUCT((NOT(ISBLANK(BN$3:BN$62))*(BN$3:BN$62>$BR$3:$BR$62))+ISBLANK(BN$3:BN$62)) -> 0 | BO70: =SUMPRODUCT((NOT(ISBLANK(BO$3:BO$62))*(BO$3:BO$62>$BS$3:$BS$62))+ISBLANK(BO$3:BO$62)) -> 0
A71: WORST | B71: =SUMPRODUCT((NOT(ISBLANK(B$3:B$62))*(B$3:B$62=$BT$3:$BT$62))+ISBLANK(B$3:B$62)) -> 0 | C71: =SUMPRODUCT((NOT(ISBLANK(C$3:C$62))*(C$3:C$62=$BU$3:$BU$62))+ISBLANK(C$3:C$62)) -> 0 | D71: =SUMPRODUCT((NOT(ISBLANK(D$3:D$62))*(D$3:D$62=$BT$3:$BT$62))+ISBLANK(D$3:D$62)) -> 0 | E71: =SUMPRODUCT((NOT(ISBLANK(E$3:E$62))*(E$3:E$62=$BU$3:$BU$62))+ISBLANK(E$3:E$62)) -> 0 | F71: =SUMPRODUCT((NOT(ISBLANK(F$3:F$62))*(F$3:F$62=$BT$3:$BT$62))+ISBLANK(F$3:F$62)) -> 0 | G71: =SUMPRODUCT((NOT(ISBLANK(G$3:G$62))*(G$3:G$62=$BU$3:$BU$62))+ISBLANK(G$3:G$62)) -> 0 | H71: =SUMPRODUCT((NOT(ISBLANK(H$3:H$62))*(H$3:H$62=$BT$3:$BT$62))+ISBLANK(H$3:H$62)) -> 0 | I71: =SUMPRODUCT((NOT(ISBLANK(I$3:I$62))*(I$3:I$62=$BU$3:$BU$62))+ISBLANK(I$3:I$62)) -> 0 | J71: =SUMPRODUCT((NOT(ISBLANK(J$3:J$62))*(J$3:J$62=$BT$3:$BT$62))+ISBLANK(J$3:J$62)) -> 0 | K71: =SUMPRODUCT((NOT(ISBLANK(K$3:K$62))*(K$3:K$62=$BU$3:$BU$62))+ISBLANK(K$3:K$62)) -> 0 | L71: =SUMPRODUCT((NOT(ISBLANK(L$3:L$62))*(L$3:L$62=$BT$3:$BT$62))+ISBLANK(L$3:L$62)) -> 0 | M71: =SUMPRODUCT((NOT(ISBLANK(M$3:M$62))*(M$3:M$62=$BU$3:$BU$62))+ISBLANK(M$3:M$62)) -> 0 | N71: =SUMPRODUCT((NOT(ISBLANK(N$3:N$62))*(N$3:N$62=$BT$3:$BT$62))+ISBLANK(N$3:N$62)) -> 0 | O71: =SUMPRODUCT((NOT(ISBLANK(O$3:O$62))*(O$3:O$62=$BU$3:$BU$62))+ISBLANK(O$3:O$62)) -> 0 | P71: =SUMPRODUCT((NOT(ISBLANK(P$3:P$62))*(P$3:P$62=$BT$3:$BT$62))+ISBLANK(P$3:P$62)) -> 0 | Q71: =SUMPRODUCT((NOT(ISBLANK(Q$3:Q$62))*(Q$3:Q$62=$BU$3:$BU$62))+ISBLANK(Q$3:Q$62)) -> 0 | R71: =SUMPRODUCT((NOT(ISBLANK(R$3:R$62))*(R$3:R$62=$BT$3:$BT$62))+ISBLANK(R$3:R$62)) -> 0 | S71: =SUMPRODUCT((NOT(ISBLANK(S$3:S$62))*(S$3:S$62=$BU$3:$BU$62))+ISBLANK(S$3:S$62)) -> 0 | T71: =SUMPRODUCT((NOT(ISBLANK(T$3:T$62))*(T$3:T$62=$BT$3:$BT$62))+ISBLANK(T$3:T$62)) -> 0 | U71: =SUMPRODUCT((NOT(ISBLANK(U$3:U$62))*(U$3:U$62=$BU$3:$BU$62))+ISBLANK(U$3:U$62)) -> 0 | V71: =SUMPRODUCT((NOT(ISBLANK(V$3:V$62))*(V$3:V$62=$BT$3:$BT$62))+ISBLANK(V$3:V$62)) -> 0 | W71: =SUMPRODUCT((NOT(ISBLANK(W$3:W$62))*(W$3:W$62=$BU$3:$BU$62))+ISBLANK(W$3:W$62)) -> 0 | X71: =SUMPRODUCT((NOT(ISBLANK(X$3:X$62))*(X$3:X$62=$BT$3:$BT$62))+ISBLANK(X$3:X$62)) -> 0 | Y71: =SUMPRODUCT((NOT(ISBLANK(Y$3:Y$62))*(Y$3:Y$62=$BU$3:$BU$62))+ISBLANK(Y$3:Y$62)) -> 0 | Z71: =SUMPRODUCT((NOT(ISBLANK(Z$3:Z$62))*(Z$3:Z$62=$BT$3:$BT$62))+ISBLANK(Z$3:Z$62)) -> 0 | AA71: =SUMPRODUCT((NOT(ISBLANK(AA$3:AA$62))*(AA$3:AA$62=$BU$3:$BU$62))+ISBLANK(AA$3:AA$62)) -> 0 | AB71: =SUMPRODUCT((NOT(ISBLANK(AB$3:AB$62))*(AB$3:AB$62=$BT$3:$BT$62))+ISBLANK(AB$3:AB$62)) -> 0 | AC71: =SUMPRODUCT((NOT(ISBLANK(AC$3:AC$62))*(AC$3:AC$62=$BU$3:$BU$62))+ISBLANK(AC$3:AC$62)) -> 0 | AD71: =SUMPRODUCT((NOT(ISBLANK(AD$3:AD$62))*(AD$3:AD$62=$BT$3:$BT$62))+ISBLANK(AD$3:AD$62)) -> 0 | AE71: =SUMPRODUCT((NOT(ISBLANK(AE$3:AE$62))*(AE$3:AE$62=$BU$3:$BU$62))+ISBLANK(AE$3:AE$62)) -> 0 | AF71: =SUMPRODUCT((NOT(ISBLANK(AF$3:AF$62))*(AF$3:AF$62=$BT$3:$BT$62))+ISBLANK(AF$3:AF$62)) -> 0 | AG71: =SUMPRODUCT((NOT(ISBLANK(AG$3:AG$62))*(AG$3:AG$62=$BU$3:$BU$62))+ISBLANK(AG$3:AG$62)) -> 0 | AH71: =SUMPRODUCT((NOT(ISBLANK(AH$3:AH$62))*(AH$3:AH$62=$BT$3:$BT$62))+ISBLANK(AH$3:AH$62)) -> 0 | AI71: =SUMPRODUCT((NOT(ISBLANK(AI$3:AI$62))*(AI$3:AI$62=$BU$3:$BU$62))+ISBLANK(AI$3:AI$62)) -> 0 | AJ71: =SUMPRODUCT((NOT(ISBLANK(AJ$3:AJ$62))*(AJ$3:AJ$62=$BT$3:$BT$62))+ISBLANK(AJ$3:AJ$62)) -> 0 | AK71: =SUMPRODUCT((NOT(ISBLANK(AK$3:AK$62))*(AK$3:AK$62=$BU$3:$BU$62))+ISBLANK(AK$3:AK$62)) -> 0 | AL71: =SUMPRODUCT((NOT(ISBLANK(AL$3:AL$62))*(AL$3:AL$62=$BT$3:$BT$62))+ISBLANK(AL$3:AL$62)) -> 0 | AM71: =SUMPRODUCT((NOT(ISBLANK(AM$3:AM$62))*(AM$3:AM$62=$BU$3:$BU$62))+ISBLANK(AM$3:AM$62)) -> 0 | AN71: =SUMPRODUCT((NOT(ISBLANK(AN$3:AN$62))*(AN$3:AN$62=$BT$3:$BT$62))+ISBLANK(AN$3:AN$62)) -> 0 | AO71: =SUMPRODUCT((NOT(ISBLANK(AO$3:AO$62))*(AO$3:AO$62=$BU$3:$BU$62))+ISBLANK(AO$3:AO$62)) -> 0 | AP71: =SUMPRODUCT((NOT(ISBLANK(AP$3:AP$62))*(AP$3:AP$62=$BT$3:$BT$62))+ISBLANK(AP$3:AP$62)) -> 0 | AQ71: =SUMPRODUCT((NOT(ISBLANK(AQ$3:AQ$62))*(AQ$3:AQ$62=$BU$3:$BU$62))+ISBLANK(AQ$3:AQ$62)) -> 0 | AR71: =SUMPRODUCT((NOT(ISBLANK(AR$3:AR$62))*(AR$3:AR$62=$BT$3:$BT$62))+ISBLANK(AR$3:AR$62)) -> 0 | AS71: =SUMPRODUCT((NOT(ISBLANK(AS$3:AS$62))*(AS$3:AS$62=$BU$3:$BU$62))+ISBLANK(AS$3:AS$62)) -> 0 | AT71: =SUMPRODUCT((NOT(ISBLANK(AT$3:AT$62))*(AT$3:AT$62=$BT$3:$BT$62))+ISBLANK(AT$3:AT$62)) -> 0 | AU71: =SUMPRODUCT((NOT(ISBLANK(AU$3:AU$62))*(AU$3:AU$62=$BU$3:$BU$62))+ISBLANK(AU$3:AU$62)) -> 0 | AV71: =SUMPRODUCT((NOT(ISBLANK(AV$3:AV$62))*(AV$3:AV$62=$BT$3:$BT$62))+ISBLANK(AV$3:AV$62)) -> 0 | AW71: =SUMPRODUCT((NOT(ISBLANK(AW$3:AW$62))*(AW$3:AW$62=$BU$3:$BU$62))+ISBLANK(AW$3:AW$62)) -> 0 | AX71: =SUMPRODUCT((NOT(ISBLANK(AX$3:AX$62))*(AX$3:AX$62=$BT$3:$BT$62))+ISBLANK(AX$3:AX$62)) -> 0 | AY71: =SUMPRODUCT((NOT(ISBLANK(AY$3:AY$62))*(AY$3:AY$62=$BU$3:$BU$62))+ISBLANK(AY$3:AY$62)) -> 0 | AZ71: =SUMPRODUCT((NOT(ISBLANK(AZ$3:AZ$62))*(AZ$3:AZ$62=$BT$3:$BT$62))+ISBLANK(AZ$3:AZ$62)) -> 0 | BA71: =SUMPRODUCT((NOT(ISBLANK(BA$3:BA$62))*(BA$3:BA$62=$BU$3:$BU$62))+ISBLANK(BA$3:BA$62)) -> 0 | BB71: =SUMPRODUCT((NOT(ISBLANK(BB$3:BB$62))*(BB$3:BB$62=$BT$3:$BT$62))+ISBLANK(BB$3:BB$62)) -> 0 | BC71: =SUMPRODUCT((NOT(ISBLANK(BC$3:BC$62))*(BC$3:BC$62=$BU$3:$BU$62))+ISBLANK(BC$3:BC$62)) -> 0 | BD71: =SUMPRODUCT((NOT(ISBLANK(BD$3:BD$62))*(BD$3:BD$62=$BT$3:$BT$62))+ISBLANK(BD$3:BD$62)) -> 0 | BE71: =SUMPRODUCT((NOT(ISBLANK(BE$3:BE$62))*(BE$3:BE$62=$BU$3:$BU$62))+ISBLANK(BE$3:BE$62)) -> 0 | BF71: =SUMPRODUCT((NOT(ISBLANK(BF$3:BF$62))*(BF$3:BF$62=$BT$3:$BT$62))+ISBLANK(BF$3:BF$62)) -> 0 | BG71: =SUMPRODUCT((NOT(ISBLANK(BG$3:BG$62))*(BG$3:BG$62=$BU$3:$BU$62))+ISBLANK(BG$3:BG$62)) -> 0 | BH71: =SUMPRODUCT((NOT(ISBLANK(BH$3:BH$62))*(BH$3:BH$62=$BT$3:$BT$62))+ISBLANK(BH$3:BH$62)) -> 0 | BI71: =SUMPRODUCT((NOT(ISBLANK(BI$3:BI$62))*(BI$3:BI$62=$BU$3:$BU$62))+ISBLANK(BI$3:BI$62)) -> 0 | BJ71: =SUMPRODUCT((NOT(ISBLANK(BJ$3:BJ$62))*(BJ$3:BJ$62=$BT$3:$BT$62))+ISBLANK(BJ$3:BJ$62)) -> 0 | BK71: =SUMPRODUCT((NOT(ISBLANK(BK$3:BK$62))*(BK$3:BK$62=$BU$3:$BU$62))+ISBLANK(BK$3:BK$62)) -> 0 | BL71: =SUMPRODUCT((NOT(ISBLANK(BL$3:BL$62))*(BL$3:BL$62=$BT$3:$BT$62))+ISBLANK(BL$3:BL$62)) -> 0 | BM71: =SUMPRODUCT((NOT(ISBLANK(BM$3:BM$62))*(BM$3:BM$62=$BU$3:$BU$62))+ISBLANK(BM$3:BM$62)) -> 0 | BN71: =SUMPRODUCT((NOT(ISBLANK(BN$3:BN$62))*(BN$3:BN$62=$BT$3:$BT$62))+ISBLANK(BN$3:BN$62)) -> 0 | BO71: =SUMPRODUCT((NOT(ISBLANK(BO$3:BO$62))*(BO$3:BO$62=$BU$3:$BU$62))+ISBLANK(BO$3:BO$62)) -> 0

Sheet Classes
B1: coomsuite-1.1.2/incremental-exponential_clingo_1.25 | D1: coomsuite-1.1.2/incremental-exponential_clingo_1.33 | F1: coomsuite-1.1.2/incremental-exponential_clingo_1.5 | H1: coomsuite-1.1.2/incremental-exponential_clingo_1.66 | J1: coomsuite-1.1.2/incremental-exponential_clingo_1.75 | L1: coomsuite-1.1.2/incremental-exponential_clingo_2 | N1: coomsuite-1.1.2/incremental-exponential_clingo_2.25 | P1: coomsuite-1.1.2/incremental-exponential_clingo_2.33 | R1: coomsuite-1.1.2/incremental-exponential_clingo_2.5 | T1: coomsuite-1.1.2/incremental-exponential_clingo_2.66 | V1: coomsuite-1.1.2/incremental-exponential_clingo_2.75 | X1: coomsuite-1.1.2/incremental-exponential_flingo_1.25 | Z1: coomsuite-1.1.2/incremental-exponential_flingo_1.33 | AB1: coomsuite-1.1.2/incremental-exponential_flingo_1.5 | AD1: coomsuite-1.1.2/incremental-exponential_flingo_1.66 | AF1: coomsuite-1.1.2/incremental-exponential_flingo_1.75 | AH1: coomsuite-1.1.2/incremental-exponential_flingo_2 | AJ1: coomsuite-1.1.2/incremental-exponential_flingo_2.25 | AL1: coomsuite-1.1.2/incremental-exponential_flingo_2.33 | AN1: coomsuite-1.1.2/incremental-exponential_flingo_2.5 | AP1: coomsuite-1.1.2/incremental-exponential_flingo_2.66 | AR1: coomsuite-1.1.2/incremental-exponential_flingo_2.75 | AT1: coomsuite-1.1.2/multishot-exponential_1.25 | AV1: coomsuite-1.1.2/multishot-exponential_1.33 | AX1: coomsuite-1.1.2/multishot-exponential_1.5 | AZ1: coomsuite-1.1.2/multishot-exponential_1.66 | BB1: coomsuite-1.1.2/multishot-exponential_1.75 | BD1: coomsuite-1.1.2/multishot-exponential_2 | BF1: coomsuite-1.1.2/multishot-exponential_2.25 | BH1: coomsuite-1.1.2/multishot-exponential_2.33 | BJ1: coomsuite-1.1.2/multishot-exponential_2.5 | BL1: coomsuite-1.1.2/multishot-exponential_2.66 | BN1: coomsuite-1.1.2/multishot-exponential_2.75 | BP1: min | BR1: median | BT1: max
B2: time | C2: timeout | D2: time | E2: timeout | F2: time | G2: timeout | H2: time | I2: timeout | J2: time | K2: timeout | L2: time | M2: timeout | N2: time | O2: timeout | P2: time | Q2: timeout | R2: time | S2: timeout | T2: time | U2: timeout | V2: time | W2: timeout | X2: time | Y2: timeout | Z2: time | AA2: timeout | AB2: time | AC2: timeout | AD2: time | AE2: timeout | AF2: time | AG2: timeout | AH2: time | AI2: timeout | AJ2: time | AK2: timeout | AL2: time | AM2: timeout | AN2: time | AO2: timeout | AP2: time | AQ2: timeout | AR2: time | AS2: timeout | AT2: time | AU2: timeout | AV2: time | AW2: timeout | AX2: time | AY2: timeout | AZ2: time | BA2: timeout | BB2: time | BC2: timeout | BD2: time | BE2: timeout | BF2: time | BG2: timeout | BH2: time | BI2: timeout | BJ2: time | BK2: timeout | BL2: time | BM2: timeout | BN2: time | BO2: timeout | BP2: time | BQ2: timeout | BR2: time | BS2: timeout | BT2: time | BU2: timeout
A3: . | B3: =AVERAGE(Instances!B3:Instances!B37) -> 0 | C3: =SUM(Instances!C3:Instances!C37) -> 0 | D3: =AVERAGE(Instances!D3:Instances!D37) -> 0 | E3: =SUM(Instances!E3:Instances!E37) -> 0 | F3: =AVERAGE(Instances!F3:Instances!F37) -> 0 | G3: =SUM(Instances!G3:Instances!G37) -> 0 | H3: =AVERAGE(Instances!H3:Instances!H37) -> 0 | I3: =SUM(Instances!I3:Instances!I37) -> 0 | J3: =AVERAGE(Instances!J3:Instances!J37) -> 0 | K3: =SUM(Instances!K3:Instances!K37) -> 0 | L3: =AVERAGE(Instances!L3:Instances!L37) -> 0 | M3: =SUM(Instances!M3:Instances!M37) -> 0 | N3: =AVERAGE(Instances!N3:Instances!N37) -> 0 | O3: =SUM(Instances!O3:Instances!O37) -> 0 | P3: =AVERAGE(Instances!P3:Instances!P37) -> 0 | Q3: =SUM(Instances!Q3:Instances!Q37) -> 0 | R3: =AVERAGE(Instances!R3:Instances!R37) -> 0 | S3: =SUM(Instances!S3:Instances!S37) -> 0 | T3: =AVERAGE(Instances!T3:Instances!T37) -> 0 | U3: =SUM(Instances!U3:Instances!U37) -> 0 | V3: =AVERAGE(Instances!V3:Instances!V37) -> 0 | W3: =SUM(Instances!W3:Instances!W37) -> 0 | X3: =AVERAGE(Instances!X3:Instances!X37) -> 0 | Y3: =SUM(Instances!Y3:Instances!Y37) -> 0 | Z3: =AVERAGE(Instances!Z3:Instances!Z37) -> 0 | AA3: =SUM(Instances!AA3:Instances!AA37) -> 0 | AB3: =AVERAGE(Instances!AB3:Instances!AB37) -> 0 | AC3: =SUM(Instances!AC3:Instances!AC37) -> 0 | AD3: =AVERAGE(Instances!AD3:Instances!AD37) -> 0 | AE3: =SUM(Instances!AE3:Instances!AE37) -> 0 | AF3: =AVERAGE(Instances!AF3:Instances!AF37) -> 0 | AG3: =SUM(Instances!AG3:Instances!AG37) -> 0 | AH3: =AVERAGE(Instances!AH3:Instances!AH37) -> 0 | AI3: =SUM(Instances!AI3:Instances!AI37) -> 0 | AJ3: =AVERAGE(Instances!AJ3:Instances!AJ37) -> 0 | AK3: =SUM(Instances!AK3:Instances!AK37) -> 0 | AL3: =AVERAGE(Instances!AL3:Instances!AL37) -> 0 | AM3: =SUM(Instances!AM3:Instances!AM37) -> 0 | AN3: =AVERAGE(Instances!AN3:Instances!AN37) -> 0 | AO3: =SUM(Instances!AO3:Instances!AO37) -> 0 | AP3: =AVERAGE(Instances!AP3:Instances!AP37) -> 0 | AQ3: =SUM(Instances!AQ3:Instances!AQ37) -> 0 | AR3: =AVERAGE(Instances!AR3:Instances!AR37) -> 0 | AS3: =SUM(Instances!AS3:Instances!AS37) -> 0 | AT3: =AVERAGE(Instances!AT3:Instances!AT37) -> 0 | AU3: =SUM(Instances!AU3:Instances!AU37) -> 0 | AV3: =AVERAGE(Instances!AV3:Instances!AV37) -> 0 | AW3: =SUM(Instances!AW3:Instances!AW37) -> 0 | AX3: =AVERAGE(Instances!AX3:Instances!AX37) -> 0 | AY3: =SUM(Instances!AY3:Instances!AY37) -> 0 | AZ3: =AVERAGE(Instances!AZ3:Instances!AZ37) -> 0 | BA3: =SUM(Instances!BA3:Instances!BA37) -> 0 | BB3: =AVERAGE(Instances!BB3:Instances!BB37) -> 0 | BC3: =SUM(Instances!BC3:Instances!BC37) -> 0 | BD3: =AVERAGE(Instances!BD3:Instances!BD37) -> 0 | BE3: =SUM(Instances!BE3:Instances!BE37) -> 0 | BF3: =AVERAGE(Instances!BF3:Instances!BF37) -> 0 | BG3: =SUM(Instances!BG3:Instances!BG37) -> 0 | BH3: =AVERAGE(Instances!BH3:Instances!BH37) -> 0 | BI3: =SUM(Instances!BI3:Instances!BI37) -> 0 | BJ3: =AVERAGE(Instances!BJ3:Instances!BJ37) -> 0 | BK3: =SUM(Instances!BK3:Instances!BK37) -> 0 | BL3: =AVERAGE(Instances!BL3:Instances!BL37) -> 0 | BM3: =SUM(Instances!BM3:Instances!BM37) -> 0 | BN3: =AVERAGE(Instances!BN3:Instances!BN37) -> 0 | BO3: =SUM(Instances!BO3:Instances!BO37) -> 0 | BP3: =MIN($B3,$D3,$F3,$H3,$J3,$L3,$N3,$P3,$R3,$T3,$V3,$X3,$Z3,$AB3,$AD3,$AF3,$AH3,$AJ3,$AL3,$AN3,$AP3,$AR3,$AT3,$AV3,$AX3,$AZ3,$BB3,$BD3,$BF3,$BH3,$BJ3,$BL3,$BN3) -> 0 | BQ3: =MIN($C3,$E3,$G3,$I3,$K3,$M3,$O3,$Q3,$S3,$U3,$W3,$Y3,$AA3,$AC3,$AE3,$AG3,$AI3,$AK3,$AM3,$AO3,$AQ3,$AS3,$AU3,$AW3,$AY3,$BA3,$BC3,$BE3,$BG3,$BI3,$BK3,$BM3,$BO3) -> 0 | BR3: =MEDIAN($B3,$D3,$F3,$H3,$J3,$L3,$N3,$P3,$R3,$T3,$V3,$X3,$Z3,$AB3,$AD3,$AF3,$AH3,$AJ3,$AL3,$AN3,$AP3,$AR3,$AT3,$AV3,$AX3,$AZ3,$BB3,$BD3,$BF3,$BH3,$BJ3,$BL3,$BN3) -> 0 | BS3: =MEDIAN($C3,$E3,$G3,$I3,$K3,$M3,$O3,$Q3,$S3,$U3,$W3,$Y3,$AA3,$AC3,$AE3,$AG3,$AI3,$AK3,$AM3,$AO3,$AQ3,$AS3,$AU3,$AW3,$AY3,$BA3,$BC3,$BE3,$BG3,$BI3,$BK3,$BM3,$BO3) -> 0 | BT3: =MAX($B3,$D3,$F3,$H3,$J3,$L3,$N3,$P3,$R3,$T3,$V3,$X3,$Z3,$AB3,$AD3,$AF3,$AH3,$AJ3,$AL3,$AN3,$AP3,$AR3,$AT3,$AV3,$AX3,$AZ3,$BB3,$BD3,$BF3,$BH3,$BJ3,$BL3,$BN3) -> 0 | BU3: =MAX($C3,$E3,$G3,$I3,$K3,$M3,$O3,$Q3,$S3,$U3,$W3,$Y3,$AA3,$AC3,$AE3,$AG3,$AI3,$AK3,$AM3,$AO3,$AQ3,$AS3,$AU3,$AW3,$AY3,$BA3,$BC3,$BE3,$BG3,$BI3,$BK3,$BM3,$BO3) -> 0
A4: . | B4: =AVERAGE(Instances!B38:Instances!B62) -> 0 | C4: =SUM(Instances!C38:Instances!C62) -> 0 | D4: =AVERAGE(Instances!D38:Instances!D62) -> 0 | E4: =SUM(Instances!E38:Instances!E62) -> 0 | F4: =AVERAGE(Instances!F38:Instances!F62) -> 0 | G4: =SUM(Instances!G38:Instances!G62) -> 0 | H4: =AVERAGE(Instances!H38:Instances!H62) -> 0 | I4: =SUM(Instances!I38:Instances!I62) -> 0 | J4: =AVERAGE(Instances!J38:Instances!J62) -> 0 | K4: =SUM(Instances!K38:Instances!K62) -> 0 | L4: =AVERAGE(Instances!L38:Instances!L62) -> 0 | M4: =SUM(Instances!M38:Instances!M62) -> 0 | N4: =AVERAGE(Instances!N38:Instances!N62) -> 0 | O4: =SUM(Instances!O38:Instances!O62) -> 0 | P4: =AVERAGE(Instances!P38:Instances!P62) -> 0 | Q4: =SUM(Instances!Q38:Instances!Q62) -> 0 | R4: =AVERAGE(Instances!R38:Instances!R62) -> 0 | S4: =SUM(Instances!S38:Instances!S62) -> 0 | T4: =AVERAGE(Instances!T38:Instances!T62) -> 0 | U4: =SUM(Instances!U38:Instances!U62) -> 0 | V4: =AVERAGE(Instances!V38:Instances!V62) -> 0 | W4: =SUM(Instances!W38:Instances!W62) -> 0 | X4: =AVERAGE(Instances!X38:Instances!X62) -> 0 | Y4: =SUM(Instances!Y38:Instances!Y62) -> 0 | Z4: =AVERAGE(Instances!Z38:Instances!Z62) -> 0 | AA4: =SUM(Instances!AA38:Instances!AA62) -> 0 | AB4: =AVERAGE(Instances!AB38:Instances!AB62) -> 0 | AC4: =SUM(Instances!AC38:Instances!AC62) -> 0 | AD4: =AVERAGE(Instances!AD38:Instances!AD62) -> 0 | AE4: =SUM(Instances!AE38:Instances!AE62) -> 0 | AF4: =AVERAGE(Instances!AF38:Instances!AF62) -> 0 | AG4: =SUM(Instances!AG38:Instances!AG62) -> 0 | AH4: =AVERAGE(Instances!AH38:Instances!AH62) -> 0 | AI4: =SUM(Instances!AI38:Instances!AI62) -> 0 | AJ4: =AVERAGE(Instances!AJ38:Instances!AJ62) -> 0 | AK4: =SUM(Instances!AK38:Instances!AK62) -> 0 | AL4: =AVERAGE(Instances!AL38:Instances!AL62) -> 0 | AM4: =SUM(Instances!AM38:Instances!AM62) -> 0 | AN4: =AVERAGE(Instances!AN38:Instances!AN62) -> 0 | AO4: =SUM(Instances!AO38:Instances!AO62) -> 0 | AP4: =AVERAGE(Instances!AP38:Instances!AP62) -> 0 | AQ4: =SUM(Instances!AQ38:Instances!AQ62) -> 0 | AR4: =AVERAGE(Instances!AR38:Instances!AR62) -> 0 | AS4: =SUM(Instances!AS38:Instances!AS62) -> 0 | AT4: =AVERAGE(Instances!AT38:Instances!AT62) -> 0 | AU4: =SUM(Instances!AU38:Instances!AU62) -> 0 | AV4: =AVERAGE(Instances!AV38:Instances!AV62) -> 0 | AW4: =SUM(Instances!AW38:Instances!AW62) -> 0 | AX4: =AVERAGE(Instances!AX38:Instances!AX62) -> 0 | AY4: =SUM(Instances!AY38:Instances!AY62) -> 0 | AZ4: =AVERAGE(Instances!AZ38:Instances!AZ62) -> 0 | BA4: =SUM(Instances!BA38:Instances!BA62) -> 0 | BB4: =AVERAGE(Instances!BB38:Instances!BB62) -> 0 | BC4: =SUM(Instances!BC38:Instances!BC62) -> 0 | BD4: =AVERAGE(Instances!BD38:Instances!BD62) -> 0 | BE4: =SUM(Instances!BE38:Instances!BE62) -> 0 | BF4: =AVERAGE(Instances!BF38:Instances!BF62) -> 0 | BG4: =SUM(Instances!BG38:Instances!BG62) -> 0 | BH4: =AVERAGE(Instances!BH38:Instances!BH62) -> 0 | BI4: =SUM(Instances!BI38:Instances!BI62) -> 0 | BJ4: =AVERAGE(Instances!BJ38:Instances!BJ62) -> 0 | BK4: =SUM(Instances!BK38:Instances!BK62) -> 0 | BL4: =AVERAGE(Instances!BL38:Instances!BL62) -> 0 | BM4: =SUM(Instances!BM38:Instances!BM62) -> 0 | BN4: =AVERAGE(Instances!BN38:Instances!BN62) -> 0 | BO4: =SUM(Instances!BO38:Instances!BO62) -> 0 | BP4: =MIN($B4,$D4,$F4,$H4,$J4,$L4,$N4,$P4,$R4,$T4,$V4,$X4,$Z4,$AB4,$AD4,$AF4,$AH4,$AJ4,$AL4,$AN4,$AP4,$AR4,$AT4,$AV4,$AX4,$AZ4,$BB4,$BD4,$BF4,$BH4,$BJ4,$BL4,$BN4) -> 0 | BQ4: =MIN($C4,$E4,$G4,$I4,$K4,$M4,$O4,$Q4,$S4,$U4,$W4,$Y4,$AA4,$AC4,$AE4,$AG4,$AI4,$AK4,$AM4,$AO4,$AQ4,$AS4,$AU4,$AW4,$AY4,$BA4,$BC4,$BE4,$BG4,$BI4,$BK4,$BM4,$BO4) -> 0 | BR4: =MEDIAN($B4,$D4,$F4,$H4,$J4,$L4,$N4,$P4,$R4,$T4,$V4,$X4,$Z4,$AB4,$AD4,$AF4,$AH4,$AJ4,$AL4,$AN4,$AP4,$AR4,$AT4,$AV4,$AX4,$AZ4,$BB4,$BD4,$BF4,$BH4,$BJ4,$BL4,$BN4) -> 0 | BS4: =MEDIAN($C4,$E4,$G4,$I4,$K4,$M4,$O4,$Q4,$S4,$U4,$W4,$Y4,$AA4,$AC4,$AE4,$AG4,$AI4,$AK4,$AM4,$AO4,$AQ4,$AS4,$AU4,$AW4,$AY4,$BA4,$BC4,$BE4,$BG4,$BI4,$BK4,$BM4,$BO4) -> 0 | BT4: =MAX($B4,$D4,$F4,$H4,$J4,$L4,$N4,$P4,$R4,$T4,$V4,$X4,$Z4,$AB4,$AD4,$AF4,$AH4,$AJ4,$AL4,$AN4,$AP4,$AR4,$AT4,$AV4,$AX4,$AZ4,$BB4,$BD4,$BF4,$BH4,$BJ4,$BL4,$BN4) -> 0 | BU4: =MAX($C4,$E4,$G4,$I4,$K4,$M4,$O4,$Q4,$S4,$U4,$W4,$Y4,$AA4,$AC4,$AE4,$AG4,$AI4,$AK4,$AM4,$AO4,$AQ4,$AS4,$AU4,$AW4,$AY4,$BA4,$BC4,$BE4,$BG4,$BI4,$BK4,$BM4,$BO4) -> 0
A6: SUM | B6: =SUM(B$3:B$4) -> 0 | C6: =SUM(C$3:C$4) -> 0 | D6: =SUM(D$3:D$4) -> 0 | E6: =SUM(E$3:E$4) -> 0 | F6: =SUM(F$3:F$4) -> 0 | G6: =SUM(G$3:G$4) -> 0 | H6: =SUM(H$3:H$4) -> 0 | I6: =SUM(I$3:I$4) -> 0 | ... BU6: =SUM(BU$3:BU$4) -> 0
A7: AVG | B7: =AVERAGE(B$3:B$4) -> 0 | C7: =AVERAGE(C$3:C$4) -> 0 | D7: =AVERAGE(D$3:D$4) -> 0 | E7: =AVERAGE(E$3:E$4) -> 0 | F7: =AVERAGE(F$3:F$4) -> 0 | G7: =AVERAGE(G$3:G$4) -> 0 | H7: =AVERAGE(H$3:H$4) -> 0 | I7: =AVERAGE(I$3:I$4) -> 0 | ... BU7: =AVERAGE(BU$3:BU$4) -> 0
A8: DEV | B8: =STDEV(B$3:B$4) -> 0 | C8: =STDEV(C$3:C$4) -> 0 | D8: =STDEV(D$3:D$4) -> 0 | E8: =STDEV(E$3:E$4) -> 0 | F8: =STDEV(F$3:F$4) -> 0 | G8: =STDEV(G$3:G$4) -> 0 | H8: =STDEV(H$3:H$4) -> 0 | I8: =STDEV(I$3:I$4) -> 0 | ... BU8: =STDEV(BU$3:BU$4) -> 0
A9: DST | B9: =SUMPRODUCT(--(B$3:B$4-$BP$3:$BP$4)^2)^0.5 -> 0 | C9: =SUMPRODUCT(--(C$3:C$4-$BQ$3:$BQ$4)^2)^0.5 -> 0 | D9: =SUMPRODUCT(--(D$3:D$4-$BP$3:$BP$4)^2)^0.5 -> 0 | E9: =SUMPRODUCT(--(E$3:E$4-$BQ$3:$BQ$4)^2)^0.5 -> 0 | F9: =SUMPRODUCT(--(F$3:F$4-$BP$3:$BP$4)^2)^0.5 -> 0 | G9: =SUMPRODUCT(--(G$3:G$4-$BQ$3:$BQ$4)^2)^0.5 -> 0 | H9: =SUMPRODUCT(--(H$3:H$4-$BP$3:$BP$4)^2)^0.5 -> 0 | I9: =SUMPRODUCT(--(I$3:I$4-$BQ$3:$BQ$4)^2)^0.5 -> 0 | J9: =SUMPRODUCT(--(J$3:J$4-$BP$3:$BP$4)^2)^0.5 -> 0 | K9: =SUMPRODUCT(--(K$3:K$4-$BQ$3:$BQ$4)^2)^0.5 -> 0 | L9: =SUMPRODUCT(--(L$3:L$4-$BP$3:$BP$4)^2)^0.5 -> 0 | M9: =SUMPRODUCT(--(M$3:M$4-$BQ$3:$BQ$4)^2)^0.5 -> 0 | N9: =SUMPRODUCT(--(N$3:N$4-$BP$3:$BP$4)^2)^0.5 -> 0 | O9: =SUMPRODUCT(--(O$3:O$4-$BQ$3:$BQ$4)^2)^0.5 -> 0 | P9: =SUMPRODUCT(--(P$3:P$4-$BP$3:$BP$4)^2)^0.5 -> 0 | Q9: =SUMPRODUCT(--(Q$3:Q$4-$BQ$3:$BQ$4)^2)^0.5 -> 0 | R9: =SUMPRODUCT(--(R$3:R$4-$BP$3:$BP$4)^2)^0.5 -> 0 | S9: =SUMPRODUCT(--(S$3:S$4-$BQ$3:$BQ$4)^2)^0.5 -> 0 | T9: =SUMPRODUCT(--(T$3:T$4-$BP$3:$BP$4)^2)^0.5 -> 0 | U9: =SUMPRODUCT(--(U$3:U$4-$BQ$3:$BQ$4)^2)^0.5 -> 0 | V9: =SUMPRODUCT(--(V$3:V$4-$BP$3:$BP$4)^2)^0.5 -> 0 | W9: =SUMPRODUCT(--(W$3:W$4-$BQ$3:$BQ$4)^2)^0.5 -> 0 | X9: =SUMPRODUCT(--(X$3:X$4-$BP$3:$BP$4)^2)^0.5 -> 0 | Y9: =SUMPRODUCT(--(Y$3:Y$4-$BQ$3:$BQ$4)^2)^0.5 -> 0 | Z9: =SUMPRODUCT(--(Z$3:Z$4-$BP$3:$BP$4)^2)^0.5 -> 0 | AA9: =SUMPRODUCT(--(AA$3:AA$4-$BQ$3:$BQ$4)^2)^0.5 -> 0 | AB9: =SUMPRODUCT(--(AB$3:AB$4-$BP$3:$BP$4)^2)^0.5 -> 0 | AC9: =SUMPRODUCT(--(AC$3:AC$4-$BQ$3:$BQ$4)^2)^0.5 -> 0 | AD9: =SUMPRODUCT(--(AD$3:AD$4-$BP$3:$BP$4)^2)^0.5 -> 0 | AE9: =SUMPRODUCT(--(AE$3:AE$4-$BQ$3:$BQ$4)^2)^0.5 -> 0 | AF9: =SUMPRODUCT(--(AF$3:AF$4-$BP$3:$BP$4)^2)^0.5 -> 0 | AG9: =SUMPRODUCT(--(AG$3:AG$4-$BQ$3:$BQ$4)^2)^0.5 -> 0 | AH9: =SUMPRODUCT(--(AH$3:AH$4-$BP$3:$BP$4)^2)^0.5 -> 0 | AI9: =SUMPRODUCT(--(AI$3:AI$4-$BQ$3:$BQ$4)^2)^0.5 -> 0 | AJ9: =SUMPRODUCT(--(AJ$3:AJ$4-$BP$3:$BP$4)^2)^0.5 -> 0 | AK9: =SUMPRODUCT(--(AK$3:AK$4-$BQ$3:$BQ$4)^2)^0.5 -> 0 | AL9: =SUMPRODUCT(--(AL$3:AL$4-$BP$3:$BP$4)^2)^0.5 -> 0 | AM9: =SUMPRODUCT(--(AM$3:AM$4-$BQ$3:$BQ$4)^2)^0.5 -> 0 | AN9: =SUMPRODUCT(--(AN$3:AN$4-$BP$3:$BP$4)^2)^0.5 -> 0 | AO9: =SUMPRODUCT(--(AO$3:AO$4-$BQ$3:$BQ$4)^2)^0.5 -> 0 | AP9: =SUMPRODUCT(--(AP$3:AP$4-$BP$3:$BP$4)^2)^0.5 -> 0 | AQ9: =SUMPRODUCT(--(AQ$3:AQ$4-$BQ$3:$BQ$4)^2)^0.5 -> 0 | AR9: =SUMPRODUCT(--(AR$3:AR$4-$BP$3:$BP$4)^2)^0.5 -> 0 | AS9: =SUMPRODUCT(--(AS$3:AS$4-$BQ$3:$BQ$4)^2)^0.5 -> 0 | AT9: =SUMPRODUCT(--(AT$3:AT$4-$BP$3:$BP$4)^2)^0.5 -> 0 | AU9: =SUMPRODUCT(--(AU$3:AU$4-$BQ$3:$BQ$4)^2)^0.5 -> 0 | AV9: =SUMPRODUCT(--(AV$3:AV$4-$BP$3:$BP$4)^2)^0.5 -> 0 | AW9: =SUMPRODUCT(--(AW$3:AW$4-$BQ$3:$BQ$4)^2)^0.5 -> 0 | AX9: =SUMPRODUCT(--(AX$3:AX$4-$BP$3:$BP$4)^2)^0.5 -> 0 | AY9: =SUMPRODUCT(--(AY$3:AY$4-$BQ$3:$BQ$4)^2)^0.5 -> 0 | AZ9: =SUMPRODUCT(--(AZ$3:AZ$4-$BP$3:$BP$4)^2)^0.5 -> 0 | BA9: =SUMPRODUCT(--(BA$3:BA$4-$BQ$3:$BQ$4)^2)^0.5 -> 0 | BB9: =SUMPRODUCT(--(BB$3:BB$4-$BP$3:$BP$4)^2)^0.5 -> 0 | BC9: =SUMPRODUCT(--(BC$3:BC$4-$BQ$3:$BQ$4)^2)^0.5 -> 0 | BD9: =SUMPRODUCT(--(BD$3:BD$4-$BP$3:$BP$4)^2)^0.5 -> 0 | BE9: =SUMPRODUCT(--(BE$3:BE$4-$BQ$3:$BQ$4)^2)^0.5 -> 0 | BF9: =SUMPRODUCT(--(BF$3:BF$4-$BP$3:$BP$4)^2)^0.5 -> 0 | BG9: =SUMPRODUCT(--(BG$3:BG$4-$BQ$3:$BQ$4)^2)^0.5 -> 0 | BH9: =SUMPRODUCT(--(BH$3:BH$4-$BP$3:$BP$4)^2)^0.5 -> 0 | BI9: =SUMPRODUCT(--(BI$3:BI$4-$BQ$3:$BQ$4)^2)^0.5 -> 0 | BJ9: =SUMPRODUCT(--(BJ$3:BJ$4-$BP$3:$BP$4)^2)^0.5 -> 0 | BK9: =SUMPRODUCT(--(BK$3:BK$4-$BQ$3:$BQ$4)^2)^0.5 -> 0 | BL9: =SUMPRODUCT(--(BL$3:BL$4-$BP$3:$BP$4)^2)^0.5 -> 0 | BM9: =SUMPRODUCT(--(BM$3:BM$4-$BQ$3:$BQ$4)^2)^0.5 -> 0 | BN9: =SUMPRODUCT(--(BN$3:BN$4-$BP$3:$BP$4)^2)^0.5 -> 0 | BO9: =SUMPRODUCT(--(BO$3:BO$4-$BQ$3:$BQ$4)^2)^0.5 -> 0
A10: BEST | B10: =SUMPRODUCT(NOT(ISBLANK(B$3:B$4))*(B$3:B$4=$BP$3:$BP$4)) -> 0 | C10: =SUMPRODUCT(NOT(ISBLANK(C$3:C$4))*(C$3:C$4=$BQ$3:$BQ$4)) -> 0 | D10: =SUMPRODUCT(NOT(ISBLANK(D$3:D$4))*(D$3:D$4=$BP$3:$BP$4)) -> 0 | E10: =SUMPRODUCT(NOT(ISBLANK(E$3:E$4))*(E$3:E$4=$BQ$3:$BQ$4)) -> 0 | F10: =SUMPRODUCT(NOT(ISBLANK(F$3:F$4))*(F$3:F$4=$BP$3:$BP$4)) -> 0 | G10: =SUMPRODUCT(NOT(ISBLANK(G$3:G$4))*(G$3:G$4=$BQ$3:$BQ$4)) -> 0 | H10: =SUMPRODUCT(NOT(ISBLANK(H$3:H$4))*(H$3:H$4=$BP$3:$BP$4)) -> 0 | I10: =SUMPRODUCT(NOT(ISBLANK(I$3:I$4))*(I$3:I$4=$BQ$3:$BQ$4)) -> 0 | J10: =SUMPRODUCT(NOT(ISBLANK(J$3:J$4))*(J$3:J$4=$BP$3:$BP$4)) -> 0 | K10: =SUMPRODUCT(NOT(ISBLANK(K$3:K$4))*(K$3:K$4=$BQ$3:$BQ$4)) -> 0 | L10: =SUMPRODUCT(NOT(ISBLANK(L$3:L$4))*(L$3:L$4=$BP$3:$BP$4)) -> 0 | M10: =SUMPRODUCT(NOT(ISBLANK(M$3:M$4))*(M$3:M$4=$BQ$3:$BQ$4)) -> 0 | N10: =SUMPRODUCT(NOT(ISBLANK(N$3:N$4))*(N$3:N$4=$BP$3:$BP$4)) -> 0 | O10: =SUMPRODUCT(NOT(ISBLANK(O$3:O$4))*(O$3:O$4=$BQ$3:$BQ$4)) -> 0 | P10: =SUMPRODUCT(NOT(ISBLANK(P$3:P$4))*(P$3:P$4=$BP$3:$BP$4)) -> 0 | Q10: =SUMPRODUCT(NOT(ISBLANK(Q$3:Q$4))*(Q$3:Q$4=$BQ$3:$BQ$4)) -> 0 | R10: =SUMPRODUCT(NOT(ISBLANK(R$3:R$4))*(R$3:R$4=$BP$3:$BP$4)) -> 0 | S10: =SUMPRODUCT(NOT(ISBLANK(S$3:S$4))*(S$3:S$4=$BQ$3:$BQ$4)) -> 0 | T10: =SUMPRODUCT(NOT(ISBLANK(T$3:T$4))*(T$3:T$4=$BP$3:$BP$4)) -> 0 | U10: =SUMPRODUCT(NOT(ISBLANK(U$3:U$4))*(U$3:U$4=$BQ$3:$BQ$4)) -> 0 | V10: =SUMPRODUCT(NOT(ISBLANK(V$3:V$4))*(V$3:V$4=$BP$3:$BP$4)) -> 0 | W10: =SUMPRODUCT(NOT(ISBLANK(W$3:W$4))*(W$3:W$4=$BQ$3:$BQ$4)) -> 0 | X10: =SUMPRODUCT(NOT(ISBLANK(X$3:X$4))*(X$3:X$4=$BP$3:$BP$4)) -> 0 | Y10: =SUMPRODUCT(NOT(ISBLANK(Y$3:Y$4))*(Y$3:Y$4=$BQ$3:$BQ$4)) -> 0 | Z10: =SUMPRODUCT(NOT(ISBLANK(Z$3:Z$4))*(Z$3:Z$4=$BP$3:$BP$4)) -> 0 | AA10: =SUMPRODUCT(NOT(ISBLANK(AA$3:AA$4))*(AA$3:AA$4=$BQ$3:$BQ$4)) -> 0 | AB10: =SUMPRODUCT(NOT(ISBLANK(AB$3:AB$4))*(AB$3:AB$4=$BP$3:$BP$4)) -> 0 | AC10: =SUMPRODUCT(NOT(ISBLANK(AC$3:AC$4))*(AC$3:AC$4=$BQ$3:$BQ$4)) -> 0 | AD10: =SUMPRODUCT(NOT(ISBLANK(AD$3:AD$4))*(AD$3:AD$4=$BP$3:$BP$4)) -> 0 | AE10: =SUMPRODUCT(NOT(ISBLANK(AE$3:AE$4))*(AE$3:AE$4=$BQ$3:$BQ$4)) -> 0 | AF10: =SUMPRODUCT(NOT(ISBLANK(AF$3:AF$4))*(AF$3:AF$4=$BP$3:$BP$4)) -> 0 | AG10: =SUMPRODUCT(NOT(ISBLANK(AG$3:AG$4))*(AG$3:AG$4=$BQ$3:$BQ$4)) -> 0 | AH10: =SUMPRODUCT(NOT(ISBLANK(AH$3:AH$4))*(AH$3:AH$4=$BP$3:$BP$4)) -> 0 | AI10: =SUMPRODUCT(NOT(ISBLANK(AI$3:AI$4))*(AI$3:AI$4=$BQ$3:$BQ$4)) -> 0 | AJ10: =SUMPRODUCT(NOT(ISBLANK(AJ$3:AJ$4))*(AJ$3:AJ$4=$BP$3:$BP$4)) -> 0 | AK10: =SUMPRODUCT(NOT(ISBLANK(AK$3:AK$4))*(AK$3:AK$4=$BQ$3:$BQ$4)) -> 0 | AL10: =SUMPRODUCT(NOT(ISBLANK(AL$3:AL$4))*(AL$3:AL$4=$BP$3:$BP$4)) -> 0 | AM10: =SUMPRODUCT(NOT(ISBLANK(AM$3:AM$4))*(AM$3:AM$4=$BQ$3:$BQ$4)) -> 0 | AN10: =SUMPRODUCT(NOT(ISBLANK(AN$3:AN$4))*(AN$3:AN$4=$BP$3:$BP$4)) -> 0 | AO10: =SUMPRODUCT(NOT(ISBLANK(AO$3:AO$4))*(AO$3:AO$4=$BQ$3:$BQ$4)) -> 0 | AP10: =SUMPRODUCT(NOT(ISBLANK(AP$3:AP$4))*(AP$3:AP$4=$BP$3:$BP$4)) -> 0 | AQ10: =SUMPRODUCT(NOT(ISBLANK(AQ$3:AQ$4))*(AQ$3:AQ$4=$BQ$3:$BQ$4)) -> 0 | AR10: =SUMPRODUCT(NOT(ISBLANK(AR$3:AR$4))*(AR$3:AR$4=$BP$3:$BP$4)) -> 0 | AS10: =SUMPRODUCT(NOT(ISBLANK(AS$3:AS$4))*(AS$3:AS$4=$BQ$3:$BQ$4)) -> 0 | AT10: =SUMPRODUCT(NOT(ISBLANK(AT$3:AT$4))*(AT$3:AT$4=$BP$3:$BP$4)) -> 0 | AU10: =SUMPRODUCT(NOT(ISBLANK(AU$3:AU$4))*(AU$3:AU$4=$BQ$3:$BQ$4)) -> 0 | AV10: =SUMPRODUCT(NOT(ISBLANK(AV$3:AV$4))*(AV$3:AV$4=$BP$3:$BP$4)) -> 0 | AW10: =SUMPRODUCT(NOT(ISBLANK(AW$3:AW$4))*(AW$3:AW$4=$BQ$3:$BQ$4)) -> 0 | AX10: =SUMPRODUCT(NOT(ISBLANK(AX$3:AX$4))*(AX$3:AX$4=$BP$3:$BP$4)) -> 0 | AY10: =SUMPRODUCT(NOT(ISBLANK(AY$3:AY$4))*(AY$3:AY$4=$BQ$3:$BQ$4)) -> 0 | AZ10: =SUMPRODUCT(NOT(ISBLANK(AZ$3:AZ$4))*(AZ$3:AZ$4=$BP$3:$BP$4)) -> 0 | BA10: =SUMPRODUCT(NOT(ISBLANK(BA$3:BA$4))*(BA$3:BA$4=$BQ$3:$BQ$4)) -> 0 | BB10: =SUMPRODUCT(NOT(ISBLANK(BB$3:BB$4))*(BB$3:BB$4=$BP$3:$BP$4)) -> 0 | BC10: =SUMPRODUCT(NOT(ISBLANK(BC$3:BC$4))*(BC$3:BC$4=$BQ$3:$BQ$4)) -> 0 | BD10: =SUMPRODUCT(NOT(ISBLANK(BD$3:BD$4))*(BD$3:BD$4=$BP$3:$BP$4)) -> 0 | BE10: =SUMPRODUCT(NOT(ISBLANK(BE$3:BE$4))*(BE$3:BE$4=$BQ$3:$BQ$4)) -> 0 | BF10: =SUMPRODUCT(NOT(ISBLANK(BF$3:BF$4))*(BF$3:BF$4=$BP$3:$BP$4)) -> 0 | BG10: =SUMPRODUCT(NOT(ISBLANK(BG$3:BG$4))*(BG$3:BG$4=$BQ$3:$BQ$4)) -> 0 | BH10: =SUMPRODUCT(NOT(ISBLANK(BH$3:BH$4))*(BH$3:BH$4=$BP$3:$BP$4)) -> 0 | BI10: =SUMPRODUCT(NOT(ISBLANK(BI$3:BI$4))*(BI$3:BI$4=$BQ$3:$BQ$4)) -> 0 | BJ10: =SUMPRODUCT(NOT(ISBLANK(BJ$3:BJ$4))*(BJ$3:BJ$4=$BP$3:$BP$4)) -> 0 | BK10: =SUMPRODUCT(NOT(ISBLANK(BK$3:BK$4))*(BK$3:BK$4=$BQ$3:$BQ$4)) -> 0 | BL10: =SUMPRODUCT(NOT(ISBLANK(BL$3:BL$4))*(BL$3:BL$4=$BP$3:$BP$4)) -> 0 | BM10: =SUMPRODUCT(NOT(ISBLANK(BM$3:BM$4))*(BM$3:BM$4=$BQ$3:$BQ$4)) -> 0 | BN10: =SUMPRODUCT(NOT(ISBLANK(BN$3:BN$4))*(BN$3:BN$4=$BP$3:$BP$4)) -> 0 | BO10: =SUMPRODUCT(NOT(ISBLANK(BO$3:BO$4))*(BO$3:BO$4=$BQ$3:$BQ$4)) -> 0
A11: BETTER | B11: =SUMPRODUCT(NOT(ISBLANK(B$3:B$4))*(B$3:B$4<$BR$3:$BR$4)) -> 0 | C11: =SUMPRODUCT(NOT(ISBLANK(C$3:C$4))*(C$3:C$4<$BS$3:$BS$4)) -> 0 | D11: =SUMPRODUCT(NOT(ISBLANK(D$3:D$4))*(D$3:D$4<$BR$3:$BR$4)) -> 0 | E11: =SUMPRODUCT(NOT(ISBLANK(E$3:E$4))*(E$3:E$4<$BS$3:$BS$4)) -> 0 | F11: =SUMPRODUCT(NOT(ISBLANK(F$3:F$4))*(F$3:F$4<$BR$3:$BR$4)) -> 0 | G11: =SUMPRODUCT(NOT(ISBLANK(G$3:G$4))*(G$3:G$4<$BS$3:$BS$4)) -> 0 | H11: =SUMPRODUCT(NOT(ISBLANK(H$3:H$4))*(H$3:H$4<$BR$3:$BR$4)) -> 0 | I11: =SUMPRODUCT(NOT(ISBLANK(I$3:I$4))*(I$3:I$4<$BS$3:$BS$4)) -> 0 | J11: =SUMPRODUCT(NOT(ISBLANK(J$3:J$4))*(J$3:J$4<$BR$3:$BR$4)) -> 0 | K11: =SUMPRODUCT(NOT(ISBLANK(K$3:K$4))*(K$3:K$4<$BS$3:$BS$4)) -> 0 | L11: =SUMPRODUCT(NOT(ISBLANK(L$3:L$4))*(L$3:L$4<$BR$3:$BR$4)) -> 0 | M11: =SUMPRODUCT(NOT(ISBLANK(M$3:M$4))*(M$3:M$4<$BS$3:$BS$4)) -> 0 | N11: =SUMPRODUCT(NOT(ISBLANK(N$3:N$4))*(N$3:N$4<$BR$3:$BR$4)) -> 0 | O11: =SUMPRODUCT(NOT(ISBLANK(O$3:O$4))*(O$3:O$4<$BS$3:$BS$4)) -> 0 | P11: =SUMPRODUCT(NOT(ISBLANK(P$3:P$4))*(P$3:P$4<$BR$3:$BR$4)) -> 0 | Q11: =SUMPRODUCT(NOT(ISBLANK(Q$3:Q$4))*(Q$3:Q$4<$BS$3:$BS$4)) -> 0 | R11: =SUMPRODUCT(NOT(ISBLANK(R$3:R$4))*(R$3:R$4<$BR$3:$BR$4)) -> 0 | S11: =SUMPRODUCT(NOT(ISBLANK(S$3:S$4))*(S$3:S$4<$BS$3:$BS$4)) -> 0 | T11: =SUMPRODUCT(NOT(ISBLANK(T$3:T$4))*(T$3:T$4<$BR$3:$BR$4)) -> 0 | U11: =SUMPRODUCT(NOT(ISBLANK(U$3:U$4))*(U$3:U$4<$BS$3:$BS$4)) -> 0 | V11: =SUMPRODUCT(NOT(ISBLANK(V$3:V$4))*(V$3:V$4<$BR$3:$BR$4)) -> 0 | W11: =SUMPRODUCT(NOT(ISBLANK(W$3:W$4))*(W$3:W$4<$BS$3:$BS$4)) -> 0 | X11: =SUMPRODUCT(NOT(ISBLANK(X$3:X$4))*(X$3:X$4<$BR$3:$BR$4)) -> 0 | Y11: =SUMPRODUCT(NOT(ISBLANK(Y$3:Y$4))*(Y$3:Y$4<$BS$3:$BS$4)) -> 0 | Z11: =SUMPRODUCT(NOT(ISBLANK(Z$3:Z$4))*(Z$3:Z$4<$BR$3:$BR$4)) -> 0 | AA11: =SUMPRODUCT(NOT(ISBLANK(AA$3:AA$4))*(AA$3:AA$4<$BS$3:$BS$4)) -> 0 | AB11: =SUMPRODUCT(NOT(ISBLANK(AB$3:AB$4))*(AB$3:AB$4<$BR$3:$BR$4)) -> 0 | AC11: =SUMPRODUCT(NOT(ISBLANK(AC$3:AC$4))*(AC$3:AC$4<$BS$3:$BS$4)) -> 0 | AD11: =SUMPRODUCT(NOT(ISBLANK(AD$3:AD$4))*(AD$3:AD$4<$BR$3:$BR$4)) -> 0 | AE11: =SUMPRODUCT(NOT(ISBLANK(AE$3:AE$4))*(AE$3:AE$4<$BS$3:$BS$4)) -> 0 | AF11: =SUMPRODUCT(NOT(ISBLANK(AF$3:AF$4))*(AF$3:AF$4<$BR$3:$BR$4)) -> 0 | AG11: =SUMPRODUCT(NOT(ISBLANK(AG$3:AG$4))*(AG$3:AG$4<$BS$3:$BS$4)) -> 0 | AH11: =SUMPRODUCT(NOT(ISBLANK(AH$3:AH$4))*(AH$3:AH$4<$BR$3:$BR$4)) -> 0 | AI11: =SUMPRODUCT(NOT(ISBLANK(AI$3:AI$4))*(AI$3:AI$4<$BS$3:$BS$4)) -> 0 | AJ11: =SUMPRODUCT(NOT(ISBLANK(AJ$3:AJ$4))*(AJ$3:AJ$4<$BR$3:$BR$4)) -> 0 | AK11: =SUMPRODUCT(NOT(ISBLANK(AK$3:AK$4))*(AK$3:AK$4<$BS$3:$BS$4)) -> 0 | AL11: =SUMPRODUCT(NOT(ISBLANK(AL$3:AL$4))*(AL$3:AL$4<$BR$3:$BR$4)) -> 0 | AM11: =SUMPRODUCT(NOT(ISBLANK(AM$3:AM$4))*(AM$3:AM$4<$BS$3:$BS$4)) -> 0 | AN11: =SUMPRODUCT(NOT(ISBLANK(AN$3:AN$4))*(AN$3:AN$4<$BR$3:$BR$4)) -> 0 | AO11: =SUMPRODUCT(NOT(ISBLANK(AO$3:AO$4))*(AO$3:AO$4<$BS$3:$BS$4)) -> 0 | AP11: =SUMPRODUCT(NOT(ISBLANK(AP$3:AP$4))*(AP$3:AP$4<$BR$3:$BR$4)) -> 0 | AQ11: =SUMPRODUCT(NOT(ISBLANK(AQ$3:AQ$4))*(AQ$3:AQ$4<$BS$3:$BS$4)) -> 0 | AR11: =SUMPRODUCT(NOT(ISBLANK(AR$3:AR$4))*(AR$3:AR$4<$BR$3:$BR$4)) -> 0 | AS11: =SUMPRODUCT(NOT(ISBLANK(AS$3:AS$4))*(AS$3:AS$4<$BS$3:$BS$4)) -> 0 | AT11: =SUMPRODUCT(NOT(ISBLANK(AT$3:AT$4))*(AT$3:AT$4<$BR$3:$BR$4)) -> 0 | AU11: =SUMPRODUCT(NOT(ISBLANK(AU$3:AU$4))*(AU$3:AU$4<$BS$3:$BS$4)) -> 0 | AV11: =SUMPRODUCT(NOT(ISBLANK(AV$3:AV$4))*(AV$3:AV$4<$BR$3:$BR$4)) -> 0 | AW11: =SUMPRODUCT(NOT(ISBLANK(AW$3:AW$4))*(AW$3:AW$4<$BS$3:$BS$4)) -> 0 | AX11: =SUMPRODUCT(NOT(ISBLANK(AX$3:AX$4))*(AX$3:AX$4<$BR$3:$BR$4)) -> 0 | AY11: =SUMPRODUCT(NOT(ISBLANK(AY$3:AY$4))*(AY$3:AY$4<$BS$3:$BS$4)) -> 0 | AZ11: =SUMPRODUCT(NOT(ISBLANK(AZ$3:AZ$4))*(AZ$3:AZ$4<$BR$3:$BR$4)) -> 0 | BA11: =SUMPRODUCT(NOT(ISBLANK(BA$3:BA$4))*(BA$3:BA$4<$BS$3:$BS$4)) -> 0 | BB11: =SUMPRODUCT(NOT(ISBLANK(BB$3:BB$4))*(BB$3:BB$4<$BR$3:$BR$4)) -> 0 | BC11: =SUMPRODUCT(NOT(ISBLANK(BC$3:BC$4))*(BC$3:BC$4<$BS$3:$BS$4)) -> 0 | BD11: =SUMPRODUCT(NOT(ISBLANK(BD$3:BD$4))*(BD$3:BD$4<$BR$3:$BR$4)) -> 0 | BE11: =SUMPRODUCT(NOT(ISBLANK(BE$3:BE$4))*(BE$3:BE$4<$BS$3:$BS$4)) -> 0 | BF11: =SUMPRODUCT(NOT(ISBLANK(BF$3:BF$4))*(BF$3:BF$4<$BR$3:$BR$4)) -> 0 | BG11: =SUMPRODUCT(NOT(ISBLANK(BG$3:BG$4))*(BG$3:BG$4<$BS$3:$BS$4)) -> 0 | BH11: =SUMPRODUCT(NOT(ISBLANK(BH$3:BH$4))*(BH$3:BH$4<$BR$3:$BR$4)) -> 0 | BI11: =SUMPRODUCT(NOT(ISBLANK(BI$3:BI$4))*(BI$3:BI$4<$BS$3:$BS$4)) -> 0 | BJ11: =SUMPRODUCT(NOT(ISBLANK(BJ$3:BJ$4))*(BJ$3:BJ$4<$BR$3:$BR$4)) -> 0 | BK11: =SUMPRODUCT(NOT(ISBLANK(BK$3:BK$4))*(BK$3:BK$4<$BS$3:$BS$4)) -> 0 | BL11: =SUMPRODUCT(NOT(ISBLANK(BL$3:BL$4))*(BL$3:BL$4<$BR$3:$BR$4)) -> 0 | BM11: =SUMPRODUCT(NOT(ISBLANK(BM$3:BM$4))*(BM$3:BM$4<$BS$3:$BS$4)) -> 0 | BN11: =SUMPRODUCT(NOT(ISBLANK(BN$3:BN$4))*(BN$3:BN$4<$BR$3:$BR$4)) -> 0 | BO11: =SUMPRODUCT(NOT(ISBLANK(BO$3:BO$4))*(BO$3:BO$4<$BS$3:$BS$4)) -> 0
A12: WORSE | B12: =SUMPRODUCT((NOT(ISBLANK(B$3:B$4))*(B$3:B$4>$BR$3:$BR$4))+ISBLANK(B$3:B$4)) -> 0 | C12: =SUMPRODUCT((NOT(ISBLANK(C$3:C$4))*(C$3:C$4>$BS$3:$BS$4))+ISBLANK(C$3:C$4)) -> 0 | D12: =SUMPRODUCT((NOT(ISBLANK(D$3:D$4))*(D$3:D$4>$BR$3:$BR$4))+ISBLANK(D$3:D$4)) -> 0 | E12: =SUMPRODUCT((NOT(ISBLANK(E$3:E$4))*(E$3:E$4>$BS$3:$BS$4))+ISBLANK(E$3:E$4)) -> 0 | F12: =SUMPRODUCT((NOT(ISBLANK(F$3:F$4))*(F$3:F$4>$BR$3:$BR$4))+ISBLANK(F$3:F$4)) -> 0 | G12: =SUMPRODUCT((NOT(ISBLANK(G$3:G$4))*(G$3:G$4>$BS$3:$BS$4))+ISBLANK(G$3:G$4)) -> 0 | H12: =SUMPRODUCT((NOT(ISBLANK(H$3:H$4))*(H$3:H$4>$BR$3:$BR$4))+ISBLANK(H$3:H$4)) -> 0 | I12: =SUMPRODUCT((NOT(ISBLANK(I$3:I$4))*(I$3:I$4>$BS$3:$BS$4))+ISBLANK(I$3:I$4)) -> 0 | J12: =SUMPRODUCT((NOT(ISBLANK(J$3:J$4))*(J$3:J$4>$BR$3:$BR$4))+ISBLANK(J$3:J$4)) -> 0 | K12: =SUMPRODUCT((NOT(ISBLANK(K$3:K$4))*(K$3:K$4>$BS$3:$BS$4))+ISBLANK(K$3:K$4)) -> 0 | L12: =SUMPRODUCT((NOT(ISBLANK(L$3:L$4))*(L$3:L$4>$BR$3:$BR$4))+ISBLANK(L$3:L$4)) -> 0 | M12: =SUMPRODUCT((NOT(ISBLANK(M$3:M$4))*(M$3:M$4>$BS$3:$BS$4))+ISBLANK(M$3:M$4)) -> 0 | N12: =SUMPRODUCT((NOT(ISBLANK(N$3:N$4))*(N$3:N$4>$BR$3:$BR$4))+ISBLANK(N$3:N$4)) -> 0 | O12: =SUMPRODUCT((NOT(ISBLANK(O$3:O$4))*(O$3:O$4>$BS$3:$BS$4))+ISBLANK(O$3:O$4)) -> 0 | P12: =SUMPRODUCT((NOT(ISBLANK(P$3:P$4))*(P$3:P$4>$BR$3:$BR$4))+ISBLANK(P$3:P$4)) -> 0 | Q12: =SUMPRODUCT((NOT(ISBLANK(Q$3:Q$4))*(Q$3:Q$4>$BS$3:$BS$4))+ISBLANK(Q$3:Q$4)) -> 0 | R12: =SUMPRODUCT((NOT(ISBLANK(R$3:R$4))*(R$3:R$4>$BR$3:$BR$4))+ISBLANK(R$3:R$4)) -> 0 | S12: =SUMPRODUCT((NOT(ISBLANK(S$3:S$4))*(S$3:S$4>$BS$3:$BS$4))+ISBLANK(S$3:S$4)) -> 0 | T12: =SUMPRODUCT((NOT(ISBLANK(T$3:T$4))*(T$3:T$4>$BR$3:$BR$4))+ISBLANK(T$3:T$4)) -> 0 | U12: =SUMPRODUCT((NOT(ISBLANK(U$3:U$4))*(U$3:U$4>$BS$3:$BS$4))+ISBLANK(U$3:U$4)) -> 0 | V12: =SUMPRODUCT((NOT(ISBLANK(V$3:V$4))*(V$3:V$4>$BR$3:$BR$4))+ISBLANK(V$3:V$4)) -> 0 | W12: =SUMPRODUCT((NOT(ISBLANK(W$3:W$4))*(W$3:W$4>$BS$3:$BS$4))+ISBLANK(W$3:W$4)) -> 0 | X12: =SUMPRODUCT((NOT(ISBLANK(X$3:X$4))*(X$3:X$4>$BR$3:$BR$4))+ISBLANK(X$3:X$4)) -> 0 | Y12: =SUMPRODUCT((NOT(ISBLANK(Y$3:Y$4))*(Y$3:Y$4>$BS$3:$BS$4))+ISBLANK(Y$3:Y$4)) -> 0 | Z12: =SUMPRODUCT((NOT(ISBLANK(Z$3:Z$4))*(Z$3:Z$4>$BR$3:$BR$4))+ISBLANK(Z$3:Z$4)) -> 0 | AA12: =SUMPRODUCT((NOT(ISBLANK(AA$3:AA$4))*(AA$3:AA$4>$BS$3:$BS$4))+ISBLANK(AA$3:AA$4)) -> 0 | AB12: =SUMPRODUCT((NOT(ISBLANK(AB$3:AB$4))*(AB$3:AB$4>$BR$3:$BR$4))+ISBLANK(AB$3:AB$4)) -> 0 | AC12: =SUMPRODUCT((NOT(ISBLANK(AC$3:AC$4))*(AC$3:AC$4>$BS$3:$BS$4))+ISBLANK(AC$3:AC$4)) -> 0 | AD12: =SUMPRODUCT((NOT(ISBLANK(AD$3:AD$4))*(AD$3:AD$4>$BR$3:$BR$4))+ISBLANK(AD$3:AD$4)) -> 0 | AE12: =SUMPRODUCT((NOT(ISBLANK(AE$3:AE$4))*(AE$3:AE$4>$BS$3:$BS$4))+ISBLANK(AE$3:AE$4)) -> 0 | AF12: =SUMPRODUCT((NOT(ISBLANK(AF$3:AF$4))*(AF$3:AF$4>$BR$3:$BR$4))+ISBLANK(AF$3:AF$4)) -> 0 | AG12: =SUMPRODUCT((NOT(ISBLANK(AG$3:AG$4))*(AG$3:AG$4>$BS$3:$BS$4))+ISBLANK(AG$3:AG$4)) -> 0 | AH12: =SUMPRODUCT((NOT(ISBLANK(AH$3:AH$4))*(AH$3:AH$4>$BR$3:$BR$4))+ISBLANK(AH$3:AH$4)) -> 0 | AI12: =SUMPRODUCT((NOT(ISBLANK(AI$3:AI$4))*(AI$3:AI$4>$BS$3:$BS$4))+ISBLANK(AI$3:AI$4)) -> 0 | AJ12: =SUMPRODUCT((NOT(ISBLANK(AJ$3:AJ$4))*(AJ$3:AJ$4>$BR$3:$BR$4))+ISBLANK(AJ$3:AJ$4)) -> 0 | AK12: =SUMPRODUCT((NOT(ISBLANK(AK$3:AK$4))*(AK$3:AK$4>$BS$3:$BS$4))+ISBLANK(AK$3:AK$4)) -> 0 | AL12: =SUMPRODUCT((NOT(ISBLANK(AL$3:AL$4))*(AL$3:AL$4>$BR$3:$BR$4))+ISBLANK(AL$3:AL$4)) -> 0 | AM12: =SUMPRODUCT((NOT(ISBLANK(AM$3:AM$4))*(AM$3:AM$4>$BS$3:$BS$4))+ISBLANK(AM$3:AM$4)) -> 0 | AN12: =SUMPRODUCT((NOT(ISBLANK(AN$3:AN$4))*(AN$3:AN$4>$BR$3:$BR$4))+ISBLANK(AN$3:AN$4)) -> 0 | AO12: =SUMPRODUCT((NOT(ISBLANK(AO$3:AO$4))*(AO$3:AO$4>$BS$3:$BS$4))+ISBLANK(AO$3:AO$4)) -> 0 | AP12: =SUMPRODUCT((NOT(ISBLANK(AP$3:AP$4))*(AP$3:AP$4>$BR$3:$BR$4))+ISBLANK(AP$3:AP$4)) -> 0 | AQ12: =SUMPRODUCT((NOT(ISBLANK(AQ$3:AQ$4))*(AQ$3:AQ$4>$BS$3:$BS$4))+ISBLANK(AQ$3:AQ$4)) -> 0 | AR12: =SUMPRODUCT((NOT(ISBLANK(AR$3:AR$4))*(AR$3:AR$4>$BR$3:$BR$4))+ISBLANK(AR$3:AR$4)) -> 0 | AS12: =SUMPRODUCT((NOT(ISBLANK(AS$3:AS$4))*(AS$3:AS$4>$BS$3:$BS$4))+ISBLANK(AS$3:AS$4)) -> 0 | AT12: =SUMPRODUCT((NOT(ISBLANK(AT$3:AT$4))*(AT$3:AT$4>$BR$3:$BR$4))+ISBLANK(AT$3:AT$4)) -> 0 | AU12: =SUMPRODUCT((NOT(ISBLANK(AU$3:AU$4))*(AU$3:AU$4>$BS$3:$BS$4))+ISBLANK(AU$3:AU$4)) -> 0 | AV12: =SUMPRODUCT((NOT(ISBLANK(AV$3:AV$4))*(AV$3:AV$4>$BR$3:$BR$4))+ISBLANK(AV$3:AV$4)) -> 0 | AW12: =SUMPRODUCT((NOT(ISBLANK(AW$3:AW$4))*(AW$3:AW$4>$BS$3:$BS$4))+ISBLANK(AW$3:AW$4)) -> 0 | AX12: =SUMPRODUCT((NOT(ISBLANK(AX$3:AX$4))*(AX$3:AX$4>$BR$3:$BR$4))+ISBLANK(AX$3:AX$4)) -> 0 | AY12: =SUMPRODUCT((NOT(ISBLANK(AY$3:AY$4))*(AY$3:AY$4>$BS$3:$BS$4))+ISBLANK(AY$3:AY$4)) -> 0 | AZ12: =SUMPRODUCT((NOT(ISBLANK(AZ$3:AZ$4))*(AZ$3:AZ$4>$BR$3:$BR$4))+ISBLANK(AZ$3:AZ$4)) -> 0 | BA12: =SUMPRODUCT((NOT(ISBLANK(BA$3:BA$4))*(BA$3:BA$4>$BS$3:$BS$4))+ISBLANK(BA$3:BA$4)) -> 0 | BB12: =SUMPRODUCT((NOT(ISBLANK(BB$3:BB$4))*(BB$3:BB$4>$BR$3:$BR$4))+ISBLANK(BB$3:BB$4)) -> 0 | BC12: =SUMPRODUCT((NOT(ISBLANK(BC$3:BC$4))*(BC$3:BC$4>$BS$3:$BS$4))+ISBLANK(BC$3:BC$4)) -> 0 | BD12: =SUMPRODUCT((NOT(ISBLANK(BD$3:BD$4))*(BD$3:BD$4>$BR$3:$BR$4))+ISBLANK(BD$3:BD$4)) -> 0 | BE12: =SUMPRODUCT((NOT(ISBLANK(BE$3:BE$4))*(BE$3:BE$4>$BS$3:$BS$4))+ISBLANK(BE$3:BE$4)) -> 0 | BF12: =SUMPRODUCT((NOT(ISBLANK(BF$3:BF$4))*(BF$3:BF$4>$BR$3:$BR$4))+ISBLANK(BF$3:BF$4)) -> 0 | BG12: =SUMPRODUCT((NOT(ISBLANK(BG$3:BG$4))*(BG$3:BG$4>$BS$3:$BS$4))+ISBLANK(BG$3:BG$4)) -> 0 | BH12: =SUMPRODUCT((NOT(ISBLANK(BH$3:BH$4))*(BH$3:BH$4>$BR$3:$BR$4))+ISBLANK(BH$3:BH$4)) -> 0 | BI12: =SUMPRODUCT((NOT(ISBLANK(BI$3:BI$4))*(BI$3:BI$4>$BS$3:$BS$4))+ISBLANK(BI$3:BI$4)) -> 0 | BJ12: =SUMPRODUCT((NOT(ISBLANK(BJ$3:BJ$4))*(BJ$3:BJ$4>$BR$3:$BR$4))+ISBLANK(BJ$3:BJ$4)) -> 0 | BK12: =SUMPRODUCT((NOT(ISBLANK(BK$3:BK$4))*(BK$3:BK$4>$BS$3:$BS$4))+ISBLANK(BK$3:BK$4)) -> 0 | BL12: =SUMPRODUCT((NOT(ISBLANK(BL$3:BL$4))*(BL$3:BL$4>$BR$3:$BR$4))+ISBLANK(BL$3:BL$4)) -> 0 | BM12: =SUMPRODUCT((NOT(ISBLANK(BM$3:BM$4))*(BM$3:BM$4>$BS$3:$BS$4))+ISBLANK(BM$3:BM$4)) -> 0 | BN12: =SUMPRODUCT((NOT(ISBLANK(BN$3:BN$4))*(BN$3:BN$4>$BR$3:$BR$4))+ISBLANK(BN$3:BN$4)) -> 0 | BO12: =SUMPRODUCT((NOT(ISBLANK(BO$3:BO$4))*(BO$3:BO$4>$BS$3:$BS$4))+ISBLANK(BO$3:BO$4)) -> 0
A13: WORST | B13: =SUMPRODUCT((NOT(ISBLANK(B$3:B$4))*(B$3:B$4=$BT$3:$BT$4))+ISBLANK(B$3:B$4)) -> 0 | C13: =SUMPRODUCT((NOT(ISBLANK(C$3:C$4))*(C$3:C$4=$BU$3:$BU$4))+ISBLANK(C$3:C$4)) -> 0 | D13: =SUMPRODUCT((NOT(ISBLANK(D$3:D$4))*(D$3:D$4=$BT$3:$BT$4))+ISBLANK(D$3:D$4)) -> 0 | E13: =SUMPRODUCT((NOT(ISBLANK(E$3:E$4))*(E$3:E$4=$BU$3:$BU$4))+ISBLANK(E$3:E$4)) -> 0 | F13: =SUMPRODUCT((NOT(ISBLANK(F$3:F$4))*(F$3:F$4=$BT$3:$BT$4))+ISBLANK(F$3:F$4)) -> 0 | G13: =SUMPRODUCT((NOT(ISBLANK(G$3:G$4))*(G$3:G$4=$BU$3:$BU$4))+ISBLANK(G$3:G$4)) -> 0 | H13: =SUMPRODUCT((NOT(ISBLANK(H$3:H$4))*(H$3:H$4=$BT$3:$BT$4))+ISBLANK(H$3:H$4)) -> 0 | I13: =SUMPRODUCT((NOT(ISBLANK(I$3:I$4))*(I$3:I$4=$BU$3:$BU$4))+ISBLANK(I$3:I$4)) -> 0 | J13: =SUMPRODUCT((NOT(ISBLANK(J$3:J$4))*(J$3:J$4=$BT$3:$BT$4))+ISBLANK(J$3:J$4)) -> 0 | K13: =SUMPRODUCT((NOT(ISBLANK(K$3:K$4))*(K$3:K$4=$BU$3:$BU$4))+ISBLANK(K$3:K$4)) -> 0 | L13: =SUMPRODUCT((NOT(ISBLANK(L$3:L$4))*(L$3:L$4=$BT$3:$BT$4))+ISBLANK(L$3:L$4)) -> 0 | M13: =SUMPRODUCT((NOT(ISBLANK(M$3:M$4))*(M$3:M$4=$BU$3:$BU$4))+ISBLANK(M$3:M$4)) -> 0 | N13: =SUMPRODUCT((NOT(ISBLANK(N$3:N$4))*(N$3:N$4=$BT$3:$BT$4))+ISBLANK(N$3:N$4)) -> 0 | O13: =SUMPRODUCT((NOT(ISBLANK(O$3:O$4))*(O$3:O$4=$BU$3:$BU$4))+ISBLANK(O$3:O$4)) -> 0 | P13: =SUMPRODUCT((NOT(ISBLANK(P$3:P$4))*(P$3:P$4=$BT$3:$BT$4))+ISBLANK(P$3:P$4)) -> 0 | Q13: =SUMPRODUCT((NOT(ISBLANK(Q$3:Q$4))*(Q$3:Q$4=$BU$3:$BU$4))+ISBLANK(Q$3:Q$4)) -> 0 | R13: =SUMPRODUCT((NOT(ISBLANK(R$3:R$4))*(R$3:R$4=$BT$3:$BT$4))+ISBLANK(R$3:R$4)) -> 0 | S13: =SUMPRODUCT((NOT(ISBLANK(S$3:S$4))*(S$3:S$4=$BU$3:$BU$4))+ISBLANK(S$3:S$4)) -> 0 | T13: =SUMPRODUCT((NOT(ISBLANK(T$3:T$4))*(T$3:T$4=$BT$3:$BT$4))+ISBLANK(T$3:T$4)) -> 0 | U13: =SUMPRODUCT((NOT(ISBLANK(U$3:U$4))*(U$3:U$4=$BU$3:$BU$4))+ISBLANK(U$3:U$4)) -> 0 | V13: =SUMPRODUCT((NOT(ISBLANK(V$3:V$4))*(V$3:V$4=$BT$3:$BT$4))+ISBLANK(V$3:V$4)) -> 0 | W13: =SUMPRODUCT((NOT(ISBLANK(W$3:W$4))*(W$3:W$4=$BU$3:$BU$4))+ISBLANK(W$3:W$4)) -> 0 | X13: =SUMPRODUCT((NOT(ISBLANK(X$3:X$4))*(X$3:X$4=$BT$3:$BT$4))+ISBLANK(X$3:X$4)) -> 0 | Y13: =SUMPRODUCT((NOT(ISBLANK(Y$3:Y$4))*(Y$3:Y$4=$BU$3:$BU$4))+ISBLANK(Y$3:Y$4)) -> 0 | Z13: =SUMPRODUCT((NOT(ISBLANK(Z$3:Z$4))*(Z$3:Z$4=$BT$3:$BT$4))+ISBLANK(Z$3:Z$4)) -> 0 | AA13: =SUMPRODUCT((NOT(ISBLANK(AA$3:AA$4))*(AA$3:AA$4=$BU$3:$BU$4))+ISBLANK(AA$3:AA$4)) -> 0 | AB13: =SUMPRODUCT((NOT(ISBLANK(AB$3:AB$4))*(AB$3:AB$4=$BT$3:$BT$4))+ISBLANK(AB$3:AB$4)) -> 0 | AC13: =SUMPRODUCT((NOT(ISBLANK(AC$3:AC$4))*(AC$3:AC$4=$BU$3:$BU$4))+ISBLANK(AC$3:AC$4)) -> 0 | AD13: =SUMPRODUCT((NOT(ISBLANK(AD$3:AD$4))*(AD$3:AD$4=$BT$3:$BT$4))+ISBLANK(AD$3:AD$4)) -> 0 | AE13: =SUMPRODUCT((NOT(ISBLANK(AE$3:AE$4))*(AE$3:AE$4=$BU$3:$BU$4))+ISBLANK(AE$3:AE$4)) -> 0 | AF13: =SUMPRODUCT((NOT(ISBLANK(AF$3:AF$4))*(AF$3:AF$4=$BT$3:$BT$4))+ISBLANK(AF$3:AF$4)) -> 0 | AG13: =SUMPRODUCT((NOT(ISBLANK(AG$3:AG$4))*(AG$3:AG$4=$BU$3:$BU$4))+ISBLANK(AG$3:AG$4)) -> 0 | AH13: =SUMPRODUCT((NOT(ISBLANK(AH$3:AH$4))*(AH$3:AH$4=$BT$3:$BT$4))+ISBLANK(AH$3:AH$4)) -> 0 | AI13: =SUMPRODUCT((NOT(ISBLANK(AI$3:AI$4))*(AI$3:AI$4=$BU$3:$BU$4))+ISBLANK(AI$3:AI$4)) -> 0 | AJ13: =SUMPRODUCT((NOT(ISBLANK(AJ$3:AJ$4))*(AJ$3:AJ$4=$BT$3:$BT$4))+ISBLANK(AJ$3:AJ$4)) -> 0 | AK13: =SUMPRODUCT((NOT(ISBLANK(AK$3:AK$4))*(AK$3:AK$4=$BU$3:$BU$4))+ISBLANK(AK$3:AK$4)) -> 0 | AL13: =SUMPRODUCT((NOT(ISBLANK(AL$3:AL$4))*(AL$3:AL$4=$BT$3:$BT$4))+ISBLANK(AL$3:AL$4)) -> 0 | AM13: =SUMPRODUCT((NOT(ISBLANK(AM$3:AM$4))*(AM$3:AM$4=$BU$3:$BU$4))+ISBLANK(AM$3:AM$4)) -> 0 | AN13: =SUMPRODUCT((NOT(ISBLANK(AN$3:AN$4))*(AN$3:AN$4=$BT$3:$BT$4))+ISBLANK(AN$3:AN$4)) -> 0 | AO13: =SUMPRODUCT((NOT(ISBLANK(AO$3:AO$4))*(AO$3:AO$4=$BU$3:$BU$4))+ISBLANK(AO$3:AO$4)) -> 0 | AP13: =SUMPRODUCT((NOT(ISBLANK(AP$3:AP$4))*(AP$3:AP$4=$BT$3:$BT$4))+ISBLANK(AP$3:AP$4)) -> 0 | AQ13: =SUMPRODUCT((NOT(ISBLANK(AQ$3:AQ$4))*(AQ$3:AQ$4=$BU$3:$BU$4))+ISBLANK(AQ$3:AQ$4)) -> 0 | AR13: =SUMPRODUCT((NOT(ISBLANK(AR$3:AR$4))*(AR$3:AR$4=$BT$3:$BT$4))+ISBLANK(AR$3:AR$4)) -> 0 | AS13: =SUMPRODUCT((NOT(ISBLANK(AS$3:AS$4))*(AS$3:AS$4=$BU$3:$BU$4))+ISBLANK(AS$3:AS$4)) -> 0 | AT13: =SUMPRODUCT((NOT(ISBLANK(AT$3:AT$4))*(AT$3:AT$4=$BT$3:$BT$4))+ISBLANK(AT$3:AT$4)) -> 0 | AU13: =SUMPRODUCT((NOT(ISBLANK(AU$3:AU$4))*(AU$3:AU$4=$BU$3:$BU$4))+ISBLANK(AU$3:AU$4)) -> 0 | AV13: =SUMPRODUCT((NOT(ISBLANK(AV$3:AV$4))*(AV$3:AV$4=$BT$3:$BT$4))+ISBLANK(AV$3:AV$4)) -> 0 | AW13: =SUMPRODUCT((NOT(ISBLANK(AW$3:AW$4))*(AW$3:AW$4=$BU$3:$BU$4))+ISBLANK(AW$3:AW$4)) -> 0 | AX13: =SUMPRODUCT((NOT(ISBLANK(AX$3:AX$4))*(AX$3:AX$4=$BT$3:$BT$4))+ISBLANK(AX$3:AX$4)) -> 0 | AY13: =SUMPRODUCT((NOT(ISBLANK(AY$3:AY$4))*(AY$3:AY$4=$BU$3:$BU$4))+ISBLANK(AY$3:AY$4)) -> 0 | AZ13: =SUMPRODUCT((NOT(ISBLANK(AZ$3:AZ$4))*(AZ$3:AZ$4=$BT$3:$BT$4))+ISBLANK(AZ$3:AZ$4)) -> 0 | BA13: =SUMPRODUCT((NOT(ISBLANK(BA$3:BA$4))*(BA$3:BA$4=$BU$3:$BU$4))+ISBLANK(BA$3:BA$4)) -> 0 | BB13: =SUMPRODUCT((NOT(ISBLANK(BB$3:BB$4))*(BB$3:BB$4=$BT$3:$BT$4))+ISBLANK(BB$3:BB$4)) -> 0 | BC13: =SUMPRODUCT((NOT(ISBLANK(BC$3:BC$4))*(BC$3:BC$4=$BU$3:$BU$4))+ISBLANK(BC$3:BC$4)) -> 0 | BD13: =SUMPRODUCT((NOT(ISBLANK(BD$3:BD$4))*(BD$3:BD$4=$BT$3:$BT$4))+ISBLANK(BD$3:BD$4)) -> 0 | BE13: =SUMPRODUCT((NOT(ISBLANK(BE$3:BE$4))*(BE$3:BE$4=$BU$3:$BU$4))+ISBLANK(BE$3:BE$4)) -> 0 | BF13: =SUMPRODUCT((NOT(ISBLANK(BF$3:BF$4))*(BF$3:BF$4=$BT$3:$BT$4))+ISBLANK(BF$3:BF$4)) -> 0 | BG13: =SUMPRODUCT((NOT(ISBLANK(BG$3:BG$4))*(BG$3:BG$4=$BU$3:$BU$4))+ISBLANK(BG$3:BG$4)) -> 0 | BH13: =SUMPRODUCT((NOT(ISBLANK(BH$3:BH$4))*(BH$3:BH$4=$BT$3:$BT$4))+ISBLANK(BH$3:BH$4)) -> 0 | BI13: =SUMPRODUCT((NOT(ISBLANK(BI$3:BI$4))*(BI$3:BI$4=$BU$3:$BU$4))+ISBLANK(BI$3:BI$4)) -> 0 | BJ13: =SUMPRODUCT((NOT(ISBLANK(BJ$3:BJ$4))*(BJ$3:BJ$4=$BT$3:$BT$4))+ISBLANK(BJ$3:BJ$4)) -> 0 | BK13: =SUMPRODUCT((NOT(ISBLANK(BK$3:BK$4))*(BK$3:BK$4=$BU$3:$BU$4))+ISBLANK(BK$3:BK$4)) -> 0 | BL13: =SUMPRODUCT((NOT(ISBLANK(BL$3:BL$4))*(BL$3:BL$4=$BT$3:$BT$4))+ISBLANK(BL$3:BL$4)) -> 0 | BM13: =SUMPRODUCT((NOT(ISBLANK(BM$3:BM$4))*(BM$3:BM$4=$BU$3:$BU$4))+ISBLANK(BM$3:BM$4)) -> 0 | BN13: =SUMPRODUCT((NOT(ISBLANK(BN$3:BN$4))*(BN$3:BN$4=$BT$3:$BT$4))+ISBLANK(BN$3:BN$4)) -> 0 | BO13: =SUMPRODUCT((NOT(ISBLANK(BO$3:BO$4))*(BO$3:BO$4=$BU$3:$BU$4))+ISBLANK(BO$3:BO$4)) -> 0

Sheet Helper
A2: time | B2: 1 | E2: =VLOOKUP(Charts!$F$3,A2:B3,2,FALSE) -> 0 | I2: =E2+2 -> 0 | M2: =E2+4 -> 0 | Q2: =E2+6 -> 0 | U2: =E2+8 -> 0 | Y2: =E2+10 -> 0 | AC2: =E2+12 -> 0 | AG2: =E2+14 -> 0 | AK2: =E2+16 -> 0 | AO2: =E2+18 -> 0 | AS2: =E2+20 -> 0 | AW2: =E2+22 -> 0 | BA2: =E2+24 -> 0 | BE2: =E2+26 -> 0 | BI2: =E2+28 -> 0 | BM2: =E2+30 -> 0 | BQ2: =E2+32 -> 0 | BU2: =E2+34 -> 0 | BY2: =E2+36 -> 0 | CC2: =E2+38 -> 0 | CG2: =E2+40 -> 0 | CK2: =E2+42 -> 0 | CO2: =E2+44 -> 0 | CS2: =E2+46 -> 0 | CW2: =E2+48 -> 0 | DA2: =E2+50 -> 0 | DE2: =E2+52 -> 0 | DI2: =E2+54 -> 0 | DM2: =E2+56 -> 0 | DQ2: =E2+58 -> 0 | DU2: =E2+60 -> 0 | DY2: =E2+62 -> 0 | EC2: =E2+64 -> 0 | EI2: =E2 -> 0 | EM2: =I2 -> 0 | EQ2: =M2 -> 0 | EU2: =Q2 -> 0 | EY2: =U2 -> 0 | FC2: =Y2 -> 0 | FG2: =AC2 -> 0 | FK2: =AG2 -> 0 | FO2: =AK2 -> 0 | FS2: =AO2 -> 0 | FW2: =AS2 -> 0 | GA2: =AW2 -> 0 | GE2: =BA2 -> 0 | GI2: =BE2 -> 0 | GM2: =BI2 -> 0 | GQ2: =BM2 -> 0 | GU2: =BQ2 -> 0 | GY2: =BU2 -> 0 | HC2: =BY2 -> 0 | HG2: =CC2 -> 0 | HK2: =CG2 -> 0 | HO2: =CK2 -> 0 | HS2: =CO2 -> 0 | HW2: =CS2 -> 0 | IA2: =CW2 -> 0 | IE2: =DA2 -> 0 | II2: =DE2 -> 0 | IM2: =DI2 -> 0 | IQ2: =DM2 -> 0 | IU2: =DQ2 -> 0 | IY2: =DU2 -> 0 | JC2: =DY2 -> 0 | JG2: =EC2 -> 0 | JM2: =VLOOKUP(Charts!$F$3,A2:B3,2,FALSE) -> 0 | JQ2: =E2+2 -> 0 | JU2: =E2+4 -> 0 | JY2: =E2+6 -> 0 | KC2: =E2+8 -> 0 | KG2: =E2+10 -> 0 | KK2: =E2+12 -> 0 | KO2: =E2+14 -> 0 | KS2: =E2+16 -> 0 | KW2: =E2+18 -> 0 | LA2: =E2+20 -> 0 | LE2: =E2+22 -> 0 | LI2: =E2+24 -> 0 | LM2: =E2+26 -> 0 | LQ2: =E2+28 -> 0 | LU2: =E2+30 -> 0 | LY2: =E2+32 -> 0 | MC2: =E2+34 -> 0 | MG2: =E2+36 -> 0 | MK2: =E2+38 -> 0 | MO2: =E2+40 -> 0 | MS2: =E2+42 -> 0 | MW2: =E2+44 -> 0 | NA2: =E2+46 -> 0 | NE2: =E2+48 -> 0 | NI2: =E2+50 -> 0 | NM2: =E2+52 -> 0 | NQ2: =E2+54 -> 0 | NU2: =E2+56 -> 0 | NY2: =E2+58 -> 0 | OC2: =E2+60 -> 0 | OG2: =E2+62 -> 0 | OK2: =E2+64 -> 0
A3: timeout | B3: 2 | D3: data | E3: =Instances!B1 -> 0 | I3: =Instances!D1 -> 0 | M3: =Instances!F1 -> 0 | Q3: =Instances!H1 -> 0 | U3: =Instances!J1 -> 0 | Y3: =Instances!L1 -> 0 | AC3: =Instances!N1 -> 0 | AG3: =Instances!P1 -> 0 | AK3: =Instances!R1 -> 0 | AO3: =Instances!T1 -> 0 | AS3: =Instances!V1 -> 0 | AW3: =Instances!X1 -> 0 | BA3: =Instances!Z1 -> 0 | BE3: =Instances!AB1 -> 0 | BI3: =Instances!AD1 -> 0 | BM3: =Instances!AF1 -> 0 | BQ3: =Instances!AH1 -> 0 | BU3: =Instances!AJ1 -> 0 | BY3: =Instances!AL1 -> 0 | CC3: =Instances!AN1 -> 0 | CG3: =Instances!AP1 -> 0 | CK3: =Instances!AR1 -> 0 | CO3: =Instances!AT1 -> 0 | CS3: =Instances!AV1 -> 0 | CW3: =Instances!AX1 -> 0 | DA3: =Instances!AZ1 -> 0 | DE3: =Instances!BB1 -> 0 | DI3: =Instances!BD1 -> 0 | DM3: =Instances!BF1 -> 0 | DQ3: =Instances!BH1 -> 0 | DU3: =Instances!BJ1 -> 0 | DY3: =Instances!BL1 -> 0 | EC3: =Instances!BN1 -> 0 | EH3: data | EI3: =E3 -> 0 | EM3: =I3 -> 0 | EQ3: =M3 -> 0 | EU3: =Q3 -> 0 | EY3: =U3 -> 0 | FC3: =Y3 -> 0 | FG3: =AC3 -> 0 | FK3: =AG3 -> 0 | FO3: =AK3 -> 0 | FS3: =AO3 -> 0 | FW3: =AS3 -> 0 | GA3: =AW3 -> 0 | GE3: =BA3 -> 0 | GI3: =BE3 -> 0 | GM3: =BI3 -> 0 | GQ3: =BM3 -> 0 | GU3: =BQ3 -> 0 | GY3: =BU3 -> 0 | HC3: =BY3 -> 0 | HG3: =CC3 -> 0 | HK3: =CG3 -> 0 | HO3: =CK3 -> 0 | HS3: =CO3 -> 0 | HW3: =CS3 -> 0 | IA3: =CW3 -> 0 | IE3: =DA3 -> 0 | II3: =DE3 -> 0 | IM3: =DI3 -> 0 | IQ3: =DM3 -> 0 | IU3: =DQ3 -> 0 | IY3: =DU3 -> 0 | JC3: =DY3 -> 0 | JG3: =EC3 -> 0 | JM3: =Instances!B1 -> 0 | JQ3: =Instances!D1 -> 0 | JU3: =Instances!F1 -> 0 | JY3: =Instances!H1 -> 0 | KC3: =Instances!J1 -> 0 | KG3: =Instances!L1 -> 0 | KK3: =Instances!N1 -> 0 | KO3: =Instances!P1 -> 0 | KS3: =Instances!R1 -> 0 | KW3: =Instances!T1 -> 0 | LA3: =Instances!V1 -> 0 | LE3: =Instances!X1 -> 0 | LI3: =Instances!Z1 -> 0 | LM3: =Instances!AB1 -> 0 | LQ3: =Instances!AD1 -> 0 | LU3: =Instances!AF1 -> 0 | LY3: =Instances!AH1 -> 0 | MC3: =Instances!AJ1 -> 0 | MG3: =Instances!AL1 -> 0 | MK3: =Instances!AN1 -> 0 | MO3: =Instances!AP1 -> 0 | MS3: =Instances!AR1 -> 0 | MW3: =Instances!AT1 -> 0 | NA3: =Instances!AV1 -> 0 | NE3: =Instances!AX1 -> 0 | NI3: =Instances!AZ1 -> 0 | NM3: =Instances!BB1 -> 0 | NQ3: =Instances!BD1 -> 0 | NU3: =Instances!BF1 -> 0 | NY3: =Instances!BH1 -> 0 | OC3: =Instances!BJ1 -> 0 | OG3: =Instances!BL1 -> 0 | OK3: =Instances!BN1 -> 0
D4: index | E4: values | F4: sorted | H4: aggregated | I4: values | J4: sorted | L4: aggregated | M4: values | N4: sorted | P4: aggregated | Q4: values | R4: sorted | T4: aggregated | U4: values | V4: sorted | X4: aggregated | Y4: values | Z4: sorted | AB4: aggregated | AC4: values | AD4: sorted | AF4: aggregated | AG4: values | AH4: sorted | AJ4: aggregated | AK4: values | AL4: sorted | AN4: aggregated | AO4: values | AP4: sorted | AR4: aggregated | AS4: values | AT4: sorted | AV4: aggregated | AW4: values | AX4: sorted | AZ4: aggregated | BA4: values | BB4: sorted | BD4: aggregated | BE4: values | BF4: sorted | BH4: aggregated | BI4: values | BJ4: sorted | BL4: aggregated | BM4: values | BN4: sorted | BP4: aggregated | BQ4: values | BR4: sorted | BT4: aggregated | BU4: values | BV4: sorted | BX4: aggregated | BY4: values | BZ4: sorted | CB4: aggregated | CC4: values | CD4: sorted | CF4: aggregated | CG4: values | CH4: sorted | CJ4: aggregated | CK4: values | CL4: sorted | CN4: aggregated | CO4: values | CP4: sorted | CR4: aggregated | CS4: values | CT4: sorted | CV4: aggregated | CW4: values | CX4: sorted | CZ4: aggregated | DA4: values | DB4: sorted | DD4: aggregated | DE4: values | DF4: sorted | DH4: aggregated | DI4: values | DJ4: sorted | DL4: aggregated | DM4: values | DN4: sorted | DP4: aggregated | DQ4: values | DR4: sorted | DT4: aggregated | DU4: values | DV4: sorted | DX4: aggregated | DY4: values | DZ4: sorted | EB4: aggregated | EC4: values | ED4: sorted | EF4: aggregated | EH4: index | EI4: values | EJ4: sorted | EL4: aggregated | EM4: values | EN4: sorted | EP4: aggregated | EQ4: values | ER4: sorted | ET4: aggregated | EU4: values | EV4: sorted | EX4: aggregated | EY4: values | EZ4: sorted | FB4: aggregated | FC4: values | FD4: sorted | FF4: aggregated | FG4: values | FH4: sorted | FJ4: aggregated | FK4: values | FL4: sorted | FN4: aggregated | FO4: values | FP4: sorted | FR4: aggregated | FS4: values | FT4: sorted | FV4: aggregated | FW4: values | FX4: sorted | FZ4: aggregated | GA4: values | GB4: sorted | GD4: aggregated | GE4: values | GF4: sorted | GH4: aggregated | GI4: values | GJ4: sorted | GL4: aggregated | GM4: values | GN4: sorted | GP4: aggregated | GQ4: values | GR4: sorted | GT4: aggregated | GU4: values | GV4: sorted | GX4: aggregated | GY4: values | GZ4: sorted | HB4: aggregated | HC4: values | HD4: sorted | HF4: aggregated | HG4: values | HH4: sorted | HJ4: aggregated | HK4: values | HL4: sorted | HN4: aggregated | HO4: values | HP4: sorted | HR4: aggregated | HS4: values | HT4: sorted | HV4: aggregated | HW4: values | HX4: sorted | HZ4: aggregated | IA4: values | IB4: sorted | ID4: aggregated | IE4: values | IF4: sorted | IH4: aggregated | II4: values | IJ4: sorted | IL4: aggregated | IM4: values | IN4: sorted | IP4: aggregated | IQ4: values | IR4: sorted | IT4: aggregated | IU4: values | IV4: sorted | IX4: aggregated | IY4: values | IZ4: sorted | JB4: aggregated | JC4: values | JD4: sorted | JF4: aggregated | JG4: values | JH4: sorted | JJ4: aggregated | JL4: plot | JM4: index | JN4: sorted | JO4: index | JP4: aggregated | JQ4: index | JR4: sorted | JS4: index | JT4: aggregated | JU4: index | JV4: sorted | JW4: index | JX4: aggregated | JY4: index | JZ4: sorted | KA4: index | KB4: aggregated | KC4: index | KD4: sorted | KE4: index | KF4: aggregated | KG4: index | KH4: sorted | KI4: index | KJ4: aggregated | KK4: index | KL4: sorted | KM4: index | KN4: aggregated | KO4: index | KP4: sorted | KQ4: index | KR4: aggregated | KS4: index | KT4: sorted | KU4: index | KV4: aggregated | KW4: index | KX4: sorted | KY4: index | KZ4: aggregated | LA4: index | LB4: sorted | LC4: index | LD4: aggregated | LE4: index | LF4: sorted | LG4: index | LH4: aggregated | LI4: index | LJ4: sorted | LK4: index | LL4: aggregated | LM4: index | LN4: sorted | LO4: index | LP4: aggregated | LQ4: index | LR4: sorted | LS4: index | LT4: aggregated | LU4: index | LV4: sorted | LW4: index | LX4: aggregated | LY4: index | LZ4: sorted | MA4: index | MB4: aggregated | MC4: index | MD4: sorted | ME4: index | MF4: aggregated | MG4: index | MH4: sorted | MI4: index | MJ4: aggregated | MK4: index | ML4: sorted | MM4: index | MN4: aggregated | MO4: index | MP4: sorted | MQ4: index | MR4: aggregated | MS4: index | MT4: sorted | MU4: index | MV4: aggregated | MW4: index | MX4: sorted | MY4: index | MZ4: aggregated | NA4: index | NB4: sorted | NC4: index | ND4: aggregated | NE4: index | NF4: sorted | NG4: index | NH4: aggregated | NI4: index | NJ4: sorted | NK4: index | NL4: aggregated | NM4: index | NN4: sorted | NO4: index | NP4: aggregated | NQ4: index | NR4: sorted | NS4: index | NT4: aggregated | NU4: index | NV4: sorted | NW4: index | NX4: aggregated | NY4: index | NZ4: sorted | OA4: index | OB4: aggregated | OC4: index | OD4: sorted | OE4: index | OF4: aggregated | OG4: index | OH4: sorted | OI4: index | OJ4: aggregated | OK4: index | OL4: sorted | OM4: index | ON4: aggregated
