Workbook

Sheet Instances
B1: coomsuite-1.0.0/clingo-base | D1: coomsuite-1.0.0/clingo-bounds-exponential | F1: coomsuite-1.0.0/clingo-bounds-linear | H1: coomsuite-1.0.0/flingo-base | J1: coomsuite-1.0.0/flingo-bounds-exponential | L1: coomsuite-1.0.0/flingo-bounds-linear | N1: coomsuite-1.0.0/multishot-exponential | P1: coomsuite-1.0.0/multishot-linear | R1: min | T1: median | V1: max
B2: time | C2: timeout | D2: time | E2: timeout | F2: time | G2: timeout | H2: time | I2: timeout | J2: time | K2: timeout | L2: time | M2: timeout | N2: time | O2: timeout | P2: time | Q2: timeout | R2: time | S2: timeout | T2: time | U2: timeout | V2: time | W2: timeout
A3: ./citybike-max100_user-input-n100 | B3: 4.37 | C3: 0 | H3: 23.67 | I3: 0 | R3: =MIN($B3,$D3,$F3,$H3,$J3,$L3,$N3,$P3) -> 0 | S3: =MIN($C3,$E3,$G3,$I3,$K3,$M3,$O3,$Q3) -> 0 | T3: =MEDIAN($B3,$D3,$F3,$H3,$J3,$L3,$N3,$P3) -> 0 | U3: =MEDIAN($C3,$E3,$G3,$I3,$K3,$M3,$O3,$Q3) -> 0 | V3: =MAX($B3,$D3,$F3,$H3,$J3,$L3,$N3,$P3) -> 0 | W3: =MAX($C3,$E3,$G3,$I3,$K3,$M3,$O3,$Q3) -> 0
A4: ./citybike-max100_user-input-n25 | B4: 4.29 | C4: 0 | H4: 22.64 | I4: 0 | R4: =MIN($B4,$D4,$F4,$H4,$J4,$L4,$N4,$P4) -> 0 | S4: =MIN($C4,$E4,$G4,$I4,$K4,$M4,$O4,$Q4) -> 0 | T4: =MEDIAN($B4,$D4,$F4,$H4,$J4,$L4,$N4,$P4) -> 0 | U4: =MEDIAN($C4,$E4,$G4,$I4,$K4,$M4,$O4,$Q4) -> 0 | V4: =MAX($B4,$D4,$F4,$H4,$J4,$L4,$N4,$P4) -> 0 | W4: =MAX($C4,$E4,$G4,$I4,$K4,$M4,$O4,$Q4) -> 0
A5: ./citybike-max100_user-input-n33 | B5: 4.32 | C5: 0 | H5: 22.49 | I5: 0 | R5: =MIN($B5,$D5,$F5,$H5,$J5,$L5,$N5,$P5) -> 0 | S5: =MIN($C5,$E5,$G5,$I5,$K5,$M5,$O5,$Q5) -> 0 | T5: =MEDIAN($B5,$D5,$F5,$H5,$J5,$L5,$N5,$P5) -> 0 | U5: =MEDIAN($C5,$E5,$G5,$I5,$K5,$M5,$O5,$Q5) -> 0 | V5: =MAX($B5,$D5,$F5,$H5,$J5,$L5,$N5,$P5) -> 0 | W5: =MAX($C5,$E5,$G5,$I5,$K5,$M5,$O5,$Q5) -> 0
A6: ./citybike-max100_user-input-n50 | B6: 4.41 | C6: 0 | H6: 22.94 | I6: 0 | R6: =MIN($B6,$D6,$F6,$H6,$J6,$L6,$N6,$P6) -> 0 | S6: =MIN($C6,$E6,$G6,$I6,$K6,$M6,$O6,$Q6) -> 0 | T6: =MEDIAN($B6,$D6,$F6,$H6,$J6,$L6,$N6,$P6) -> 0 | U6: =MEDIAN($C6,$E6,$G6,$I6,$K6,$M6,$O6,$Q6) -> 0 | V6: =MAX($B6,$D6,$F6,$H6,$J6,$L6,$N6,$P6) -> 0 | W6: =MAX($C6,$E6,$G6,$I6,$K6,$M6,$O6,$Q6) -> 0
A7: ./citybike-max150_user-input-n150 | B7: 8.63 | C7: 0 | H7: 38.38 | I7: 0 | R7: =MIN($B7,$D7,$F7,$H7,$J7,$L7,$N7,$P7) -> 0 | S7: =MIN($C7,$E7,$G7,$I7,$K7,$M7,$O7,$Q7) -> 0 | T7: =MEDIAN($B7,$D7,$F7,$H7,$J7,$L7,$N7,$P7) -> 0 | U7: =MEDIAN($C7,$E7,$G7,$I7,$K7,$M7,$O7,$Q7) -> 0 | V7: =MAX($B7,$D7,$F7,$H7,$J7,$L7,$N7,$P7) -> 0 | W7: =MAX($C7,$E7,$G7,$I7,$K7,$M7,$O7,$Q7) -> 0
A8: ./citybike-max150_user-input-n37 | B8: 8.55 | C8: 0 | H8: 37.39 | I8: 0 | R8: =MIN($B8,$D8,$F8,$H8,$J8,$L8,$N8,$P8) -> 0 | S8: =MIN($C8,$E8,$G8,$I8,$K8,$M8,$O8,$Q8) -> 0 | T8: =MEDIAN($B8,$D8,$F8,$H8,$J8,$L8,$N8,$P8) -> 0 | U8: =MEDIAN($C8,$E8,$G8,$I8,$K8,$M8,$O8,$Q8) -> 0 | V8: =MAX($B8,$D8,$F8,$H8,$J8,$L8,$N8,$P8) -> 0 | W8: =MAX($C8,$E8,$G8,$I8,$K8,$M8,$O8,$Q8) -> 0
A9: ./citybike-max150_user-input-n50 | B9: 8.72 | C9: 0 | H9: 37.82 | I9: 0 | R9: =MIN($B9,$D9,$F9,$H9,$J9,$L9,$N9,$P9) -> 0 | S9: =MIN($C9,$E9,$G9,$I9,$K9,$M9,$O9,$Q9) -> 0 | T9: =MEDIAN($B9,$D9,$F9,$H9,$J9,$L9,$N9,$P9) -> 0 | U9: =MEDIAN($C9,$E9,$G9,$I9,$K9,$M9,$O9,$Q9) -> 0 | V9: =MAX($B9,$D9,$F9,$H9,$J9,$L9,$N9,$P9) -> 0 | W9: =MAX($C9,$E9,$G9,$I9,$K9,$M9,$O9,$Q9) -> 0
A10: ./citybike-max150_user-input-n75 | B10: 8.67 | C10: 0 | H10: 38.24 | I10: 0 | R10: =MIN($B10,$D10,$F10,$H10,$J10,$L10,$N10,$P10) -> 0 | S10: =MIN($C10,$E10,$G10,$I10,$K10,$M10,$O10,$Q10) -> 0 | T10: =MEDIAN($B10,$D10,$F10,$H10,$J10,$L10,$N10,$P10) -> 0 | U10: =MEDIAN($C10,$E10,$G10,$I10,$K10,$M10,$O10,$Q10) -> 0 | V10: =MAX($B10,$D10,$F10,$H10,$J10,$L10,$N10,$P10) -> 0 | W10: =MAX($C10,$E10,$G10,$I10,$K10,$M10,$O10,$Q10) -> 0
A11: ./citybike-max200_user-input-n100 | B11: 14.57 | C11: 0 | H11: 57.86 | I11: 0 | R11: =MIN($B11,$D11,$F11,$H11,$J11,$L11,$N11,$P11) -> 0 | S11: =MIN($C11,$E11,$G11,$I11,$K11,$M11,$O11,$Q11) -> 0 | T11: =MEDIAN($B11,$D11,$F11,$H11,$J11,$L11,$N11,$P11) -> 0 | U11: =MEDIAN($C11,$E11,$G11,$I11,$K11,$M11,$O11,$Q11) -> 0 | V11: =MAX($B11,$D11,$F11,$H11,$J11,$L11,$N11,$P11) -> 0 | W11: =MAX($C11,$E11,$G11,$I11,$K11,$M11,$O11,$Q11) -> 0
A12: ./citybike-max200_user-input-n200 | B12: 15.85 | C12: 0 | H12: 58.48 | I12: 0 | R12: =MIN($B12,$D12,$F12,$H12,$J12,$L12,$N12,$P12) -> 0 | S12: =MIN($C12,$E12,$G12,$I12,$K12,$M12,$O12,$Q12) -> 0 | T12: =MEDIAN($B12,$D12,$F12,$H12,$J12,$L12,$N12,$P12) -> 0 | U12: =MEDIAN($C12,$E12,$G12,$I12,$K12,$M12,$O12,$Q12) -> 0 | V12: =MAX($B12,$D12,$F12,$H12,$J12,$L12,$N12,$P12) -> 0 | W12: =MAX($C12,$E12,$G12,$I12,$K12,$M12,$O12,$Q12) -> 0
A13: ./citybike-max200_user-input-n50 | B13: 14.56 | C13: 0 | H13: 54.73 | I13: 0 | R13: =MIN($B13,$D13,$F13,$H13,$J13,$L13,$N13,$P13) -> 0 | S13: =MIN($C13,$E13,$G13,$I13,$K13,$M13,$O13,$Q13) -> 0 | T13: =MEDIAN($B13,$D13,$F13,$H13,$J13,$L13,$N13,$P13) -> 0 | U13: =MEDIAN($C13,$E13,$G13,$I13,$K13,$M13,$O13,$Q13) -> 0 | V13: =MAX($B13,$D13,$F13,$H13,$J13,$L13,$N13,$P13) -> 0 | W13: =MAX($C13,$E13,$G13,$I13,$K13,$M13,$O13,$Q13) -> 0
A14: ./citybike-max200_user-input-n66 | B14: 14.38 | C14: 0 | H14: 55.51 | I14: 0 | R14: =MIN($B14,$D14,$F14,$H14,$J14,$L14,$N14,$P14) -> 0 | S14: =MIN($C14,$E14,$G14,$I14,$K14,$M14,$O14,$Q14) -> 0 | T14: =MEDIAN($B14,$D14,$F14,$H14,$J14,$L14,$N14,$P14) -> 0 | U14: =MEDIAN($C14,$E14,$G14,$I14,$K14,$M14,$O14,$Q14) -> 0 | V14: =MAX($B14,$D14,$F14,$H14,$J14,$L14,$N14,$P14) -> 0 | W14: =MAX($C14,$E14,$G14,$I14,$K14,$M14,$O14,$Q14) -> 0
... A73: ./travelbike-max5_user-input-p92-v415 | B73: 28.4 | C73: 0 | H73: 2.32 | I73: 0 | R73: =MIN($B73,$D73,$F73,$H73,$J73,$L73,$N73,$P73) -> 0 | S73: =MIN($C73,$E73,$G73,$I73,$K73,$M73,$O73,$Q73) -> 0 | T73: =MEDIAN($B73,$D73,$F73,$H73,$J73,$L73,$N73,$P73) -> 0 | U73: =MEDIAN($C73,$E73,$G73,$I73,$K73,$M73,$O73,$Q73) -> 0 | V73: =MAX($B73,$D73,$F73,$H73,$J73,$L73,$N73,$P73) -> 0 | W73: =MAX($C73,$E73,$G73,$I73,$K73,$M73,$O73,$Q73) -> 0
A74: ./cargobike-complex-100_user-input-0 | D74: 0.58 | E74: 0 | F74: 0.57 | G74: 0 | J74: 2.11 | K74: 0 | L74: 2.12 | M74: 0 | N74: 0.53 | O74: 0 | P74: 0.73 | Q74: 0 | R74: =MIN($B74,$D74,$F74,$H74,$J74,$L74,$N74,$P74) -> 0 | S74: =MIN($C74,$E74,$G74,$I74,$K74,$M74,$O74,$Q74) -> 0 | T74: =MEDIAN($B74,$D74,$F74,$H74,$J74,$L74,$N74,$P74) -> 0 | U74: =MEDIAN($C74,$E74,$G74,$I74,$K74,$M74,$O74,$Q74) -> 0 | V74: =MAX($B74,$D74,$F74,$H74,$J74,$L74,$N74,$P74) -> 0 | W74: =MAX($C74,$E74,$G74,$I74,$K74,$M74,$O74,$Q74) -> 0
A75: ./cargobike-complex-100_user-input-1 | D75: 0.44 | E75: 0 | F75: 0.44 | G75: 0 | J75: 1.96 | K75: 0 | L75: 1.98 | M75: 0 | N75: 0.45 | O75: 0 | P75: 0.56 | Q75: 0 | R75: =MIN($B75,$D75,$F75,$H75,$J75,$L75,$N75,$P75) -> 0 | S75: =MIN($C75,$E75,$G75,$I75,$K75,$M75,$O75,$Q75) -> 0 | T75: =MEDIAN($B75,$D75,$F75,$H75,$J75,$L75,$N75,$P75) -> 0 | U75: =MEDIAN($C75,$E75,$G75,$I75,$K75,$M75,$O75,$Q75) -> 0 | V75: =MAX($B75,$D75,$F75,$H75,$J75,$L75,$N75,$P75) -> 0 | W75: =MAX($C75,$E75,$G75,$I75,$K75,$M75,$O75,$Q75) -> 0
A76: ./cargobike-complex-100_user-input-10 | D76: 0.65 | E76: 0 | F76: 0.51 | G76: 0 | J76: 5.74 | K76: 0 | L76: 2.91 | M76: 0 | N76: 0.86 | O76: 0 | P76: 0.51 | Q76: 0 | R76: =MIN($B76,$D76,$F76,$H76,$J76,$L76,$N76,$P76) -> 0 | S76: =MIN($C76,$E76,$G76,$I76,$K76,$M76,$O76,$Q76) -> 0 | T76: =MEDIAN($B76,$D76,$F76,$H76,$J76,$L76,$N76,$P76) -> 0 | U76: =MEDIAN($C76,$E76,$G76,$I76,$K76,$M76,$O76,$Q76) -> 0 | V76: =MAX($B76,$D76,$F76,$H76,$J76,$L76,$N76,$P76) -> 0 | W76: =MAX($C76,$E76,$G76,$I76,$K76,$M76,$O76,$Q76) -> 0
A77: ./cargobike-complex-100_user-input-11 | D77: 0.68 | E77: 0 | F77: 0.7 | G77: 0 | J77: 5.61 | K77: 0 | L77: 2.88 | M77: 0 | N77: 0.85 | O77: 0 | P77: 0.5 | Q77: 0 | R77: =MIN($B77,$D77,$F77,$H77,$J77,$L77,$N77,$P77) -> 0 | S77: =MIN($C77,$E77,$G77,$I77,$K77,$M77,$O77,$Q77) -> 0 | T77: =MEDIAN($B77,$D77,$F77,$H77,$J77,$L77,$N77,$P77) -> 0 | U77: =MEDIAN($C77,$E77,$G77,$I77,$K77,$M77,$O77,$Q77) -> 0 | V77: =MAX($B77,$D77,$F77,$H77,$J77,$L77,$N77,$P77) -> 0 | W77: =MAX($C77,$E77,$G77,$I77,$K77,$M77,$O77,$Q77) -> 0
A78: ./cargobike-complex-100_user-input-12 | D78: 0.83 | E78: 0 | F78: 0.75 | G78: 0 | J78: 5.8 | K78: 0 | L78: 4.31 | M78: 0 | N78: 0.85 | O78: 0 | P78: 0.75 | Q78: 0 | R78: =MIN($B78,$D78,$F78,$H78,$J78,$L78,$N78,$P78) -> 0 | S78: =MIN($C78,$E78,$G78,$I78,$K78,$M78,$O78,$Q78) -> 0 | T78: =MEDIAN($B78,$D78,$F78,$H78,$J78,$L78,$N78,$P78) -> 0 | U78: =MEDIAN($C78,$E78,$G78,$I78,$K78,$M78,$O78,$Q78) -> 0 | V78: =MAX($B78,$D78,$F78,$H78,$J78,$L78,$N78,$P78) -> 0 | W78: =MAX($C78,$E78,$G78,$I78,$K78,$M78,$O78,$Q78) -> 0
A79: ./cargobike-complex-100_user-input-13 | D79: 0.8 | E79: 0 | F79: 0.95 | G79: 0 | J79: 5.76 | K79: 0 | L79: 4.19 | M79: 0 | N79: 0.86 | O79: 0 | P79: 0.64 | Q79: 0 | R79: =MIN($B79,$D79,$F79,$H79,$J79,$L79,$N79,$P79) -> 0 | S79: =MIN($C79,$E79,$G79,$I79,$K79,$M79,$O79,$Q79) -> 0 | T79: =MEDIAN($B79,$D79,$F79,$H79,$J79,$L79,$N79,$P79) -> 0 | U79: =MEDIAN($C79,$E79,$G79,$I79,$K79,$M79,$O79,$Q79) -> 0 | V79: =MAX($B79,$D79,$F79,$H79,$J79,$L79,$N79,$P79) -> 0 | W79: =MAX($C79,$E79,$G79,$I79,$K79,$M79,$O79,$Q79) -> 0
A80: ./cargobike-complex-100_user-input-14 | D80: 0.67 | E80: 0 | F80: 0.58 | G80: 0 | J80: 5.68 | K80: 0 | L80: 4.04 | M80: 0 | N80: 0.83 | O80: 0 | P80: 0.63 | Q80: 0 | R80: =MIN($B80,$D80,$F80,$H80,$J80,$L80,$N80,$P80) -> 0 | S80: =MIN($C80,$E80,$G80,$I80,$K80,$M80,$O80,$Q80) -> 0 | T80: =MEDIAN($B80,$D80,$F80,$H80,$J80,$L80,$N80,$P80) -> 0 | U80: =MEDIAN($C80,$E80,$G80,$I80,$K80,$M80,$O80,$Q80) -> 0 | V80: =MAX($B80,$D80,$F80,$H80,$J80,$L80,$N80,$P80) -> 0 | W80: =MAX($C80,$E80,$G80,$I80,$K80,$M80,$O80,$Q80) -> 0
A81: ./cargobike-complex-100_user-input-15 | D81: 0.68 | E81: 0 | F81: 0.6 | G81: 0 | J81: 5.7 | K81: 0 | L81: 4.24 | M81: 0 | N81: 0.87 | O81: 0 | P81: 0.58 | Q81: 0 | R81: =MIN($B81,$D81,$F81,$H81,$J81,$L81,$N81,$P81) -> 0 | S81: =MIN($C81,$E81,$G81,$I81,$K81,$M81,$O81,$Q81) -> 0 | T81: =MEDIAN($B81,$D81,$F81,$H81,$J81,$L81,$N81,$P81) -> 0 | U81: =MEDIAN($C81,$E81,$G81,$I81,$K81,$M81,$O81,$Q81) -> 0 | V81: =MAX($B81,$D81,$F81,$H81,$J81,$L81,$N81,$P81) -> 0 | W81: =MAX($C81,$E81,$G81,$I81,$K81,$M81,$O81,$Q81) -> 0
A82: ./cargobike-complex-100_user-input-16 | D82: 0.73 | E82: 0 | F82: 0.62 | G82: 0 | J82: 5.7 | K82: 0 | L82: 4.21 | M82: 0 | N82: 0.85 | O82: 0 | P82: 0.6 | Q82: 0 | R82: =MIN($B82,$D82,$F82,$H82,$J82,$L82,$N82,$P82) -> 0 | S82: =MIN($C82,$E82,$G82,$I82,$K82,$M82,$O82,$Q82) -> 0 | T82: =MEDIAN($B82,$D82,$F82,$H82,$J82,$L82,$N82,$P82) -> 0 | U82: =MEDIAN($C82,$E82,$G82,$I82,$K82,$M82,$O82,$Q82) -> 0 | V82: =MAX($B82,$D82,$F82,$H82,$J82,$L82,$N82,$P82) -> 0 | W82: =MAX($C82,$E82,$G82,$I82,$K82,$M82,$O82,$Q82) -> 0
A83: ./cargobike-complex-100_user-input-17 | D83: 0.7 | E83: 0 | F83: 0.83 | G83: 0 | J83: 5.78 | K83: 0 | L83: 4.17 | M83: 0 | N83: 0.83 | O83: 0 | P83: 0.83 | Q83: 0 | R83: =MIN($B83,$D83,$F83,$H83,$J83,$L83,$N83,$P83) -> 0 | S83: =MIN($C83,$E83,$G83,$I83,$K83,$M83,$O83,$Q83) -> 0 | T83: =MEDIAN($B83,$D83,$F83,$H83,$J83,$L83,$N83,$P83) -> 0 | U83: =MEDIAN($C83,$E83,$G83,$I83,$K83,$M83,$O83,$Q83) -> 0 | V83: =MAX($B83,$D83,$F83,$H83,$J83,$L83,$N83,$P83) -> 0 | W83: =MAX($C83,$E83,$G83,$I83,$K83,$M83,$O83,$Q83) -> 0
A84: ./cargobike-complex-100_user-input-18 | D84: 0.83 | E84: 0 | F84: 0.75 | G84: 0 | J84: 6.89 | K84: 0 | L84: 4.14 | M84: 0 | N84: 0.87 | O84: 0 | P84: 0.74 | Q84: 0 | R84: =MIN($B84,$D84,$F84,$H84,$J84,$L84,$N84,$P84) -> 0 | S84: =MIN($C84,$E84,$G84,$I84,$K84,$M84,$O84,$Q84) -> 0 | T84: =MEDIAN($B84,$D84,$F84,$H84,$J84,$L84,$N84,$P84) -> 0 | U84: =MEDIAN($C84,$E84,$G84,$I84,$K84,$M84,$O84,$Q84) -> 0 | V84: =MAX($B84,$D84,$F84,$H84,$J84,$L84,$N84,$P84) -> 0 | W84: =MAX($C84,$E84,$G84,$I84,$K84,$M84,$O84,$Q84) -> 0
A85: ./cargobike-complex-100_user-input-19 | D85: 0.81 | E85: 0 | F85: 0.72 | G85: 0 | J85: 5.76 | K85: 0 | L85: 4.13 | M85: 0 | N85: 0.94 | O85: 0 | P85: 0.8 | Q85: 0 | R85: =MIN($B85,$D85,$F85,$H85,$J85,$L85,$N85,$P85) -> 0 | S85: =MIN($C85,$E85,$G85,$I85,$K85,$M85,$O85,$Q85) -> 0 | T85: =MEDIAN($B85,$D85,$F85,$H85,$J85,$L85,$N85,$P85) -> 0 | U85: =MEDIAN($C85,$E85,$G85,$I85,$K85,$M85,$O85,$Q85) -> 0 | V85: =MAX($B85,$D85,$F85,$H85,$J85,$L85,$N85,$P85) -> 0 | W85: =MAX($C85,$E85,$G85,$I85,$K85,$M85,$O85,$Q85) -> 0
... A341: ./travelbike-max5_user-input-p92-v415 | D341: 1200 | E341: 1 | F341: 1200 | G341: 1 | J341: 1200 | K341: 1 | L341: 1200 | M341: 1 | N341: 1200 | O341: 1 | P341: 1200 | Q341: 1 | R341: =MIN($B341,$D341,$F341,$H341,$J341,$L341,$N341,$P341) -> 0 | S341: =MIN($C341,$E341,$G341,$I341,$K341,$M341,$O341,$Q341) -> 0 | T341: =MEDIAN($B341,$D341,$F341,$H341,$J341,$L341,$N341,$P341) -> 0 | U341: =MEDIAN($C341,$E341,$G341,$I341,$K341,$M341,$O341,$Q341) -> 0 | V341: =MAX($B341,$D341,$F341,$H341,$J341,$L341,$N341,$P341) -> 0 | W341: =MAX($C341,$E341,$G341,$I341,$K341,$M341,$O341,$Q341) -> 0
A343: SUM | B343: =SUM(B$3:B$341) -> 0 | C343: =SUM(C$3:C$341) -> 0 | D343: =SUM(D$3:D$341) -> 0 | E343: =SUM(E$3:E$341) -> 0 | F343: =SUM(F$3:F$341) -> 0 | G343: =SUM(G$3:G$341) -> 0 | H343: =SUM(H$3:H$341) -> 0 | I343: =SUM(I$3:I$341) -> 0 | ... W343: =SUM(W$3:W$341) -> 0
A344: AVG | B344: =AVERAGE(B$3:B$341) -> 0 | C344: =AVERAGE(C$3:C$341) -> 0 | D344: =AVERAGE(D$3:D$341) -> 0 | E344: =AVERAGE(E$3:E$341) -> 0 | F344: =AVERAGE(F$3:F$341) -> 0 | G344: =AVERAGE(G$3:G$341) -> 0 | H344: =AVERAGE(H$3:H$341) -> 0 | I344: =AVERAGE(I$3:I$341) -> 0 | ... W344: =AVERAGE(W$3:W$341) -> 0
A345: DEV | B345: =STDEV(B$3:B$341) -> 0 | C345: =STDEV(C$3:C$341) -> 0 | D345: =STDEV(D$3:D$341) -> 0 | E345: =STDEV(E$3:E$341) -> 0 | F345: =STDEV(F$3:F$341) -> 0 | G345: =STDEV(G$3:G$341) -> 0 | H345: =STDEV(H$3:H$341) -> 0 | I345: =STDEV(I$3:I$341) -> 0 | ... W345: =STDEV(W$3:W$341) -> 0
A346: DST | B346: =SUMPRODUCT(--(B$3:B$341-$R$3:$R$341)^2)^0.5 -> 0 | C346: =SUMPRODUCT(--(C$3:C$341-$S$3:$S$341)^2)^0.5 -> 0 | D346: =SUMPRODUCT(--(D$3:D$341-$R$3:$R$341)^2)^0.5 -> 0 | E346: =SUMPRODUCT(--(E$3:E$341-$S$3:$S$341)^2)^0.5 -> 0 | F346: =SUMPRODUCT(--(F$3:F$341-$R$3:$R$341)^2)^0.5 -> 0 | G346: =SUMPRODUCT(--(G$3:G$341-$S$3:$S$341)^2)^0.5 -> 0 | H346: =SUMPRODUCT(--(H$3:H$341-$R$3:$R$341)^2)^0.5 -> 0 | I346: =SUMPRODUCT(--(I$3:I$341-$S$3:$S$341)^2)^0.5 -> 0 | J346: =SUMPRODUCT(--(J$3:J$341-$R$3:$R$341)^2)^0.5 -> 0 | K346: =SUMPRODUCT(--(K$3:K$341-$S$3:$S$341)^2)^0.5 -> 0 | L346: =SUMPRODUCT(--(L$3:L$341-$R$3:$R$341)^2)^0.5 -> 0 | M346: =SUMPRODUCT(--(M$3:M$341-$S$3:$S$341)^2)^0.5 -> 0 | N346: =SUMPRODUCT(--(N$3:N$341-$R$3:$R$341)^2)^0.5 -> 0 | O346: =SUMPRODUCT(--(O$3:O$341-$S$3:$S$341)^2)^0.5 -> 0 | P346: =SUMPRODUCT(--(P$3:P$341-$R$3:$R$341)^2)^0.5 -> 0 | Q346: =SUMPRODUCT(--(Q$3:Q$341-$S$3:$S$341)^2)^0.5 -> 0
A347: BEST | B347: =SUMPRODUCT(NOT(ISBLANK(B$3:B$341))*(B$3:B$341=$R$3:$R$341)) -> 0 | C347: =SUMPRODUCT(NOT(ISBLANK(C$3:C$341))*(C$3:C$341=$S$3:$S$341)) -> 0 | D347: =SUMPRODUCT(NOT(ISBLANK(D$3:D$341))*(D$3:D$341=$R$3:$R$341)) -> 0 | E347: =SUMPRODUCT(NOT(ISBLANK(E$3:E$341))*(E$3:E$341=$S$3:$S$341)) -> 0 | F347: =SUMPRODUCT(NOT(ISBLANK(F$3:F$341))*(F$3:F$341=$R$3:$R$341)) -> 0 | G347: =SUMPRODUCT(NOT(ISBLANK(G$3:G$341))*(G$3:G$341=$S$3:$S$341)) -> 0 | H347: =SUMPRODUCT(NOT(ISBLANK(H$3:H$341))*(H$3:H$341=$R$3:$R$341)) -> 0 | I347: =SUMPRODUCT(NOT(ISBLANK(I$3:I$341))*(I$3:I$341=$S$3:$S$341)) -> 0 | J347: =SUMPRODUCT(NOT(ISBLANK(J$3:J$341))*(J$3:J$341=$R$3:$R$341)) -> 0 | K347: =SUMPRODUCT(NOT(ISBLANK(K$3:K$341))*(K$3:K$341=$S$3:$S$341)) -> 0 | L347: =SUMPRODUCT(NOT(ISBLANK(L$3:L$341))*(L$3:L$341=$R$3:$R$341)) -> 0 | M347: =SUMPRODUCT(NOT(ISBLANK(M$3:M$341))*(M$3:M$341=$S$3:$S$341)) -> 0 | N347: =SUMPRODUCT(NOT(ISBLANK(N$3:N$341))*(N$3:N$341=$R$3:$R$341)) -> 0 | O347: =SUMPRODUCT(NOT(ISBLANK(O$3:O$341))*(O$3:O$341=$S$3:$S$341)) -> 0 | P347: =SUMPRODUCT(NOT(ISBLANK(P$3:P$341))*(P$3:P$341=$R$3:$R$341)) -> 0 | Q347: =SUMPRODUCT(NOT(ISBLANK(Q$3:Q$341))*(Q$3:Q$341=$S$3:$S$341)) -> 0
A348: BETTER | B348: =SUMPRODUCT(NOT(ISBLANK(B$3:B$341))*(B$3:B$341<$T$3:$T$341)) -> 0 | C348: =SUMPRODUCT(NOT(ISBLANK(C$3:C$341))*(C$3:C$341<$U$3:$U$341)) -> 0 | D348: =SUMPRODUCT(NOT(ISBLANK(D$3:D$341))*(D$3:D$341<$T$3:$T$341)) -> 0 | E348: =SUMPRODUCT(NOT(ISBLANK(E$3:E$341))*(E$3:E$341<$U$3:$U$341)) -> 0 | F348: =SUMPRODUCT(NOT(ISBLANK(F$3:F$341))*(F$3:F$341<$T$3:$T$341)) -> 0 | G348: =SUMPRODUCT(NOT(ISBLANK(G$3:G$341))*(G$3:G$341<$U$3:$U$341)) -> 0 | H348: =SUMPRODUCT(NOT(ISBLANK(H$3:H$341))*(H$3:H$341<$T$3:$T$341)) -> 0 | I348: =SUMPRODUCT(NOT(ISBLANK(I$3:I$341))*(I$3:I$341<$U$3:$U$341)) -> 0 | J348: =SUMPRODUCT(NOT(ISBLANK(J$3:J$341))*(J$3:J$341<$T$3:$T$341)) -> 0 | K348: =SUMPRODUCT(NOT(ISBLANK(K$3:K$341))*(K$3:K$341<$U$3:$U$341)) -> 0 | L348: =SUMPRODUCT(NOT(ISBLANK(L$3:L$341))*(L$3:L$341<$T$3:$T$341)) -> 0 | M348: =SUMPRODUCT(NOT(ISBLANK(M$3:M$341))*(M$3:M$341<$U$3:$U$341)) -> 0 | N348: =SUMPRODUCT(NOT(ISBLANK(N$3:N$341))*(N$3:N$341<$T$3:$T$341)) -> 0 | O348: =SUMPRODUCT(NOT(ISBLANK(O$3:O$341))*(O$3:O$341<$U$3:$U$341)) -> 0 | P348: =SUMPRODUCT(NOT(ISBLANK(P$3:P$341))*(P$3:P$341<$T$3:$T$341)) -> 0 | Q348: =SUMPRODUCT(NOT(ISBLANK(Q$3:Q$341))*(Q$3:Q$341<$U$3:$U$341)) -> 0
A349: WORSE | B349: =SUMPRODUCT((NOT(ISBLANK(B$3:B$341))*(B$3:B$341>$T$3:$T$341))+ISBLANK(B$3:B$341)) -> 0 | C349: =SUMPRODUCT((NOT(ISBLANK(C$3:C$341))*(C$3:C$341>$U$3:$U$341))+ISBLANK(C$3:C$341)) -> 0 | D349: =SUMPRODUCT((NOT(ISBLANK(D$3:D$341))*(D$3:D$341>$T$3:$T$341))+ISBLANK(D$3:D$341)) -> 0 | E349: =SUMPRODUCT((NOT(ISBLANK(E$3:E$341))*(E$3:E$341>$U$3:$U$341))+ISBLANK(E$3:E$341)) -> 0 | F349: =SUMPRODUCT((NOT(ISBLANK(F$3:F$341))*(F$3:F$341>$T$3:$T$341))+ISBLANK(F$3:F$341)) -> 0 | G349: =SUMPRODUCT((NOT(ISBLANK(G$3:G$341))*(G$3:G$341>$U$3:$U$341))+ISBLANK(G$3:G$341)) -> 0 | H349: =SUMPRODUCT((NOT(ISBLANK(H$3:H$341))*(H$3:H$341>$T$3:$T$341))+ISBLANK(H$3:H$341)) -> 0 | I349: =SUMPRODUCT((NOT(ISBLANK(I$3:I$341))*(I$3:I$341>$U$3:$U$341))+ISBLANK(I$3:I$341)) -> 0 | J349: =SUMPRODUCT((NOT(ISBLANK(J$3:J$341))*(J$3:J$341>$T$3:$T$341))+ISBLANK(J$3:J$341)) -> 0 | K349: =SUMPRODUCT((NOT(ISBLANK(K$3:K$341))*(K$3:K$341>$U$3:$U$341))+ISBLANK(K$3:K$341)) -> 0 | L349: =SUMPRODUCT((NOT(ISBLANK(L$3:L$341))*(L$3:L$341>$T$3:$T$341))+ISBLANK(L$3:L$341)) -> 0 | M349: =SUMPRODUCT((NOT(ISBLANK(M$3:M$341))*(M$3:M$341>$U$3:$U$341))+ISBLANK(M$3:M$341)) -> 0 | N349: =SUMPRODUCT((NOT(ISBLANK(N$3:N$341))*(N$3:N$341>$T$3:$T$341))+ISBLANK(N$3:N$341)) -> 0 | O349: =SUMPRODUCT((NOT(ISBLANK(O$3:O$341))*(O$3:O$341>$U$3:$U$341))+ISBLANK(O$3:O$341)) -> 0 | P349: =SUMPRODUCT((NOT(ISBLANK(P$3:P$341))*(P$3:P$341>$T$3:$T$341))+ISBLANK(P$3:P$341)) -> 0 | Q349: =SUMPRODUCT((NOT(ISBLANK(Q$3:Q$341))*(Q$3:Q$341>$U$3:$U$341))+ISBLANK(Q$3:Q$341)) -> 0
A350: WORST | B350: =SUMPRODUCT((NOT(ISBLANK(B$3:B$341))*(B$3:B$341=$V$3:$V$341))+ISBLANK(B$3:B$341)) -> 0 | C350: =SUMPRODUCT((NOT(ISBLANK(C$3:C$341))*(C$3:C$341=$W$3:$W$341))+ISBLANK(C$3:C$341)) -> 0 | D350: =SUMPRODUCT((NOT(ISBLANK(D$3:D$341))*(D$3:D$341=$V$3:$V$341))+ISBLANK(D$3:D$341)) -> 0 | E350: =SUMPRODUCT((NOT(ISBLANK(E$3:E$341))*(E$3:E$341=$W$3:$W$341))+ISBLANK(E$3:E$341)) -> 0 | F350: =SUMPRODUCT((NOT(ISBLANK(F$3:F$341))*(F$3:F$341=$V$3:$V$341))+ISBLANK(F$3:F$341)) -> 0 | G350: =SUMPRODUCT((NOT(ISBLANK(G$3:G$341))*(G$3:G$341=$W$3:$W$341))+ISBLANK(G$3:G$341)) -> 0 | H350: =SUMPRODUCT((NOT(ISBLANK(H$3:H$341))*(H$3:H$341=$V$3:$V$341))+ISBLANK(H$3:H$341)) -> 0 | I350: =SUMPRODUCT((NOT(ISBLANK(I$3:I$341))*(I$3:I$341=$W$3:$W$341))+ISBLANK(I$3:I$341)) -> 0 | J350: =SUMPRODUCT((NOT(ISBLANK(J$3:J$341))*(J$3:J$341=$V$3:$V$341))+ISBLANK(J$3:J$341)) -> 0 | K350: =SUMPRODUCT((NOT(ISBLANK(K$3:K$341))*(K$3:K$341=$W$3:$W$341))+ISBLANK(K$3:K$341)) -> 0 | L350: =SUMPRODUCT((NOT(ISBLANK(L$3:L$341))*(L$3:L$341=$V$3:$V$341))+ISBLANK(L$3:L$341)) -> 0 | M350: =SUMPRODUCT((NOT(ISBLANK(M$3:M$341))*(M$3:M$341=$W$3:$W$341))+ISBLANK(M$3:M$341)) -> 0 | N350: =SUMPRODUCT((NOT(ISBLANK(N$3:N$341))*(N$3:N$341=$V$3:$V$341))+ISBLANK(N$3:N$341)) -> 0 | O350: =SUMPRODUCT((NOT(ISBLANK(O$3:O$341))*(O$3:O$341=$W$3:$W$341))+ISBLANK(O$3:O$341)) -> 0 | P350: =SUMPRODUCT((NOT(ISBLANK(P$3:P$341))*(P$3:P$341=$V$3:$V$341))+ISBLANK(P$3:P$341)) -> 0 | Q350: =SUMPRODUCT((NOT(ISBLANK(Q$3:Q$341))*(Q$3:Q$341=$W$3:$W$341))+ISBLANK(Q$3:Q$341)) -> 0

Sheet Merged Runs
A1: Merge criteria: | B1: coomsuite-1.0.0/clingo-base | D1: coomsuite-1.0.0/clingo-bounds-exponential | F1: coomsuite-1.0.0/clingo-bounds-linear | H1: coomsuite-1.0.0/flingo-base | J1: coomsuite-1.0.0/flingo-bounds-exponential | L1: coomsuite-1.0.0/flingo-bounds-linear | N1: coomsuite-1.0.0/multishot-exponential | P1: coomsuite-1.0.0/multishot-linear | R1: min | T1: median | V1: max
A2: median | B2: time | C2: timeout | D2: time | E2: timeout | F2: time | G2: timeout | H2: time | I2: timeout | J2: time | K2: timeout | L2: time | M2: timeout | N2: time | O2: timeout | P2: time | Q2: timeout | R2: time | S2: timeout | T2: time | U2: timeout | V2: time | W2: timeout
A3: ./citybike-max100_user-input-n100 | B3: {=_xlfn.SWITCH($A$2,"average", AVERAGE(Instances!B3:Instances!B3),"median", MEDIAN(Instances!B3:Instances!B3),"min", MIN(Instances!B3:Instances!B3),"max", MAX(Instances!B3:Instances!B3),"diff", MAX(Instances!B3:Instances!B3)-MIN(Instances!B3:Instances!B3))} -> 0 | C3: {=_xlfn.SWITCH($A$2,"average", AVERAGE(Instances!C3:Instances!C3),"median", MEDIAN(Instances!C3:Instances!C3),"min", MIN(Instances!C3:Instances!C3),"max", MAX(Instances!C3:Instances!C3),"diff", MAX(Instances!C3:Instances!C3)-MIN(Instances!C3:Instances!C3))} -> 0 | H3: {=_xlfn.SWITCH($A$2,"average", AVERAGE(Instances!H3:Instances!H3),"median", MEDIAN(Instances!H3:Instances!H3),"min", MIN(Instances!H3:Instances!H3),"max", MAX(Instances!H3:Instances!H3),"diff", MAX(Instances!H3:Instances!H3)-MIN(Instances!H3:Instances!H3))} -> 0 | I3: {=_xlfn.SWITCH($A$2,"average", AVERAGE(Instances!I3:Instances!I3),"median", MEDIAN(Instances!I3:Instances!I3),"min", MIN(Instances!I3:Instances!I3),"max", MAX(Instances!I3:Instances!I3),"diff", MAX(Instances!I3:Instances!I3)-MIN(Instances!I3:Instances!I3))} -> 0 | R3: =MIN($B3,$D3,$F3,$H3,$J3,$L3,$N3,$P3) -> 0 | S3: =MIN($C3,$E3,$G3,$I3,$K3,$M3,$O3,$Q3) -> 0 | T3: =MEDIAN($B3,$D3,$F3,$H3,$J3,$L3,$N3,$P3) -> 0 | U3: =MEDIAN($C3,$E3,$G3,$I3,$K3,$M3,$O3,$Q3) -> 0 | V3: =MAX($B3,$D3,$F3,$H3,$J3,$L3,$N3,$P3) -> 0 | W3: =MAX($C3,$E3,$G3,$I3,$K3,$M3,$O3,$Q3) -> 0
A4: ./citybike-max100_user-input-n25 | B4: {=_xlfn.SWITCH($A$2,"average", AVERAGE(Instances!B4:Instances!B4),"median", MEDIAN(Instances!B4:Instances!B4),"min", MIN(Instances!B4:Instances!B4),"max", MAX(Instances!B4:Instances!B4),"diff", MAX(Instances!B4:Instances!B4)-MIN(Instances!B4:Instances!B4))} -> 0 | C4: {=_xlfn.SWITCH($A$2,"average", AVERAGE(Instances!C4:Instances!C4),"median", MEDIAN(Instances!C4:Instances!C4),"min", MIN(Instances!C4:Instances!C4),"max", MAX(Instances!C4:Instances!C4),"diff", MAX(Instances!C4:Instances!C4)-MIN(Instances!C4:Instances!C4))} -> 0 | H4: {=_xlfn.SWITCH($A$2,"average", AVERAGE(Instances!H4:Instances!H4),"median", MEDIAN(Instances!H4:Instances!H4),"min", MIN(Instances!H4:Instances!H4),"max", MAX(Instances!H4:Instances!H4),"diff", MAX(Instances!H4:Instances!H4)-MIN(Instances!H4:Instances!H4))} -> 0 | I4: {=_xlfn.SWITCH($A$2,"average", AVERAGE(Instances!I4:Instances!I4),"median", MEDIAN(Instances!I4:Instances!I4),"min", MIN(Instances!I4:Instances!I4),"max", MAX(Instances!I4:Instances!I4),"diff", MAX(Instances!I4:Instances!I4)-MIN(Instances!I4:Instances!I4))} -> 0 | R4: =MIN($B4,$D4,$F4,$H4,$J4,$L4,$N4,$P4) -> 0 | S4: =MIN($C4,$E4,$G4,$I4,$K4,$M4,$O4,$Q4) -> 0 | T4: =MEDIAN($B4,$D4,$F4,$H4,$J4,$L4,$N4,$P4) -> 0 | U4: =MEDIAN($C4,$E4,$G4,$I4,$K4,$M4,$O4,$Q4) -> 0 | V4: =MAX($B4,$D4,$F4,$H4,$J4,$L4,$N4,$P4) -> 0 | W4: =MAX($C4,$E4,$G4,$I4,$K4,$M4,$O4,$Q4) -> 0
A5: ./citybike-max100_user-input-n33 | B5: {=_xlfn.SWITCH($A$2,"average", AVERAGE(Instances!B5:Instances!B5),"median", MEDIAN(Instances!B5:Instances!B5),"min", MIN(Instances!B5:Instances!B5),"max", MAX(Instances!B5:Instances!B5),"diff", MAX(Instances!B5:Instances!B5)-MIN(Instances!B5:Instances!B5))} -> 0 | C5: {=_xlfn.SWITCH($A$2,"average", AVERAGE(Instances!C5:Instances!C5),"median", MEDIAN(Instances!C5:Instances!C5),"min", MIN(Instances!C5:Instances!C5),"max", MAX(Instances!C5:Instances!C5),"diff", MAX(Instances!C5:Instances!C5)-MIN(Instances!C5:Instances!C5))} -> 0 | H5: {=_xlfn.SWITCH($A$2,"average", AVERAGE(Instances!H5:Instances!H5),"median", MEDIAN(Instances!H5:Instances!H5),"min", MIN(Instances!H5:Instances!H5),"max", MAX(Instances!H5:Instances!H5),"diff", MAX(Instances!H5:Instances!H5)-MIN(Instances!H5:Instances!H5))} -> 0 | I5: {=_xlfn.SWITCH($A$2,"average", AVERAGE(Instances!I5:Instances!I5),"median", MEDIAN(Instances!I5:Instances!I5),"min", MIN(Instances!I5:Instances!I5),"max", MAX(Instances!I5:Instances!I5),"diff", MAX(Instances!I5:Instances!I5)-MIN(Instances!I5:Instances!I5))} -> 0 | R5: =MIN($B5,$D5,$F5,$H5,$J5,$L5,$N5,$P5) -> 0 | S5: =MIN($C5,$E5,$G5,$I5,$K5,$M5,$O5,$Q5) -> 0 | T5: =MEDIAN($B5,$D5,$F5,$H5,$J5,$L5,$N5,$P5) -> 0 | U5: =MEDIAN($C5,$E5,$G5,$I5,$K5,$M5,$O5,$Q5) -> 0 | V5: =MAX($B5,$D5,$F5,$H5,$J5,$L5,$N5,$P5) -> 0 | W5: =MAX($C5,$E5,$G5,$I5,$K5,$M5,$O5,$Q5) -> 0
A6: ./citybike-max100_user-input-n50 | B6: {=_xlfn.SWITCH($A$2,"average", AVERAGE(Instances!B6:Instances!B6),"median", MEDIAN(Instances!B6:Instances!B6),"min", MIN(Instances!B6:Instances!B6),"max", MAX(Instances!B6:Instances!B6),"diff", MAX(Instances!B6:Instances!B6)-MIN(Instances!B6:Instances!B6))} -> 0 | C6: {=_xlfn.SWITCH($A$2,"average", AVERAGE(Instances!C6:Instances!C6),"median", MEDIAN(Instances!C6:Instances!C6),"min", MIN(Instances!C6:Instances!C6),"max", MAX(Instances!C6:Instances!C6),"diff", MAX(Instances!C6:Instances!C6)-MIN(Instances!C6:Instances!C6))} -> 0 | H6: {=_xlfn.SWITCH($A$2,"average", AVERAGE(Instances!H6:Instances!H6),"median", MEDIAN(Instances!H6:Instances!H6),"min", MIN(Instances!H6:Instances!H6),"max", MAX(Instances!H6:Instances!H6),"diff", MAX(Instances!H6:Instances!H6)-MIN(Instances!H6:Instances!H6))} -> 0 | I6: {=_xlfn.SWITCH($A$2,"average", AVERAGE(Instances!I6:Instances!I6),"median", MEDIAN(Instances!I6:Instances!I6),"min", MIN(Instances!I6:Instances!I6),"max", MAX(Instances!I6:Instances!I6),"diff", MAX(Instances!I6:Instances!I6)-MIN(Instances!I6:Instances!I6))} -> 0 | R6: =MIN($B6,$D6,$F6,$H6,$J6,$L6,$N6,$P6) -> 0 | S6: =MIN($C6,$E6,$G6,$I6,$K6,$M6,$O6,$Q6) -> 0 | T6: =MEDIAN($B6,$D6,$F6,$H6,$J6,$L6,$N6,$P6) -> 0 | U6: =MEDIAN($C6,$E6,$G6,$I6,$K6,$M6,$O6,$Q6) -> 0 | V6: =MAX($B6,$D6,$F6,$H6,$J6,$L6,$N6,$P6) -> 0 | W6: =MAX($C6,$E6,$G6,$I6,$K6,$M6,$O6,$Q6) -> 0
A7: ./citybike-max150_user-input-n150 | B7: {=_xlfn.SWITCH($A$2,"average", AVERAGE(Instances!B7:Instances!B7),"median", MEDIAN(Instances!B7:Instances!B7),"min", MIN(Instances!B7:Instances!B7),"max", MAX(Instances!B7:Instances!B7),"diff", MAX(Instances!B7:Instances!B7)-MIN(Instances!B7:Instances!B7))} -> 0 | C7: {=_xlfn.SWITCH($A$2,"average", AVERAGE(Instances!C7:Instances!C7),"median", MEDIAN(Instances!C7:Instances!C7),"min", MIN(Instances!C7:Instances!C7),"max", MAX(Instances!C7:Instances!C7),"diff", MAX(Instances!C7:Instances!C7)-MIN(Instances!C7:Instances!C7))} -> 0 | H7: {=_xlfn.SWITCH($A$2,"average", AVERAGE(Instances!H7:Instances!H7),"median", MEDIAN(Instances!H7:Instances!H7),"min", MIN(Instances!H7:Instances!H7),"max", MAX(Instances!H7:Instances!H7),"diff", MAX(Instances!H7:Instances!H7)-MIN(Instances!H7:Instances!H7))} -> 0 | I7: {=_xlfn.SWITCH($A$2,"average", AVERAGE(Instances!I7:Instances!I7),"median", MEDIAN(Instances!I7:Instances!I7),"min", MIN(Instances!I7:Instances!I7),"max", MAX(Instances!I7:Instances!I7),"diff", MAX(Instances!I7:Instances!I7)-MIN(Instances!I7:Instances!I7))} -> 0 | R7: =MIN($B7,$D7,$F7,$H7,$J7,$L7,$N7,$P7) -> 0 | S7: =MIN($C7,$E7,$G7,$I7,$K7,$M7,$O7,$Q7) -> 0 | T7: =MEDIAN($B7,$D7,$F7,$H7,$J7,$L7,$N7,$P7) -> 0 | U7: =MEDIAN($C7,$E7,$G7,$I7,$K7,$M7,$O7,$Q7) -> 0 | V7: =MAX($B7,$D7,$F7,$H7,$J7,$L7,$N7,$P7) -> 0 | W7: =MAX($C7,$E7,$G7,$I7,$K7,$M7,$O7,$Q7) -> 0
A8: ./citybike-max150_user-input-n37 | B8: {=_xlfn.SWITCH($A$2,"average", AVERAGE(Instances!B8:Instances!B8),"median", MEDIAN(Instances!B8:Instances!B8),"min", MIN(Instances!B8:Instances!B8),"max", MAX(Instances!B8:Instances!B8),"diff", MAX(Instances!B8:Instances!B8)-MIN(Instances!B8:Instances!B8))} -> 0 | C8: {=_xlfn.SWITCH($A$2,"average", AVERAGE(Instances!C8:Instances!C8),"median", MEDIAN(Instances!C8:Instances!C8),"min", MIN(Instances!C8:Instances!C8),"max", MAX(Instances!C8:Instances!C8),"diff", MAX(Instances!C8:Instances!C8)-MIN(Instances!C8:Instances!C8))} -> 0 | H8: {=_xlfn.SWITCH($A$2,"average", AVERAGE(Instances!H8:Instances!H8),"median", MEDIAN(Instances!H8:Instances!H8),"min", MIN(Instances!H8:Instances!H8),"max", MAX(Instances!H8:Instances!H8),"diff", MAX(Instances!H8:Instances!H8)-MIN(Instances!H8:Instances!H8))} -> 0 | I8: {=_xlfn.SWITCH($A$2,"average", AVERAGE(Instances!I8:Instances!I8),"median", MEDIAN(Instances!I8:Instances!I8),"min", MIN(Instances!I8:Instances!I8),"max", MAX(Instances!I8:Instances!I8),"diff", MAX(Instances!I8:Instances!I8)-MIN(Instances!I8:Instances!I8))} -> 0 | R8: =MIN($B8,$D8,$F8,$H8,$J8,$L8,$N8,$P8) -> 0 | S8: =MIN($C8,$E8,$G8,$I8,$K8,$M8,$O8,$Q8) -> 0 | T8: =MEDIAN($B8,$D8,$F8,$H8,$J8,$L8,$N8,$P8) -> 0 | U8: =MEDIAN($C8,$E8,$G8,$I8,$K8,$M8,$O8,$Q8) -> 0 | V8: =MAX($B8,$D8,$F8,$H8,$J8,$L8,$N8,$P8) -> 0 | W8: =MAX($C8,$E8,$G8,$I8,$K8,$M8,$O8,$Q8) -> 0
A9: ./citybike-max150_user-input-n50 | B9: {=_xlfn.SWITCH($A$2,"average", AVERAGE(Instances!B9:Instances!B9),"median", MEDIAN(Instances!B9:Instances!B9),"min", MIN(Instances!B9:Instances!B9),"max", MAX(Instances!B9:Instances!B9),"diff", MAX(Instances!B9:Instances!B9)-MIN(Instances!B9:Instances!B9))} -> 0 | C9: {=_xlfn.SWITCH($A$2,"average", AVERAGE(Instances!C9:Instances!C9),"median", MEDIAN(Instances!C9:Instances!C9),"min", MIN(Instances!C9:Instances!C9),"max", MAX(Instances!C9:Instances!C9),"diff", MAX(Instances!C9:Instances!C9)-MIN(Instances!C9:Instances!C9))} -> 0 | H9: {=_xlfn.SWITCH($A$2,"average", AVERAGE(Instances!H9:Instances!H9),"median", MEDIAN(Instances!H9:Instances!H9),"min", MIN(Instances!H9:Instances!H9),"max", MAX(Instances!H9:Instances!H9),"diff", MAX(Instances!H9:Instances!H9)-MIN(Instances!H9:Instances!H9))} -> 0 | I9: {=_xlfn.SWITCH($A$2,"average", AVERAGE(Instances!I9:Instances!I9),"median", MEDIAN(Instances!I9:Instances!I9),"min", MIN(Instances!I9:Instances!I9),"max", MAX(Instances!I9:Instances!I9),"diff", MAX(Instances!I9:Instances!I9)-MIN(Instances!I9:Instances!I9))} -> 0 | R9: =MIN($B9,$D9,$F9,$H9,$J9,$L9,$N9,$P9) -> 0 | S9: =MIN($C9,$E9,$G9,$I9,$K9,$M9,$O9,$Q9) -> 0 | T9: =MEDIAN($B9,$D9,$F9,$H9,$J9,$L9,$N9,$P9) -> 0 | U9: =MEDIAN($C9,$E9,$G9,$I9,$K9,$M9,$O9,$Q9) -> 0 | V9: =MAX($B9,$D9,$F9,$H9,$J9,$L9,$N9,$P9) -> 0 | W9: =MAX($C9,$E9,$G9,$I9,$K9,$M9,$O9,$Q9) -> 0
A10: ./citybike-max150_user-input-n75 | B10: {=_xlfn.SWITCH($A$2,"average", AVERAGE(Instances!B10:Instances!B10),"median", MEDIAN(Instances!B10:Instances!B10),"min", MIN(Instances!B10:Instances!B10),"max", MAX(Instances!B10:Instances!B10),"diff", MAX(Instances!B10:Instances!B10)-MIN(Instances!B10:Instances!B10))} -> 0 | C10: {=_xlfn.SWITCH($A$2,"average", AVERAGE(Instances!C10:Instances!C10),"median", MEDIAN(Instances!C10:Instances!C10),"min", MIN(Instances!C10:Instances!C10),"max", MAX(Instances!C10:Instances!C10),"diff", MAX(Instances!C10:Instances!C10)-MIN(Instances!C10:Instances!C10))} -> 0 | H10: {=_xlfn.SWITCH($A$2,"average", AVERAGE(Instances!H10:Instances!H10),"median", MEDIAN(Instances!H10:Instances!H10),"min", MIN(Instances!H10:Instances!H10),"max", MAX(Instances!H10:Instances!H10),"diff", MAX(Instances!H10:Instances!H10)-MIN(Instances!H10:Instances!H10))} -> 0 | I10: {=_xlfn.SWITCH($A$2,"average", AVERAGE(Instances!I10:Instances!I10),"median", MEDIAN(Instances!I10:Instances!I10),"min", MIN(Instances!I10:Instances!I10),"max", MAX(Instances!I10:Instances!I10),"diff", MAX(Instances!I10:Instances!I10)-MIN(Instances!I10:Instances!I10))} -> 0 | R10: =MIN($B10,$D10,$F10,$H10,$J10,$L10,$N10,$P10) -> 0 | S10: =MIN($C10,$E10,$G10,$I10,$K10,$M10,$O10,$Q10) -> 0 | T10: =MEDIAN($B10,$D10,$F10,$H10,$J10,$L10,$N10,$P10) -> 0 | U10: =MEDIAN($C10,$E10,$G10,$I10,$K10,$M10,$O10,$Q10) -> 0 | V10: =MAX($B10,$D10,$F10,$H10,$J10,$L10,$N10,$P10) -> 0 | W10: =MAX($C10,$E10,$G10,$I10,$K10,$M10,$O10,$Q10) -> 0
A11: ./citybike-max200_user-input-n100 | B11: {=_xlfn.SWITCH($A$2,"average", AVERAGE(Instances!B11:Instances!B11),"median", MEDIAN(Instances!B11:Instances!B11),"min", MIN(Instances!B11:Instances!B11),"max", MAX(Instances!B11:Instances!B11),"diff", MAX(Instances!B11:Instances!B11)-MIN(Instances!B11:Instances!B11))} -> 0 | C11: {=_xlfn.SWITCH($A$2,"average", AVERAGE(Instances!C11:Instances!C11),"median", MEDIAN(Instances!C11:Instances!C11),"min", MIN(Instances!C11:Instances!C11),"max", MAX(Instances!C11:Instances!C11),"diff", MAX(Instances!C11:Instances!C11)-MIN(Instances!C11:Instances!C11))} -> 0 | H11: {=_xlfn.SWITCH($A$2,"average", AVERAGE(Instances!H11:Instances!H11),"median", MEDIAN(Instances!H11:Instances!H11),"min", MIN(Instances!H11:Instances!H11),"max", MAX(Instances!H11:Instances!H11),"diff", MAX(Instances!H11:Instances!H11)-MIN(Instances!H11:Instances!H11))} -> 0 | I11: {=_xlfn.SWITCH($A$2,"average", AVERAGE(Instances!I11:Instances!I11),"median", MEDIAN(Instances!I11:Instances!I11),"min", MIN(Instances!I11:Instances!I11),"max", MAX(Instances!I11:Instances!I11),"diff", MAX(Instances!I11:Instances!I11)-MIN(Instances!I11:Instances!I11))} -> 0 | R11: =MIN($B11,$D11,$F11,$H11,$J11,$L11,$N11,$P11) -> 0 | S11: =MIN($C11,$E11,$G11,$I11,$K11,$M11,$O11,$Q11) -> 0 | T11: =MEDIAN($B11,$D11,$F11,$H11,$J11,$L11,$N11,$P11) -> 0 | U11: =MEDIAN($C11,$E11,$G11,$I11,$K11,$M11,$O11,$Q11) -> 0 | V11: =MAX($B11,$D11,$F11,$H11,$J11,$L11,$N11,$P11) -> 0 | W11: =MAX($C11,$E11,$G11,$I11,$K11,$M11,$O11,$Q11) -> 0
A12: ./citybike-max200_user-input-n200 | B12: {=_xlfn.SWITCH($A$2,"average", AVERAGE(Instances!B12:Instances!B12),"median", MEDIAN(Instances!B12:Instances!B12),"min", MIN(Instances!B12:Instances!B12),"max", MAX(Instances!B12:Instances!B12),"diff", MAX(Instances!B12:Instances!B12)-MIN(Instances!B12:Instances!B12))} -> 0 | C12: {=_xlfn.SWITCH($A$2,"average", AVERAGE(Instances!C12:Instances!C12),"median", MEDIAN(Instances!C12:Instances!C12),"min", MIN(Instances!C12:Instances!C12),"max", MAX(Instances!C12:Instances!C12),"diff", MAX(Instances!C12:Instances!C12)-MIN(Instances!C12:Instances!C12))} -> 0 | H12: {=_xlfn.SWITCH($A$2,"average", AVERAGE(Instances!H12:Instances!H12),"median", MEDIAN(Instances!H12:Instances!H12),"min", MIN(Instances!H12:Instances!H12),"max", MAX(Instances!H12:Instances!H12),"diff", MAX(Instances!H12:Instances!H12)-MIN(Instances!H12:Instances!H12))} -> 0 | I12: {=_xlfn.SWITCH($A$2,"average", AVERAGE(Instances!I12:Instances!I12),"median", MEDIAN(Instances!I12:Instances!I12),"min", MIN(Instances!I12:Instances!I12),"max", MAX(Instances!I12:Instances!I12),"diff", MAX(Instances!I12:Instances!I12)-MIN(Instances!I12:Instances!I12))} -> 0 | R12: =MIN($B12,$D12,$F12,$H12,$J12,$L12,$N12,$P12) -> 0 | S12: =MIN($C12,$E12,$G12,$I12,$K12,$M12,$O12,$Q12) -> 0 | T12: =MEDIAN($B12,$D12,$F12,$H12,$J12,$L12,$N12,$P12) -> 0 | U12: =MEDIAN($C12,$E12,$G12,$I12,$K12,$M12,$O12,$Q12) -> 0 | V12: =MAX($B12,$D12,$F12,$H12,$J12,$L12,$N12,$P12) -> 0 | W12: =MAX($C12,$E12,$G12,$I12,$K12,$M12,$O12,$Q12) -> 0
A13: ./citybike-max200_user-input-n50 | B13: {=_xlfn.SWITCH($A$2,"average", AVERAGE(Instances!B13:Instances!B13),"median", MEDIAN(Instances!B13:Instances!B13),"min", MIN(Instances!B13:Instances!B13),"max", MAX(Instances!B13:Instances!B13),"diff", MAX(Instances!B13:Instances!B13)-MIN(Instances!B13:Instances!B13))} -> 0 | C13: {=_xlfn.SWITCH($A$2,"average", AVERAGE(Instances!C13:Instances!C13),"median", MEDIAN(Instances!C13:Instances!C13),"min", MIN(Instances!C13:Instances!C13),"max", MAX(Instances!C13:Instances!C13),"diff", MAX(Instances!C13:Instances!C13)-MIN(Instances!C13:Instances!C13))} -> 0 | H13: {=_xlfn.SWITCH($A$2,"average", AVERAGE(Instances!H13:Instances!H13),"median", MEDIAN(Instances!H13:Instances!H13),"min", MIN(Instances!H13:Instances!H13),"max", MAX(Instances!H13:Instances!H13),"diff", MAX(Instances!H13:Instances!H13)-MIN(Instances!H13:Instances!H13))} -> 0 | I13: {=_xlfn.SWITCH($A$2,"average", AVERAGE(Instances!I13:Instances!I13),"median", MEDIAN(Instances!I13:Instances!I13),"min", MIN(Instances!I13:Instances!I13),"max", MAX(Instances!I13:Instances!I13),"diff", MAX(Instances!I13:Instances!I13)-MIN(Instances!I13:Instances!I13))} -> 0 | R13: =MIN($B13,$D13,$F13,$H13,$J13,$L13,$N13,$P13) -> 0 | S13: =MIN($C13,$E13,$G13,$I13,$K13,$M13,$O13,$Q13) -> 0 | T13: =MEDIAN($B13,$D13,$F13,$H13,$J13,$L13,$N13,$P13) -> 0 | U13: =MEDIAN($C13,$E13,$G13,$I13,$K13,$M13,$O13,$Q13) -> 0 | V13: =MAX($B13,$D13,$F13,$H13,$J13,$L13,$N13,$P13) -> 0 | W13: =MAX($C13,$E13,$G13,$I13,$K13,$M13,$O13,$Q13) -> 0
A14: ./citybike-max200_user-input-n66 | B14: {=_xlfn.SWITCH($A$2,"average", AVERAGE(Instances!B14:Instances!B14),"median", MEDIAN(Instances!B14:Instances!B14),"min", MIN(Instances!B14:Instances!B14),"max", MAX(Instances!B14:Instances!B14),"diff", MAX(Instances!B14:Instances!B14)-MIN(Instances!B14:Instances!B14))} -> 0 | C14: {=_xlfn.SWITCH($A$2,"average", AVERAGE(Instances!C14:Instances!C14),"median", MEDIAN(Instances!C14:Instances!C14),"min", MIN(Instances!C14:Instances!C14),"max", MAX(Instances!C14:Instances!C14),"diff", MAX(Instances!C14:Instances!C14)-MIN(Instances!C14:Instances!C14))} -> 0 | H14: {=_xlfn.SWITCH($A$2,"average", AVERAGE(Instances!H14:Instances!H14),"median", MEDIAN(Instances!H14:Instances!H14),"min", MIN(Instances!H14:Instances!H14),"max", MAX(Instances!H14:Instances!H14),"diff", MAX(Instances!H14:Instances!H14)-MIN(Instances!H14:Instances!H14))} -> 0 | I14: {=_xlfn.SWITCH($A$2,"average", AVERAGE(Instances!I14:Instances!I14),"median", MEDIAN(Instances!I14:Instances!I14),"min", MIN(Instances!I14:Instances!I14),"max", MAX(Instances!I14:Instances!I14),"diff", MAX(Instances!I14:Instances!I14)-MIN(Instances!I14:Instances!I14))} -> 0 | R14: =MIN($B14,$D14,$F14,$H14,$J14,$L14,$N14,$P14) -> 0 | S14: =MIN($C14,$E14,$G14,$I14,$K14,$M14,$O14,$Q14) -> 0 | T14: =MEDIAN($B14,$D14,$F14,$H14,$J14,$L14,$N14,$P14) -> 0 | U14: =MEDIAN($C14,$E14,$G14,$I14,$K14,$M14,$O14,$Q14) -> 0 | V14: =MAX($B14,$D14,$F14,$H14,$J14,$L14,$N14,$P14) -> 0 | W14: =MAX($C14,$E14,$G14,$I14,$K14,$M14,$O14,$Q14) -> 0
... A73: ./travelbike-max5_user-input-p92-v415 | B73: {=_xlfn.SWITCH($A$2,"average", AVERAGE(Instances!B73:Instances!B73),"median", MEDIAN(Instances!B73:Instances!B73),"min", MIN(Instances!B73:Instances!B73),"max", MAX(Instances!B73:Instances!B73),"diff", MAX(Instances!B73:Instances!B73)-MIN(Instances!B73:Instances!B73))} -> 0 | C73: {=_xlfn.SWITCH($A$2,"average", AVERAGE(Instances!C73:Instances!C73),"median", MEDIAN(Instances!C73:Instances!C73),"min", MIN(Instances!C73:Instances!C73),"max", MAX(Instances!C73:Instances!C73),"diff", MAX(Instances!C73:Instances!C73)-MIN(Instances!C73:Instances!C73))} -> 0 | H73: {=_xlfn.SWITCH($A$2,"average", AVERAGE(Instances!H73:Instances!H73),"median", MEDIAN(Instances!H73:Instances!H73),"min", MIN(Instances!H73:Instances!H73),"max", MAX(Instances!H73:Instances!H73),"diff", MAX(Instances!H73:Instances!H73)-MIN(Instances!H73:Instances!H73))} -> 0 | I73: {=_xlfn.SWITCH($A$2,"average", AVERAGE(Instances!I73:Instances!I73),"median", MEDIAN(Instances!I73:Instances!I73),"min", MIN(Instances!I73:Instances!I73),"max", MAX(Instances!I73:Instances!I73),"diff", MAX(Instances!I73:Instances!I73)-MIN(Instances!I73:Instances!I73))} -> 0 | R73: =MIN($B73,$D73,$F73,$H73,$J73,$L73,$N73,$P73) -> 0 | S73: =MIN($C73,$E73,$G73,$I73,$K73,$M73,$O73,$Q73) -> 0 | T73: =MEDIAN($B73,$D73,$F73,$H73,$J73,$L73,$N73,$P73) -> 0 | U73: =MEDIAN($C73,$E73,$G73,$I73,$K73,$M73,$O73,$Q73) -> 0 | V73: =MAX($B73,$D73,$F73,$H73,$J73,$L73,$N73,$P73) -> 0 | W73: =MAX($C73,$E73,$G73,$I73,$K73,$M73,$O73,$Q73) -> 0
A74: ./cargobike-complex-100_user-input-0 | D74: {=_xlfn.SWITCH($A$2,"average", AVERAGE(Instances!D74:Instances!D74),"median", MEDIAN(Instances!D74:Instances!D74),"min", MIN(Instances!D74:Instances!D74),"max", MAX(Instances!D74:Instances!D74),"diff", MAX(Instances!D74:Instances!D74)-MIN(Instances!D74:Instances!D74))} -> 0 | E74: {=_xlfn.SWITCH($A$2,"average", AVERAGE(Instances!E74:Instances!E74),"median", MEDIAN(Instances!E74:Instances!E74),"min", MIN(Instances!E74:Instances!E74),"max", MAX(Instances!E74:Instances!E74),"diff", MAX(Instances!E74:Instances!E74)-MIN(Instances!E74:Instances!E74))} -> 0 | F74: {=_xlfn.SWITCH($A$2,"average", AVERAGE(Instances!F74:Instances!F74),"median", MEDIAN(Instances!F74:Instances!F74),"min", MIN(Instances!F74:Instances!F74),"max", MAX(Instances!F74:Instances!F74),"diff", MAX(Instances!F74:Instances!F74)-MIN(Instances!F74:Instances!F74))} -> 0 | G74: {=_xlfn.SWITCH($A$2,"average", AVERAGE(Instances!G74:Instances!G74),"median", MEDIAN(Instances!G74:Instances!G74),"min", MIN(Instances!G74:Instances!G74),"max", MAX(Instances!G74:Instances!G74),"diff", MAX(Instances!G74:Instances!G74)-MIN(Instances!G74:Instances!G74))} -> 0 | J74: {=_xlfn.SWITCH($A$2,"average", AVERAGE(Instances!J74:Instances!J74),"median", MEDIAN(Instances!J74:Instances!J74),"min", MIN(Instances!J74:Instances!J74),"max", MAX(Instances!J74:Instances!J74),"diff", MAX(Instances!J74:Instances!J74)-MIN(Instances!J74:Instances!J74))} -> 0 | K74: {=_xlfn.SWITCH($A$2,"average", AVERAGE(Instances!K74:Instances!K74),"median", MEDIAN(Instances!K74:Instances!K74),"min", MIN(Instances!K74:Instances!K74),"max", MAX(Instances!K74:Instances!K74),"diff", MAX(Instances!K74:Instances!K74)-MIN(Instances!K74:Instances!K74))} -> 0 | L74: {=_xlfn.SWITCH($A$2,"average", AVERAGE(Instances!L74:Instances!L74),"median", MEDIAN(Instances!L74:Instances!L74),"min", MIN(Instances!L74:Instances!L74),"max", MAX(Instances!L74:Instances!L74),"diff", MAX(Instances!L74:Instances!L74)-MIN(Instances!L74:Instances!L74))} -> 0 | M74: {=_xlfn.SWITCH($A$2,"average", AVERAGE(Instances!M74:Instances!M74),"median", MEDIAN(Instances!M74:Instances!M74),"min", MIN(Instances!M74:Instances!M74),"max", MAX(Instances!M74:Instances!M74),"diff", MAX(Instances!M74:Instances!M74)-MIN(Instances!M74:Instances!M74))} -> 0 | N74: {=_xlfn.SWITCH($A$2,"average", AVERAGE(Instances!N74:Instances!N74),"median", MEDIAN(Instances!N74:Instances!N74),"min", MIN(Instances!N74:Instances!N74),"max", MAX(Instances!N74:Instances!N74),"diff", MAX(Instances!N74:Instances!N74)-MIN(Instances!N74:Instances!N74))} -> 0 | O74: {=_xlfn.SWITCH($A$2,"average", AVERAGE(Instances!O74:Instances!O74),"median", MEDIAN(Instances!O74:Instances!O74),"min", MIN(Instances!O74:Instances!O74),"max", MAX(Instances!O74:Instances!O74),"diff", MAX(Instances!O74:Instances!O74)-MIN(Instances!O74:Instances!O74))} -> 0 | P74: {=_xlfn.SWITCH($A$2,"average", AVERAGE(Instances!P74:Instances!P74),"median", MEDIAN(Instances!P74:Instances!P74),"min", MIN(Instances!P74:Instances!P74),"max", MAX(Instances!P74:Instances!P74),"diff", MAX(Instances!P74:Instances!P74)-MIN(Instances!P74:Instances!P74))} -> 0 | Q74: {=_xlfn.SWITCH($A$2,"average", AVERAGE(Instances!Q74:Instances!Q74),"median", MEDIAN(Instances!Q74:Instances!Q74),"min", MIN(Instances!Q74:Instances!Q74),"max", MAX(Instances!Q74:Instances!Q74),"diff", MAX(Instances!Q74:Instances!Q74)-MIN(Instances!Q74:Instances!Q74))} -> 0 | R74: =MIN($B74,$D74,$F74,$H74,$J74,$L74,$N74,$P74) -> 0 | S74: =MIN($C74,$E74,$G74,$I74,$K74,$M74,$O74,$Q74) -> 0 | T74: =MEDIAN($B74,$D74,$F74,$H74,$J74,$L74,$N74,$P74) -> 0 | U74: =MEDIAN($C74,$E74,$G74,$I74,$K74,$M74,$O74,$Q74) -> 0 | V74: =MAX($B74,$D74,$F74,$H74,$J74,$L74,$N74,$P74) -> 0 | W74: =MAX($C74,$E74,$G74,$I74,$K74,$M74,$O74,$Q74) -> 0
A75: ./cargobike-complex-100_user-input-1 | D75: {=_xlfn.SWITCH($A$2,"average", AVERAGE(Instances!D75:Instances!D75),"median", MEDIAN(Instances!D75:Instances!D75),"min", MIN(Instances!D75:Instances!D75),"max", MAX(Instances!D75:Instances!D75),"diff", MAX(Instances!D75:Instances!D75)-MIN(Instances!D75:Instances!D75))} -> 0 | E75: {=_xlfn.SWITCH($A$2,"average", AVERAGE(Instances!E75:Instances!E75),"median", MEDIAN(Instances!E75:Instances!E75),"min", MIN(Instances!E75:Instances!E75),"max", MAX(Instances!E75:Instances!E75),"diff", MAX(Instances!E75:Instances!E75)-MIN(Instances!E75:Instances!E75))} -> 0 | F75: {=_xlfn.SWITCH($A$2,"average", AVERAGE(Instances!F75:Instances!F75),"median", MEDIAN(Instances!F75:Instances!F75),"min", MIN(Instances!F75:Instances!F75),"max", MAX(Instances!F75:Instances!F75),"diff", MAX(Instances!F75:Instances!F75)-MIN(Instances!F75:Instances!F75))} -> 0 | G75: {=_xlfn.SWITCH($A$2,"average", AVERAGE(Instances!G75:Instances!G75),"median", MEDIAN(Instances!G75:Instances!G75),"min", MIN(Instances!G75:Instances!G75),"max", MAX(Instances!G75:Instances!G75),"diff", MAX(Instances!G75:Instances!G75)-MIN(Instances!G75:Instances!G75))} -> 0 | J75: {=_xlfn.SWITCH($A$2,"average", AVERAGE(Instances!J75:Instances!J75),"median", MEDIAN(Instances!J75:Instances!J75),"min", MIN(Instances!J75:Instances!J75),"max", MAX(Instances!J75:Instances!J75),"diff", MAX(Instances!J75:Instances!J75)-MIN(Instances!J75:Instances!J75))} -> 0 | K75: {=_xlfn.SWITCH($A$2,"average", AVERAGE(Instances!K75:Instances!K75),"median", MEDIAN(Instances!K75:Instances!K75),"min", MIN(Instances!K75:Instances!K75),"max", MAX(Instances!K75:Instances!K75),"diff", MAX(Instances!K75:Instances!K75)-MIN(Instances!K75:Instances!K75))} -> 0 | L75: {=_xlfn.SWITCH($A$2,"average", AVERAGE(Instances!L75:Instances!L75),"median", MEDIAN(Instances!L75:Instances!L75),"min", MIN(Instances!L75:Instances!L75),"max", MAX(Instances!L75:Instances!L75),"diff", MAX(Instances!L75:Instances!L75)-MIN(Instances!L75:Instances!L75))} -> 0 | M75: {=_xlfn.SWITCH($A$2,"average", AVERAGE(Instances!M75:Instances!M75),"median", MEDIAN(Instances!M75:Instances!M75),"min", MIN(Instances!M75:Instances!M75),"max", MAX(Instances!M75:Instances!M75),"diff", MAX(Instances!M75:Instances!M75)-MIN(Instances!M75:Instances!M75))} -> 0 | N75: {=_xlfn.SWITCH($A$2,"average", AVERAGE(Instances!N75:Instances!N75),"median", MEDIAN(Instances!N75:Instances!N75),"min", MIN(Instances!N75:Instances!N75),"max", MAX(Instances!N75:Instances!N75),"diff", MAX(Instances!N75:Instances!N75)-MIN(Instances!N75:Instances!N75))} -> 0 | O75: {=_xlfn.SWITCH($A$2,"average", AVERAGE(Instances!O75:Instances!O75),"median", MEDIAN(Instances!O75:Instances!O75),"min", MIN(Instances!O75:Instances!O75),"max", MAX(Instances!O75:Instances!O75),"diff", MAX(Instances!O75:Instances!O75)-MIN(Instances!O75:Instances!O75))} -> 0 | P75: {=_xlfn.SWITCH($A$2,"average", AVERAGE(Instances!P75:Instances!P75),"median", MEDIAN(Instances!P75:Instances!P75),"min", MIN(Instances!P75:Instances!P75),"max", MAX(Instances!P75:Instances!P75),"diff", MAX(Instances!P75:Instances!P75)-MIN(Instances!P75:Instances!P75))} -> 0 | Q75: {=_xlfn.SWITCH($A$2,"average", AVERAGE(Instances!Q75:Instances!Q75),"median", MEDIAN(Instances!Q75:Instances!Q75),"min", MIN(Instances!Q75:Instances!Q75),"max", MAX(Instances!Q75:Instances!Q75),"diff", MAX(Instances!Q75:Instances!Q75)-MIN(Instances!Q75:Instances!Q75))} -> 0 | R75: =MIN($B75,$D75,$F75,$H75,$J75,$L75,$N75,$P75) -> 0 | S75: =MIN($C75,$E75,$G75,$I75,$K75,$M75,$O75,$Q75) -> 0 | T75: =MEDIAN($B75,$D75,$F75,$H75,$J75,$L75,$N75,$P75) -> 0 | U75: =MEDIAN($C75,$E75,$G75,$I75,$K75,$M75,$O75,$Q75) -> 0 | V75: =MAX($B75,$D75,$F75,$H75,$J75,$L75,$N75,$P75) -> 0 | W75: =MAX($C75,$E75,$G75,$I75,$K75,$M75,$O75,$Q75) -> 0
A76: ./cargobike-complex-100_user-input-10 | D76: {=_xlfn.SWITCH($A$2,"average", AVERAGE(Instances!D76:Instances!D76),"median", MEDIAN(Instances!D76:Instances!D76),"min", MIN(Instances!D76:Instances!D76),"max", MAX(Instances!D76:Instances!D76),"diff", MAX(Instances!D76:Instances!D76)-MIN(Instances!D76:Instances!D76))} -> 0 | E76: {=_xlfn.SWITCH($A$2,"average", AVERAGE(Instances!E76:Instances!E76),"median", MEDIAN(Instances!E76:Instances!E76),"min", MIN(Instances!E76:Instances!E76),"max", MAX(Instances!E76:Instances!E76),"diff", MAX(Instances!E76:Instances!E76)-MIN(Instances!E76:Instances!E76))} -> 0 | F76: {=_xlfn.SWITCH($A$2,"average", AVERAGE(Instances!F76:Instances!F76),"median", MEDIAN(Instances!F76:Instances!F76),"min", MIN(Instances!F76:Instances!F76),"max", MAX(Instances!F76:Instances!F76),"diff", MAX(Instances!F76:Instances!F76)-MIN(Instances!F76:Instances!F76))} -> 0 | G76: {=_xlfn.SWITCH($A$2,"average", AVERAGE(Instances!G76:Instances!G76),"median", MEDIAN(Instances!G76:Instances!G76),"min", MIN(Instances!G76:Instances!G76),"max", MAX(Instances!G76:Instances!G76),"diff", MAX(Instances!G76:Instances!G76)-MIN(Instances!G76:Instances!G76))} -> 0 | J76: {=_xlfn.SWITCH($A$2,"average", AVERAGE(Instances!J76:Instances!J76),"median", MEDIAN(Instances!J76:Instances!J76),"min", MIN(Instances!J76:Instances!J76),"max", MAX(Instances!J76:Instances!J76),"diff", MAX(Instances!J76:Instances!J76)-MIN(Instances!J76:Instances!J76))} -> 0 | K76: {=_xlfn.SWITCH($A$2,"average", AVERAGE(Instances!K76:Instances!K76),"median", MEDIAN(Instances!K76:Instances!K76),"min", MIN(Instances!K76:Instances!K76),"max", MAX(Instances!K76:Instances!K76),"diff", MAX(Instances!K76:Instances!K76)-MIN(Instances!K76:Instances!K76))} -> 0 | L76: {=_xlfn.SWITCH($A$2,"average", AVERAGE(Instances!L76:Instances!L76),"median", MEDIAN(Instances!L76:Instances!L76),"min", MIN(Instances!L76:Instances!L76),"max", MAX(Instances!L76:Instances!L76),"diff", MAX(Instances!L76:Instances!L76)-MIN(Instances!L76:Instances!L76))} -> 0 | M76: {=_xlfn.SWITCH($A$2,"average", AVERAGE(Instances!M76:Instances!M76),"median", MEDIAN(Instances!M76:Instances!M76),"min", MIN(Instances!M76:Instances!M76),"max", MAX(Instances!M76:Instances!M76),"diff", MAX(Instances!M76:Instances!M76)-MIN(Instances!M76:Instances!M76))} -> 0 | N76: {=_xlfn.SWITCH($A$2,"average", AVERAGE(Instances!N76:Instances!N76),"median", MEDIAN(Instances!N76:Instances!N76),"min", MIN(Instances!N76:Instances!N76),"max", MAX(Instances!N76:Instances!N76),"diff", MAX(Instances!N76:Instances!N76)-MIN(Instances!N76:Instances!N76))} -> 0 | O76: {=_xlfn.SWITCH($A$2,"average", AVERAGE(Instances!O76:Instances!O76),"median", MEDIAN(Instances!O76:Instances!O76),"min", MIN(Instances!O76:Instances!O76),"max", MAX(Instances!O76:Instances!O76),"diff", MAX(Instances!O76:Instances!O76)-MIN(Instances!O76:Instances!O76))} -> 0 | P76: {=_xlfn.SWITCH($A$2,"average", AVERAGE(Instances!P76:Instances!P76),"median", MEDIAN(Instances!P76:Instances!P76),"min", MIN(Instances!P76:Instances!P76),"max", MAX(Instances!P76:Instances!P76),"diff", MAX(Instances!P76:Instances!P76)-MIN(Instances!P76:Instances!P76))} -> 0 | Q76: {=_xlfn.SWITCH($A$2,"average", AVERAGE(Instances!Q76:Instances!Q76),"median", MEDIAN(Instances!Q76:Instances!Q76),"min", MIN(Instances!Q76:Instances!Q76),"max", MAX(Instances!Q76:Instances!Q76),"diff", MAX(Instances!Q76:Instances!Q76)-MIN(Instances!Q76:Instances!Q76))} -> 0 | R76: =MIN($B76,$D76,$F76,$H76,$J76,$L76,$N76,$P76) -> 0 | S76: =MIN($C76,$E76,$G76,$I76,$K76,$M76,$O76,$Q76) -> 0 | T76: =MEDIAN($B76,$D76,$F76,$H76,$J76,$L76,$N76,$P76) -> 0 | U76: =MEDIAN($C76,$E76,$G76,$I76,$K76,$M76,$O76,$Q76) -> 0 | V76: =MAX($B76,$D76,$F76,$H76,$J76,$L76,$N76,$P76) -> 0 | W76: =MAX($C76,$E76,$G76,$I76,$K76,$M76,$O76,$Q76) -> 0
A77: ./cargobike-complex-100_user-input-11 | D77: {=_xlfn.SWITCH($A$2,"average", AVERAGE(Instances!D77:Instances!D77),"median", MEDIAN(Instances!D77:Instances!D77),"min", MIN(Instances!D77:Instances!D77),"max", MAX(Instances!D77:Instances!D77),"diff", MAX(Instances!D77:Instances!D77)-MIN(Instances!D77:Instances!D77))} -> 0 | E77: {=_xlfn.SWITCH($A$2,"average", AVERAGE(Instances!E77:Instances!E77),"median", MEDIAN(Instances!E77:Instances!E77),"min", MIN(Instances!E77:Instances!E77),"max", MAX(Instances!E77:Instances!E77),"diff", MAX(Instances!E77:Instances!E77)-MIN(Instances!E77:Instances!E77))} -> 0 | F77: {=_xlfn.SWITCH($A$2,"average", AVERAGE(Instances!F77:Instances!F77),"median", MEDIAN(Instances!F77:Instances!F77),"min", MIN(Instances!F77:Instances!F77),"max", MAX(Instances!F77:Instances!F77),"diff", MAX(Instances!F77:Instances!F77)-MIN(Instances!F77:Instances!F77))} -> 0 | G77: {=_xlfn.SWITCH($A$2,"average", AVERAGE(Instances!G77:Instances!G77),"median", MEDIAN(Instances!G77:Instances!G77),"min", MIN(Instances!G77:Instances!G77),"max", MAX(Instances!G77:Instances!G77),"diff", MAX(Instances!G77:Instances!G77)-MIN(Instances!G77:Instances!G77))} -> 0 | J77: {=_xlfn.SWITCH($A$2,"average", AVERAGE(Instances!J77:Instances!J77),"median", MEDIAN(Instances!J77:Instances!J77),"min", MIN(Instances!J77:Instances!J77),"max", MAX(Instances!J77:Instances!J77),"diff", MAX(Instances!J77:Instances!J77)-MIN(Instances!J77:Instances!J77))} -> 0 | K77: {=_xlfn.SWITCH($A$2,"average", AVERAGE(Instances!K77:Instances!K77),"median", MEDIAN(Instances!K77:Instances!K77),"min", MIN(Instances!K77:Instances!K77),"max", MAX(Instances!K77:Instances!K77),"diff", MAX(Instances!K77:Instances!K77)-MIN(Instances!K77:Instances!K77))} -> 0 | L77: {=_xlfn.SWITCH($A$2,"average", AVERAGE(Instances!L77:Instances!L77),"median", MEDIAN(Instances!L77:Instances!L77),"min", MIN(Instances!L77:Instances!L77),"max", MAX(Instances!L77:Instances!L77),"diff", MAX(Instances!L77:Instances!L77)-MIN(Instances!L77:Instances!L77))} -> 0 | M77: {=_xlfn.SWITCH($A$2,"average", AVERAGE(Instances!M77:Instances!M77),"median", MEDIAN(Instances!M77:Instances!M77),"min", MIN(Instances!M77:Instances!M77),"max", MAX(Instances!M77:Instances!M77),"diff", MAX(Instances!M77:Instances!M77)-MIN(Instances!M77:Instances!M77))} -> 0 | N77: {=_xlfn.SWITCH($A$2,"average", AVERAGE(Instances!N77:Instances!N77),"median", MEDIAN(Instances!N77:Instances!N77),"min", MIN(Instances!N77:Instances!N77),"max", MAX(Instances!N77:Instances!N77),"diff", MAX(Instances!N77:Instances!N77)-MIN(Instances!N77:Instances!N77))} -> 0 | O77: {=_xlfn.SWITCH($A$2,"average", AVERAGE(Instances!O77:Instances!O77),"median", MEDIAN(Instances!O77:Instances!O77),"min", MIN(Instances!O77:Instances!O77),"max", MAX(Instances!O77:Instances!O77),"diff", MAX(Instances!O77:Instances!O77)-MIN(Instances!O77:Instances!O77))} -> 0 | P77: {=_xlfn.SWITCH($A$2,"average", AVERAGE(Instances!P77:Instances!P77),"median", MEDIAN(Instances!P77:Instances!P77),"min", MIN(Instances!P77:Instances!P77),"max", MAX(Instances!P77:Instances!P77),"diff", MAX(Instances!P77:Instances!P77)-MIN(Instances!P77:Instances!P77))} -> 0 | Q77: {=_xlfn.SWITCH($A$2,"average", AVERAGE(Instances!Q77:Instances!Q77),"median", MEDIAN(Instances!Q77:Instances!Q77),"min", MIN(Instances!Q77:Instances!Q77),"max", MAX(Instances!Q77:Instances!Q77),"diff", MAX(Instances!Q77:Instances!Q77)-MIN(Instances!Q77:Instances!Q77))} -> 0 | R77: =MIN($B77,$D77,$F77,$H77,$J77,$L77,$N77,$P77) -> 0 | S77: =MIN($C77,$E77,$G77,$I77,$K77,$M77,$O77,$Q77) -> 0 | T77: =MEDIAN($B77,$D77,$F77,$H77,$J77,$L77,$N77,$P77) -> 0 | U77: =MEDIAN($C77,$E77,$G77,$I77,$K77,$M77,$O77,$Q77) -> 0 | V77: =MAX($B77,$D77,$F77,$H77,$J77,$L77,$N77,$P77) -> 0 | W77: =MAX($C77,$E77,$G77,$I77,$K77,$M77,$O77,$Q77) -> 0
A78: ./cargobike-complex-100_user-input-12 | D78: {=_xlfn.SWITCH($A$2,"average", AVERAGE(Instances!D78:Instances!D78),"median", MEDIAN(Instances!D78:Instances!D78),"min", MIN(Instances!D78:Instances!D78),"max", MAX(Instances!D78:Instances!D78),"diff", MAX(Instances!D78:Instances!D78)-MIN(Instances!D78:Instances!D78))} -> 0 | E78: {=_xlfn.SWITCH($A$2,"average", AVERAGE(Instances!E78:Instances!E78),"median", MEDIAN(Instances!E78:Instances!E78),"min", MIN(Instances!E78:Instances!E78),"max", MAX(Instances!E78:Instances!E78),"diff", MAX(Instances!E78:Instances!E78)-MIN(Instances!E78:Instances!E78))} -> 0 | F78: {=_xlfn.SWITCH($A$2,"average", AVERAGE(Instances!F78:Instances!F78),"median", MEDIAN(Instances!F78:Instances!F78),"min", MIN(Instances!F78:Instances!F78),"max", MAX(Instances!F78:Instances!F78),"diff", MAX(Instances!F78:Instances!F78)-MIN(Instances!F78:Instances!F78))} -> 0 | G78: {=_xlfn.SWITCH($A$2,"average", AVERAGE(Instances!G78:Instances!G78),"median", MEDIAN(Instances!G78:Instances!G78),"min", MIN(Instances!G78:Instances!G78),"max", MAX(Instances!G78:Instances!G78),"diff", MAX(Instances!G78:Instances!G78)-MIN(Instances!G78:Instances!G78))} -> 0 | J78: {=_xlfn.SWITCH($A$2,"average", AVERAGE(Instances!J78:Instances!J78),"median", MEDIAN(Instances!J78:Instances!J78),"min", MIN(Instances!J78:Instances!J78),"max", MAX(Instances!J78:Instances!J78),"diff", MAX(Instances!J78:Instances!J78)-MIN(Instances!J78:Instances!J78))} -> 0 | K78: {=_xlfn.SWITCH($A$2,"average", AVERAGE(Instances!K78:Instances!K78),"median", MEDIAN(Instances!K78:Instances!K78),"min", MIN(Instances!K78:Instances!K78),"max", MAX(Instances!K78:Instances!K78),"diff", MAX(Instances!K78:Instances!K78)-MIN(Instances!K78:Instances!K78))} -> 0 | L78: {=_xlfn.SWITCH($A$2,"average", AVERAGE(Instances!L78:Instances!L78),"median", MEDIAN(Instances!L78:Instances!L78),"min", MIN(Instances!L78:Instances!L78),"max", MAX(Instances!L78:Instances!L78),"diff", MAX(Instances!L78:Instances!L78)-MIN(Instances!L78:Instances!L78))} -> 0 | M78: {=_xlfn.SWITCH($A$2,"average", AVERAGE(Instances!M78:Instances!M78),"median", MEDIAN(Instances!M78:Instances!M78),"min", MIN(Instances!M78:Instances!M78),"max", MAX(Instances!M78:Instances!M78),"diff", MAX(Instances!M78:Instances!M78)-MIN(Instances!M78:Instances!M78))} -> 0 | N78: {=_xlfn.SWITCH($A$2,"average", AVERAGE(Instances!N78:Instances!N78),"median", MEDIAN(Instances!N78:Instances!N78),"min", MIN(Instances!N78:Instances!N78),"max", MAX(Instances!N78:Instances!N78),"diff", MAX(Instances!N78:Instances!N78)-MIN(Instances!N78:Instances!N78))} -> 0 | O78: {=_xlfn.SWITCH($A$2,"average", AVERAGE(Instances!O78:Instances!O78),"median", MEDIAN(Instances!O78:Instances!O78),"min", MIN(Instances!O78:Instances!O78),"max", MAX(Instances!O78:Instances!O78),"diff", MAX(Instances!O78:Instances!O78)-MIN(Instances!O78:Instances!O78))} -> 0 | P78: {=_xlfn.SWITCH($A$2,"average", AVERAGE(Instances!P78:Instances!P78),"median", MEDIAN(Instances!P78:Instances!P78),"min", MIN(Instances!P78:Instances!P78),"max", MAX(Instances!P78:Instances!P78),"diff", MAX(Instances!P78:Instances!P78)-MIN(Instances!P78:Instances!P78))} -> 0 | Q78: {=_xlfn.SWITCH($A$2,"average", AVERAGE(Instances!Q78:Instances!Q78),"median", MEDIAN(Instances!Q78:Instances!Q78),"min", MIN(Instances!Q78:Instances!Q78),"max", MAX(Instances!Q78:Instances!Q78),"diff", MAX(Instances!Q78:Instances!Q78)-MIN(Instances!Q78:Instances!Q78))} -> 0 | R78: =MIN($B78,$D78,$F78,$H78,$J78,$L78,$N78,$P78) -> 0 | S78: =MIN($C78,$E78,$G78,$I78,$K78,$M78,$O78,$Q78) -> 0 | T78: =MEDIAN($B78,$D78,$F78,$H78,$J78,$L78,$N78,$P78) -> 0 | U78: =MEDIAN($C78,$E78,$G78,$I78,$K78,$M78,$O78,$Q78) -> 0 | V78: =MAX($B78,$D78,$F78,$H78,$J78,$L78,$N78,$P78) -> 0 | W78: =MAX($C78,$E78,$G78,$I78,$K78,$M78,$O78,$Q78) -> 0
A79: ./cargobike-complex-100_user-input-13 | D79: {=_xlfn.SWITCH($A$2,"average", AVERAGE(Instances!D79:Instances!D79),"median", MEDIAN(Instances!D79:Instances!D79),"min", MIN(Instances!D79:Instances!D79),"max", MAX(Instances!D79:Instances!D79),"diff", MAX(Instances!D79:Instances!D79)-MIN(Instances!D79:Instances!D79))} -> 0 | E79: {=_xlfn.SWITCH($A$2,"average", AVERAGE(Instances!E79:Instances!E79),"median", MEDIAN(Instances!E79:Instances!E79),"min", MIN(Instances!E79:Instances!E79),"max", MAX(Instances!E79:Instances!E79),"diff", MAX(Instances!E79:Instances!E79)-MIN(Instances!E79:Instances!E79))} -> 0 | F79: {=_xlfn.SWITCH($A$2,"average", AVERAGE(Instances!F79:Instances!F79),"median", MEDIAN(Instances!F79:Instances!F79),"min", MIN(Instances!F79:Instances!F79),"max", MAX(Instances!F79:Instances!F79),"diff", MAX(Instances!F79:Instances!F79)-MIN(Instances!F79:Instances!F79))} -> 0 | G79: {=_xlfn.SWITCH($A$2,"average", AVERAGE(Instances!G79:Instances!G79),"median", MEDIAN(Instances!G79:Instances!G79),"min", MIN(Instances!G79:Instances!G79),"max", MAX(Instances!G79:Instances!G79),"diff", MAX(Instances!G79:Instances!G79)-MIN(Instances!G79:Instances!G79))} -> 0 | J79: {=_xlfn.SWITCH($A$2,"average", AVERAGE(Instances!J79:Instances!J79),"median", MEDIAN(Instances!J79:Instances!J79),"min", MIN(Instances!J79:Instances!J79),"max", MAX(Instances!J79:Instances!J79),"diff", MAX(Instances!J79:Instances!J79)-MIN(Instances!J79:Instances!J79))} -> 0 | K79: {=_xlfn.SWITCH($A$2,"average", AVERAGE(Instances!K79:Instances!K79),"median", MEDIAN(Instances!K79:Instances!K79),"min", MIN(Instances!K79:Instances!K79),"max", MAX(Instances!K79:Instances!K79),"diff", MAX(Instances!K79:Instances!K79)-MIN(Instances!K79:Instances!K79))} -> 0 | L79: {=_xlfn.SWITCH($A$2,"average", AVERAGE(Instances!L79:Instances!L79),"median", MEDIAN(Instances!L79:Instances!L79),"min", MIN(Instances!L79:Instances!L79),"max", MAX(Instances!L79:Instances!L79),"diff", MAX(Instances!L79:Instances!L79)-MIN(Instances!L79:Instances!L79))} -> 0 | M79: {=_xlfn.SWITCH($A$2,"average", AVERAGE(Instances!M79:Instances!M79),"median", MEDIAN(Instances!M79:Instances!M79),"min", MIN(Instances!M79:Instances!M79),"max", MAX(Instances!M79:Instances!M79),"diff", MAX(Instances!M79:Instances!M79)-MIN(Instances!M79:Instances!M79))} -> 0 | N79: {=_xlfn.SWITCH($A$2,"average", AVERAGE(Instances!N79:Instances!N79),"median", MEDIAN(Instances!N79:Instances!N79),"min", MIN(Instances!N79:Instances!N79),"max", MAX(Instances!N79:Instances!N79),"diff", MAX(Instances!N79:Instances!N79)-MIN(Instances!N79:Instances!N79))} -> 0 | O79: {=_xlfn.SWITCH($A$2,"average", AVERAGE(Instances!O79:Instances!O79),"median", MEDIAN(Instances!O79:Instances!O79),"min", MIN(Instances!O79:Instances!O79),"max", MAX(Instances!O79:Instances!O79),"diff", MAX(Instances!O79:Instances!O79)-MIN(Instances!O79:Instances!O79))} -> 0 | P79: {=_xlfn.SWITCH($A$2,"average", AVERAGE(Instances!P79:Instances!P79),"median", MEDIAN(Instances!P79:Instances!P79),"min", MIN(Instances!P79:Instances!P79),"max", MAX(Instances!P79:Instances!P79),"diff", MAX(Instances!P79:Instances!P79)-MIN(Instances!P79:Instances!P79))} -> 0 | Q79: {=_xlfn.SWITCH($A$2,"average", AVERAGE(Instances!Q79:Instances!Q79),"median", MEDIAN(Instances!Q79:Instances!Q79),"min", MIN(Instances!Q79:Instances!Q79),"max", MAX(Instances!Q79:Instances!Q79),"diff", MAX(Instances!Q79:Instances!Q79)-MIN(Instances!Q79:Instances!Q79))} -> 0 | R79: =MIN($B79,$D79,$F79,$H79,$J79,$L79,$N79,$P79) -> 0 | S79: =MIN($C79,$E79,$G79,$I79,$K79,$M79,$O79,$Q79) -> 0 | T79: =MEDIAN($B79,$D79,$F79,$H79,$J79,$L79,$N79,$P79) -> 0 | U79: =MEDIAN($C79,$E79,$G79,$I79,$K79,$M79,$O79,$Q79) -> 0 | V79: =MAX($B79,$D79,$F79,$H79,$J79,$L79,$N79,$P79) -> 0 | W79: =MAX($C79,$E79,$G79,$I79,$K79,$M79,$O79,$Q79) -> 0
A80: ./cargobike-complex-100_user-input-14 | D80: {=_xlfn.SWITCH($A$2,"average", AVERAGE(Instances!D80:Instances!D80),"median", MEDIAN(Instances!D80:Instances!D80),"min", MIN(Instances!D80:Instances!D80),"max", MAX(Instances!D80:Instances!D80),"diff", MAX(Instances!D80:Instances!D80)-MIN(Instances!D80:Instances!D80))} -> 0 | E80: {=_xlfn.SWITCH($A$2,"average", AVERAGE(Instances!E80:Instances!E80),"median", MEDIAN(Instances!E80:Instances!E80),"min", MIN(Instances!E80:Instances!E80),"max", MAX(Instances!E80:Instances!E80),"diff", MAX(Instances!E80:Instances!E80)-MIN(Instances!E80:Instances!E80))} -> 0 | F80: {=_xlfn.SWITCH($A$2,"average", AVERAGE(Instances!F80:Instances!F80),"median", MEDIAN(Instances!F80:Instances!F80),"min", MIN(Instances!F80:Instances!F80),"max", MAX(Instances!F80:Instances!F80),"diff", MAX(Instances!F80:Instances!F80)-MIN(Instances!F80:Instances!F80))} -> 0 | G80: {=_xlfn.SWITCH($A$2,"average", AVERAGE(Instances!G80:Instances!G80),"median", MEDIAN(Instances!G80:Instances!G80),"min", MIN(Instances!G80:Instances!G80),"max", MAX(Instances!G80:Instances!G80),"diff", MAX(Instances!G80:Instances!G80)-MIN(Instances!G80:Instances!G80))} -> 0 | J80: {=_xlfn.SWITCH($A$2,"average", AVERAGE(Instances!J80:Instances!J80),"median", MEDIAN(Instances!J80:Instances!J80),"min", MIN(Instances!J80:Instances!J80),"max", MAX(Instances!J80:Instances!J80),"diff", MAX(Instances!J80:Instances!J80)-MIN(Instances!J80:Instances!J80))} -> 0 | K80: {=_xlfn.SWITCH($A$2,"average", AVERAGE(Instances!K80:Instances!K80),"median", MEDIAN(Instances!K80:Instances!K80),"min", MIN(Instances!K80:Instances!K80),"max", MAX(Instances!K80:Instances!K80),"diff", MAX(Instances!K80:Instances!K80)-MIN(Instances!K80:Instances!K80))} -> 0 | L80: {=_xlfn.SWITCH($A$2,"average", AVERAGE(Instances!L80:Instances!L80),"median", MEDIAN(Instances!L80:Instances!L80),"min", MIN(Instances!L80:Instances!L80),"max", MAX(Instances!L80:Instances!L80),"diff", MAX(Instances!L80:Instances!L80)-MIN(Instances!L80:Instances!L80))} -> 0 | M80: {=_xlfn.SWITCH($A$2,"average", AVERAGE(Instances!M80:Instances!M80),"median", MEDIAN(Instances!M80:Instances!M80),"min", MIN(Instances!M80:Instances!M80),"max", MAX(Instances!M80:Instances!M80),"diff", MAX(Instances!M80:Instances!M80)-MIN(Instances!M80:Instances!M80))} -> 0 | N80: {=_xlfn.SWITCH($A$2,"average", AVERAGE(Instances!N80:Instances!N80),"median", MEDIAN(Instances!N80:Instances!N80),"min", MIN(Instances!N80:Instances!N80),"max", MAX(Instances!N80:Instances!N80),"diff", MAX(Instances!N80:Instances!N80)-MIN(Instances!N80:Instances!N80))} -> 0 | O80: {=_xlfn.SWITCH($A$2,"average", AVERAGE(Instances!O80:Instances!O80),"median", MEDIAN(Instances!O80:Instances!O80),"min", MIN(Instances!O80:Instances!O80),"max", MAX(Instances!O80:Instances!O80),"diff", MAX(Instances!O80:Instances!O80)-MIN(Instances!O80:Instances!O80))} -> 0 | P80: {=_xlfn.SWITCH($A$2,"average", AVERAGE(Instances!P80:Instances!P80),"median", MEDIAN(Instances!P80:Instances!P80),"min", MIN(Instances!P80:Instances!P80),"max", MAX(Instances!P80:Instances!P80),"diff", MAX(Instances!P80:Instances!P80)-MIN(Instances!P80:Instances!P80))} -> 0 | Q80: {=_xlfn.SWITCH($A$2,"average", AVERAGE(Instances!Q80:Instances!Q80),"median", MEDIAN(Instances!Q80:Instances!Q80),"min", MIN(Instances!Q80:Instances!Q80),"max", MAX(Instances!Q80:Instances!Q80),"diff", MAX(Instances!Q80:Instances!Q80)-MIN(Instances!Q80:Instances!Q80))} -> 0 | R80: =MIN($B80,$D80,$F80,$H80,$J80,$L80,$N80,$P80) -> 0 | S80: =MIN($C80,$E80,$G80,$I80,$K80,$M80,$O80,$Q80) -> 0 | T80: =MEDIAN($B80,$D80,$F80,$H80,$J80,$L80,$N80,$P80) -> 0 | U80: =MEDIAN($C80,$E80,$G80,$I80,$K80,$M80,$O80,$Q80) -> 0 | V80: =MAX($B80,$D80,$F80,$H80,$J80,$L80,$N80,$P80) -> 0 | W80: =MAX($C80,$E80,$G80,$I80,$K80,$M80,$O80,$Q80) -> 0
A81: ./cargobike-complex-100_user-input-15 | D81: {=_xlfn.SWITCH($A$2,"average", AVERAGE(Instances!D81:Instances!D81),"median", MEDIAN(Instances!D81:Instances!D81),"min", MIN(Instances!D81:Instances!D81),"max", MAX(Instances!D81:Instances!D81),"diff", MAX(Instances!D81:Instances!D81)-MIN(Instances!D81:Instances!D81))} -> 0 | E81: {=_xlfn.SWITCH($A$2,"average", AVERAGE(Instances!E81:Instances!E81),"median", MEDIAN(Instances!E81:Instances!E81),"min", MIN(Instances!E81:Instances!E81),"max", MAX(Instances!E81:Instances!E81),"diff", MAX(Instances!E81:Instances!E81)-MIN(Instances!E81:Instances!E81))} -> 0 | F81: {=_xlfn.SWITCH($A$2,"average", AVERAGE(Instances!F81:Instances!F81),"median", MEDIAN(Instances!F81:Instances!F81),"min", MIN(Instances!F81:Instances!F81),"max", MAX(Instances!F81:Instances!F81),"diff", MAX(Instances!F81:Instances!F81)-MIN(Instances!F81:Instances!F81))} -> 0 | G81: {=_xlfn.SWITCH($A$2,"average", AVERAGE(Instances!G81:Instances!G81),"median", MEDIAN(Instances!G81:Instances!G81),"min", MIN(Instances!G81:Instances!G81),"max", MAX(Instances!G81:Instances!G81),"diff", MAX(Instances!G81:Instances!G81)-MIN(Instances!G81:Instances!G81))} -> 0 | J81: {=_xlfn.SWITCH($A$2,"average", AVERAGE(Instances!J81:Instances!J81),"median", MEDIAN(Instances!J81:Instances!J81),"min", MIN(Instances!J81:Instances!J81),"max", MAX(Instances!J81:Instances!J81),"diff", MAX(Instances!J81:Instances!J81)-MIN(Instances!J81:Instances!J81))} -> 0 | K81: {=_xlfn.SWITCH($A$2,"average", AVERAGE(Instances!K81:Instances!K81),"median", MEDIAN(Instances!K81:Instances!K81),"min", MIN(Instances!K81:Instances!K81),"max", MAX(Instances!K81:Instances!K81),"diff", MAX(Instances!K81:Instances!K81)-MIN(Instances!K81:Instances!K81))} -> 0 | L81: {=_xlfn.SWITCH($A$2,"average", AVERAGE(Instances!L81:Instances!L81),"median", MEDIAN(Instances!L81:Instances!L81),"min", MIN(Instances!L81:Instances!L81),"max", MAX(Instances!L81:Instances!L81),"diff", MAX(Instances!L81:Instances!L81)-MIN(Instances!L81:Instances!L81))} -> 0 | M81: {=_xlfn.SWITCH($A$2,"average", AVERAGE(Instances!M81:Instances!M81),"median", MEDIAN(Instances!M81:Instances!M81),"min", MIN(Instances!M81:Instances!M81),"max", MAX(Instances!M81:Instances!M81),"diff", MAX(Instances!M81:Instances!M81)-MIN(Instances!M81:Instances!M81))} -> 0 | N81: {=_xlfn.SWITCH($A$2,"average", AVERAGE(Instances!N81:Instances!N81),"median", MEDIAN(Instances!N81:Instances!N81),"min", MIN(Instances!N81:Instances!N81),"max", MAX(Instances!N81:Instances!N81),"diff", MAX(Instances!N81:Instances!N81)-MIN(Instances!N81:Instances!N81))} -> 0 | O81: {=_xlfn.SWITCH($A$2,"average", AVERAGE(Instances!O81:Instances!O81),"median", MEDIAN(Instances!O81:Instances!O81),"min", MIN(Instances!O81:Instances!O81),"max", MAX(Instances!O81:Instances!O81),"diff", MAX(Instances!O81:Instances!O81)-MIN(Instances!O81:Instances!O81))} -> 0 | P81: {=_xlfn.SWITCH($A$2,"average", AVERAGE(Instances!P81:Instances!P81),"median", MEDIAN(Instances!P81:Instances!P81),"min", MIN(Instances!P81:Instances!P81),"max", MAX(Instances!P81:Instances!P81),"diff", MAX(Instances!P81:Instances!P81)-MIN(Instances!P81:Instances!P81))} -> 0 | Q81: {=_xlfn.SWITCH($A$2,"average", AVERAGE(Instances!Q81:Instances!Q81),"median", MEDIAN(Instances!Q81:Instances!Q81),"min", MIN(Instances!Q81:Instances!Q81),"max", MAX(Instances!Q81:Instances!Q81),"diff", MAX(Instances!Q81:Instances!Q81)-MIN(Instances!Q81:Instances!Q81))} -> 0 | R81: =MIN($B81,$D81,$F81,$H81,$J81,$L81,$N81,$P81) -> 0 | S81: =MIN($C81,$E81,$G81,$I81,$K81,$M81,$O81,$Q81) -> 0 | T81: =MEDIAN($B81,$D81,$F81,$H81,$J81,$L81,$N81,$P81) -> 0 | U81: =MEDIAN($C81,$E81,$G81,$I81,$K81,$M81,$O81,$Q81) -> 0 | V81: =MAX($B81,$D81,$F81,$H81,$J81,$L81,$N81,$P81) -> 0 | W81: =MAX($C81,$E81,$G81,$I81,$K81,$M81,$O81,$Q81) -> 0
A82: ./cargobike-complex-100_user-input-16 | D82: {=_xlfn.SWITCH($A$2,"average", AVERAGE(Instances!D82:Instances!D82),"median", MEDIAN(Instances!D82:Instances!D82),"min", MIN(Instances!D82:Instances!D82),"max", MAX(Instances!D82:Instances!D82),"diff", MAX(Instances!D82:Instances!D82)-MIN(Instances!D82:Instances!D82))} -> 0 | E82: {=_xlfn.SWITCH($A$2,"average", AVERAGE(Instances!E82:Instances!E82),"median", MEDIAN(Instances!E82:Instances!E82),"min", MIN(Instances!E82:Instances!E82),"max", MAX(Instances!E82:Instances!E82),"diff", MAX(Instances!E82:Instances!E82)-MIN(Instances!E82:Instances!E82))} -> 0 | F82: {=_xlfn.SWITCH($A$2,"average", AVERAGE(Instances!F82:Instances!F82),"median", MEDIAN(Instances!F82:Instances!F82),"min", MIN(Instances!F82:Instances!F82),"max", MAX(Instances!F82:Instances!F82),"diff", MAX(Instances!F82:Instances!F82)-MIN(Instances!F82:Instances!F82))} -> 0 | G82: {=_xlfn.SWITCH($A$2,"average", AVERAGE(Instances!G82:Instances!G82),"median", MEDIAN(Instances!G82:Instances!G82),"min", MIN(Instances!G82:Instances!G82),"max", MAX(Instances!G82:Instances!G82),"diff", MAX(Instances!G82:Instances!G82)-MIN(Instances!G82:Instances!G82))} -> 0 | J82: {=_xlfn.SWITCH($A$2,"average", AVERAGE(Instances!J82:Instances!J82),"median", MEDIAN(Instances!J82:Instances!J82),"min", MIN(Instances!J82:Instances!J82),"max", MAX(Instances!J82:Instances!J82),"diff", MAX(Instances!J82:Instances!J82)-MIN(Instances!J82:Instances!J82))} -> 0 | K82: {=_xlfn.SWITCH($A$2,"average", AVERAGE(Instances!K82:Instances!K82),"median", MEDIAN(Instances!K82:Instances!K82),"min", MIN(Instances!K82:Instances!K82),"max", MAX(Instances!K82:Instances!K82),"diff", MAX(Instances!K82:Instances!K82)-MIN(Instances!K82:Instances!K82))} -> 0 | L82: {=_xlfn.SWITCH($A$2,"average", AVERAGE(Instances!L82:Instances!L82),"median", MEDIAN(Instances!L82:Instances!L82),"min", MIN(Instances!L82:Instances!L82),"max", MAX(Instances!L82:Instances!L82),"diff", MAX(Instances!L82:Instances!L82)-MIN(Instances!L82:Instances!L82))} -> 0 | M82: {=_xlfn.SWITCH($A$2,"average", AVERAGE(Instances!M82:Instances!M82),"median", MEDIAN(Instances!M82:Instances!M82),"min", MIN(Instances!M82:Instances!M82),"max", MAX(Instances!M82:Instances!M82),"diff", MAX(Instances!M82:Instances!M82)-MIN(Instances!M82:Instances!M82))} -> 0 | N82: {=_xlfn.SWITCH($A$2,"average", AVERAGE(Instances!N82:Instances!N82),"median", MEDIAN(Instances!N82:Instances!N82),"min", MIN(Instances!N82:Instances!N82),"max", MAX(Instances!N82:Instances!N82),"diff", MAX(Instances!N82:Instances!N82)-MIN(Instances!N82:Instances!N82))} -> 0 | O82: {=_xlfn.SWITCH($A$2,"average", AVERAGE(Instances!O82:Instances!O82),"median", MEDIAN(Instances!O82:Instances!O82),"min", MIN(Instances!O82:Instances!O82),"max", MAX(Instances!O82:Instances!O82),"diff", MAX(Instances!O82:Instances!O82)-MIN(Instances!O82:Instances!O82))} -> 0 | P82: {=_xlfn.SWITCH($A$2,"average", AVERAGE(Instances!P82:Instances!P82),"median", MEDIAN(Instances!P82:Instances!P82),"min", MIN(Instances!P82:Instances!P82),"max", MAX(Instances!P82:Instances!P82),"diff", MAX(Instances!P82:Instances!P82)-MIN(Instances!P82:Instances!P82))} -> 0 | Q82: {=_xlfn.SWITCH($A$2,"average", AVERAGE(Instances!Q82:Instances!Q82),"median", MEDIAN(Instances!Q82:Instances!Q82),"min", MIN(Instances!Q82:Instances!Q82),"max", MAX(Instances!Q82:Instances!Q82),"diff", MAX(Instances!Q82:Instances!Q82)-MIN(Instances!Q82:Instances!Q82))} -> 0 | R82: =MIN($B82,$D82,$F82,$H82,$J82,$L82,$N82,$P82) -> 0 | S82: =MIN($C82,$E82,$G82,$I82,$K82,$M82,$O82,$Q82) -> 0 | T82: =MEDIAN($B82,$D82,$F82,$H82,$J82,$L82,$N82,$P82) -> 0 | U82: =MEDIAN($C82,$E82,$G82,$I82,$K82,$M82,$O82,$Q82) -> 0 | V82: =MAX($B82,$D82,$F82,$H82,$J82,$L82,$N82,$P82) -> 0 | W82: =MAX($C82,$E82,$G82,$I82,$K82,$M82,$O82,$Q82) -> 0
A83: ./cargobike-complex-100_user-input-17 | D83: {=_xlfn.SWITCH($A$2,"average", AVERAGE(Instances!D83:Instances!D83),"median", MEDIAN(Instances!D83:Instances!D83),"min", MIN(Instances!D83:Instances!D83),"max", MAX(Instances!D83:Instances!D83),"diff", MAX(Instances!D83:Instances!D83)-MIN(Instances!D83:Instances!D83))} -> 0 | E83: {=_xlfn.SWITCH($A$2,"average", AVERAGE(Instances!E83:Instances!E83),"median", MEDIAN(Instances!E83:Instances!E83),"min", MIN(Instances!E83:Instances!E83),"max", MAX(Instances!E83:Instances!E83),"diff", MAX(Instances!E83:Instances!E83)-MIN(Instances!E83:Instances!E83))} -> 0 | F83: {=_xlfn.SWITCH($A$2,"average", AVERAGE(Instances!F83:Instances!F83),"median", MEDIAN(Instances!F83:Instances!F83),"min", MIN(Instances!F83:Instances!F83),"max", MAX(Instances!F83:Instances!F83),"diff", MAX(Instances!F83:Instances!F83)-MIN(Instances!F83:Instances!F83))} -> 0 | G83: {=_xlfn.SWITCH($A$2,"average", AVERAGE(Instances!G83:Instances!G83),"median", MEDIAN(Instances!G83:Instances!G83),"min", MIN(Instances!G83:Instances!G83),"max", MAX(Instances!G83:Instances!G83),"diff", MAX(Instances!G83:Instances!G83)-MIN(Instances!G83:Instances!G83))} -> 0 | J83: {=_xlfn.SWITCH($A$2,"average", AVERAGE(Instances!J83:Instances!J83),"median", MEDIAN(Instances!J83:Instances!J83),"min", MIN(Instances!J83:Instances!J83),"max", MAX(Instances!J83:Instances!J83),"diff", MAX(Instances!J83:Instances!J83)-MIN(Instances!J83:Instances!J83))} -> 0 | K83: {=_xlfn.SWITCH($A$2,"average", AVERAGE(Instances!K83:Instances!K83),"median", MEDIAN(Instances!K83:Instances!K83),"min", MIN(Instances!K83:Instances!K83),"max", MAX(Instances!K83:Instances!K83),"diff", MAX(Instances!K83:Instances!K83)-MIN(Instances!K83:Instances!K83))} -> 0 | L83: {=_xlfn.SWITCH($A$2,"average", AVERAGE(Instances!L83:Instances!L83),"median", MEDIAN(Instances!L83:Instances!L83),"min", MIN(Instances!L83:Instances!L83),"max", MAX(Instances!L83:Instances!L83),"diff", MAX(Instances!L83:Instances!L83)-MIN(Instances!L83:Instances!L83))} -> 0 | M83: {=_xlfn.SWITCH($A$2,"average", AVERAGE(Instances!M83:Instances!M83),"median", MEDIAN(Instances!M83:Instances!M83),"min", MIN(Instances!M83:Instances!M83),"max", MAX(Instances!M83:Instances!M83),"diff", MAX(Instances!M83:Instances!M83)-MIN(Instances!M83:Instances!M83))} -> 0 | N83: {=_xlfn.SWITCH($A$2,"average", AVERAGE(Instances!N83:Instances!N83),"median", MEDIAN(Instances!N83:Instances!N83),"min", MIN(Instances!N83:Instances!N83),"max", MAX(Instances!N83:Instances!N83),"diff", MAX(Instances!N83:Instances!N83)-MIN(Instances!N83:Instances!N83))} -> 0 | O83: {=_xlfn.SWITCH($A$2,"average", AVERAGE(Instances!O83:Instances!O83),"median", MEDIAN(Instances!O83:Instances!O83),"min", MIN(Instances!O83:Instances!O83),"max", MAX(Instances!O83:Instances!O83),"diff", MAX(Instances!O83:Instances!O83)-MIN(Instances!O83:Instances!O83))} -> 0 | P83: {=_xlfn.SWITCH($A$2,"average", AVERAGE(Instances!P83:Instances!P83),"median", MEDIAN(Instances!P83:Instances!P83),"min", MIN(Instances!P83:Instances!P83),"max", MAX(Instances!P83:Instances!P83),"diff", MAX(Instances!P83:Instances!P83)-MIN(Instances!P83:Instances!P83))} -> 0 | Q83: {=_xlfn.SWITCH($A$2,"average", AVERAGE(Instances!Q83:Instances!Q83),"median", MEDIAN(Instances!Q83:Instances!Q83),"min", MIN(Instances!Q83:Instances!Q83),"max", MAX(Instances!Q83:Instances!Q83),"diff", MAX(Instances!Q83:Instances!Q83)-MIN(Instances!Q83:Instances!Q83))} -> 0 | R83: =MIN($B83,$D83,$F83,$H83,$J83,$L83,$N83,$P83) -> 0 | S83: =MIN($C83,$E83,$G83,$I83,$K83,$M83,$O83,$Q83) -> 0 | T83: =MEDIAN($B83,$D83,$F83,$H83,$J83,$L83,$N83,$P83) -> 0 | U83: =MEDIAN($C83,$E83,$G83,$I83,$K83,$M83,$O83,$Q83) -> 0 | V83: =MAX($B83,$D83,$F83,$H83,$J83,$L83,$N83,$P83) -> 0 | W83: =MAX($C83,$E83,$G83,$I83,$K83,$M83,$O83,$Q83) -> 0
A84: ./cargobike-complex-100_user-input-18 | D84: {=_xlfn.SWITCH($A$2,"average", AVERAGE(Instances!D84:Instances!D84),"median", MEDIAN(Instances!D84:Instances!D84),"min", MIN(Instances!D84:Instances!D84),"max", MAX(Instances!D84:Instances!D84),"diff", MAX(Instances!D84:Instances!D84)-MIN(Instances!D84:Instances!D84))} -> 0 | E84: {=_xlfn.SWITCH($A$2,"average", AVERAGE(Instances!E84:Instances!E84),"median", MEDIAN(Instances!E84:Instances!E84),"min", MIN(Instances!E84:Instances!E84),"max", MAX(Instances!E84:Instances!E84),"diff", MAX(Instances!E84:Instances!E84)-MIN(Instances!E84:Instances!E84))} -> 0 | F84: {=_xlfn.SWITCH($A$2,"average", AVERAGE(Instances!F84:Instances!F84),"median", MEDIAN(Instances!F84:Instances!F84),"min", MIN(Instances!F84:Instances!F84),"max", MAX(Instances!F84:Instances!F84),"diff", MAX(Instances!F84:Instances!F84)-MIN(Instances!F84:Instances!F84))} -> 0 | G84: {=_xlfn.SWITCH($A$2,"average", AVERAGE(Instances!G84:Instances!G84),"median", MEDIAN(Instances!G84:Instances!G84),"min", MIN(Instances!G84:Instances!G84),"max", MAX(Instances!G84:Instances!G84),"diff", MAX(Instances!G84:Instances!G84)-MIN(Instances!G84:Instances!G84))} -> 0 | J84: {=_xlfn.SWITCH($A$2,"average", AVERAGE(Instances!J84:Instances!J84),"median", MEDIAN(Instances!J84:Instances!J84),"min", MIN(Instances!J84:Instances!J84),"max", MAX(Instances!J84:Instances!J84),"diff", MAX(Instances!J84:Instances!J84)-MIN(Instances!J84:Instances!J84))} -> 0 | K84: {=_xlfn.SWITCH($A$2,"average", AVERAGE(Instances!K84:Instances!K84),"median", MEDIAN(Instances!K84:Instances!K84),"min", MIN(Instances!K84:Instances!K84),"max", MAX(Instances!K84:Instances!K84),"diff", MAX(Instances!K84:Instances!K84)-MIN(Instances!K84:Instances!K84))} -> 0 | L84: {=_xlfn.SWITCH($A$2,"average", AVERAGE(Instances!L84:Instances!L84),"median", MEDIAN(Instances!L84:Instances!L84),"min", MIN(Instances!L84:Instances!L84),"max", MAX(Instances!L84:Instances!L84),"diff", MAX(Instances!L84:Instances!L84)-MIN(Instances!L84:Instances!L84))} -> 0 | M84: {=_xlfn.SWITCH($A$2,"average", AVERAGE(Instances!M84:Instances!M84),"median", MEDIAN(Instances!M84:Instances!M84),"min", MIN(Instances!M84:Instances!M84),"max", MAX(Instances!M84:Instances!M84),"diff", MAX(Instances!M84:Instances!M84)-MIN(Instances!M84:Instances!M84))} -> 0 | N84: {=_xlfn.SWITCH($A$2,"average", AVERAGE(Instances!N84:Instances!N84),"median", MEDIAN(Instances!N84:Instances!N84),"min", MIN(Instances!N84:Instances!N84),"max", MAX(Instances!N84:Instances!N84),"diff", MAX(Instances!N84:Instances!N84)-MIN(Instances!N84:Instances!N84))} -> 0 | O84: {=_xlfn.SWITCH($A$2,"average", AVERAGE(Instances!O84:Instances!O84),"median", MEDIAN(Instances!O84:Instances!O84),"min", MIN(Instances!O84:Instances!O84),"max", MAX(Instances!O84:Instances!O84),"diff", MAX(Instances!O84:Instances!O84)-MIN(Instances!O84:Instances!O84))} -> 0 | P84: {=_xlfn.SWITCH($A$2,"average", AVERAGE(Instances!P84:Instances!P84),"median", MEDIAN(Instances!P84:Instances!P84),"min", MIN(Instances!P84:Instances!P84),"max", MAX(Instances!P84:Instances!P84),"diff", MAX(Instances!P84:Instances!P84)-MIN(Instances!P84:Instances!P84))} -> 0 | Q84: {=_xlfn.SWITCH($A$2,"average", AVERAGE(Instances!Q84:Instances!Q84),"median", MEDIAN(Instances!Q84:Instances!Q84),"min", MIN(Instances!Q84:Instances!Q84),"max", MAX(Instances!Q84:Instances!Q84),"diff", MAX(Instances!Q84:Instances!Q84)-MIN(Instances!Q84:Instances!Q84))} -> 0 | R84: =MIN($B84,$D84,$F84,$H84,$J84,$L84,$N84,$P84) -> 0 | S84: =MIN($C84,$E84,$G84,$I84,$K84,$M84,$O84,$Q84) -> 0 | T84: =MEDIAN($B84,$D84,$F84,$H84,$J84,$L84,$N84,$P84) -> 0 | U84: =MEDIAN($C84,$E84,$G84,$I84,$K84,$M84,$O84,$Q84) -> 0 | V84: =MAX($B84,$D84,$F84,$H84,$J84,$L84,$N84,$P84) -> 0 | W84: =MAX($C84,$E84,$G84,$I84,$K84,$M84,$O84,$Q84) -> 0
A85: ./cargobike-complex-100_user-input-19 | D85: {=_xlfn.SWITCH($A$2,"average", AVERAGE(Instances!D85:Instances!D85),"median", MEDIAN(Instances!D85:Instances!D85),"min", MIN(Instances!D85:Instances!D85),"max", MAX(Instances!D85:Instances!D85),"diff", MAX(Instances!D85:Instances!D85)-MIN(Instances!D85:Instances!D85))} -> 0 | E85: {=_xlfn.SWITCH($A$2,"average", AVERAGE(Instances!E85:Instances!E85),"median", MEDIAN(Instances!E85:Instances!E85),"min", MIN(Instances!E85:Instances!E85),"max", MAX(Instances!E85:Instances!E85),"diff", MAX(Instances!E85:Instances!E85)-MIN(Instances!E85:Instances!E85))} -> 0 | F85: {=_xlfn.SWITCH($A$2,"average", AVERAGE(Instances!F85:Instances!F85),"median", MEDIAN(Instances!F85:Instances!F85),"min", MIN(Instances!F85:Instances!F85),"max", MAX(Instances!F85:Instances!F85),"diff", MAX(Instances!F85:Instances!F85)-MIN(Instances!F85:Instances!F85))} -> 0 | G85: {=_xlfn.SWITCH($A$2,"average", AVERAGE(Instances!G85:Instances!G85),"median", MEDIAN(Instances!G85:Instances!G85),"min", MIN(Instances!G85:Instances!G85),"max", MAX(Instances!G85:Instances!G85),"diff", MAX(Instances!G85:Instances!G85)-MIN(Instances!G85:Instances!G85))} -> 0 | J85: {=_xlfn.SWITCH($A$2,"average", AVERAGE(Instances!J85:Instances!J85),"median", MEDIAN(Instances!J85:Instances!J85),"min", MIN(Instances!J85:Instances!J85),"max", MAX(Instances!J85:Instances!J85),"diff", MAX(Instances!J85:Instances!J85)-MIN(Instances!J85:Instances!J85))} -> 0 | K85: {=_xlfn.SWITCH($A$2,"average", AVERAGE(Instances!K85:Instances!K85),"median", MEDIAN(Instances!K85:Instances!K85),"min", MIN(Instances!K85:Instances!K85),"max", MAX(Instances!K85:Instances!K85),"diff", MAX(Instances!K85:Instances!K85)-MIN(Instances!K85:Instances!K85))} -> 0 | L85: {=_xlfn.SWITCH($A$2,"average", AVERAGE(Instances!L85:Instances!L85),"median", MEDIAN(Instances!L85:Instances!L85),"min", MIN(Instances!L85:Instances!L85),"max", MAX(Instances!L85:Instances!L85),"diff", MAX(Instances!L85:Instances!L85)-MIN(Instances!L85:Instances!L85))} -> 0 | M85: {=_xlfn.SWITCH($A$2,"average", AVERAGE(Instances!M85:Instances!M85),"median", MEDIAN(Instances!M85:Instances!M85),"min", MIN(Instances!M85:Instances!M85),"max", MAX(Instances!M85:Instances!M85),"diff", MAX(Instances!M85:Instances!M85)-MIN(Instances!M85:Instances!M85))} -> 0 | N85: {=_xlfn.SWITCH($A$2,"average", AVERAGE(Instances!N85:Instances!N85),"median", MEDIAN(Instances!N85:Instances!N85),"min", MIN(Instances!N85:Instances!N85),"max", MAX(Instances!N85:Instances!N85),"diff", MAX(Instances!N85:Instances!N85)-MIN(Instances!N85:Instances!N85))} -> 0 | O85: {=_xlfn.SWITCH($A$2,"average", AVERAGE(Instances!O85:Instances!O85),"median", MEDIAN(Instances!O85:Instances!O85),"min", MIN(Instances!O85:Instances!O85),"max", MAX(Instances!O85:Instances!O85),"diff", MAX(Instances!O85:Instances!O85)-MIN(Instances!O85:Instances!O85))} -> 0 | P85: {=_xlfn.SWITCH($A$2,"average", AVERAGE(Instances!P85:Instances!P85),"median", MEDIAN(Instances!P85:Instances!P85),"min", MIN(Instances!P85:Instances!P85),"max", MAX(Instances!P85:Instances!P85),"diff", MAX(Instances!P85:Instances!P85)-MIN(Instances!P85:Instances!P85))} -> 0 | Q85: {=_xlfn.SWITCH($A$2,"average", AVERAGE(Instances!Q85:Instances!Q85),"median", MEDIAN(Instances!Q85:Instances!Q85),"min", MIN(Instances!Q85:Instances!Q85),"max", MAX(Instances!Q85:Instances!Q85),"diff", MAX(Instances!Q85:Instances!Q85)-MIN(Instances!Q85:Instances!Q85))} -> 0 | R85: =MIN($B85,$D85,$F85,$H85,$J85,$L85,$N85,$P85) -> 0 | S85: =MIN($C85,$E85,$G85,$I85,$K85,$M85,$O85,$Q85) -> 0 | T85: =MEDIAN($B85,$D85,$F85,$H85,$J85,$L85,$N85,$P85) -> 0 | U85: =MEDIAN($C85,$E85,$G85,$I85,$K85,$M85,$O85,$Q85) -> 0 | V85: =MAX($B85,$D85,$F85,$H85,$J85,$L85,$N85,$P85) -> 0 | W85: =MAX($C85,$E85,$G85,$I85,$K85,$M85,$O85,$Q85) -> 0
... A341: ./travelbike-max5_user-input-p92-v415 | D341: {=_xlfn.SWITCH($A$2,"average", AVERAGE(Instances!D341:Instances!D341),"median", MEDIAN(Instances!D341:Instances!D341),"min", MIN(Instances!D341:Instances!D341),"max", MAX(Instances!D341:Instances!D341),"diff", MAX(Instances!D341:Instances!D341)-MIN(Instances!D341:Instances!D341))} -> 0 | E341: {=_xlfn.SWITCH($A$2,"average", AVERAGE(Instances!E341:Instances!E341),"median", MEDIAN(Instances!E341:Instances!E341),"min", MIN(Instances!E341:Instances!E341),"max", MAX(Instances!E341:Instances!E341),"diff", MAX(Instances!E341:Instances!E341)-MIN(Instances!E341:Instances!E341))} -> 0 | F341: {=_xlfn.SWITCH($A$2,"average", AVERAGE(Instances!F341:Instances!F341),"median", MEDIAN(Instances!F341:Instances!F341),"min", MIN(Instances!F341:Instances!F341),"max", MAX(Instances!F341:Instances!F341),"diff", MAX(Instances!F341:Instances!F341)-MIN(Instances!F341:Instances!F341))} -> 0 | G341: {=_xlfn.SWITCH($A$2,"average", AVERAGE(Instances!G341:Instances!G341),"median", MEDIAN(Instances!G341:Instances!G341),"min", MIN(Instances!G341:Instances!G341),"max", MAX(Instances!G341:Instances!G341),"diff", MAX(Instances!G341:Instances!G341)-MIN(Instances!G341:Instances!G341))} -> 0 | J341: {=_xlfn.SWITCH($A$2,"average", AVERAGE(Instances!J341:Instances!J341),"median", MEDIAN(Instances!J341:Instances!J341),"min", MIN(Instances!J341:Instances!J341),"max", MAX(Instances!J341:Instances!J341),"diff", MAX(Instances!J341:Instances!J341)-MIN(Instances!J341:Instances!J341))} -> 0 | K341: {=_xlfn.SWITCH($A$2,"average", AVERAGE(Instances!K341:Instances!K341),"median", MEDIAN(Instances!K341:Instances!K341),"min", MIN(Instances!K341:Instances!K341),"max", MAX(Instances!K341:Instances!K341),"diff", MAX(Instances!K341:Instances!K341)-MIN(Instances!K341:Instances!K341))} -> 0 | L341: {=_xlfn.SWITCH($A$2,"average", AVERAGE(Instances!L341:Instances!L341),"median", MEDIAN(Instances!L341:Instances!L341),"min", MIN(Instances!L341:Instances!L341),"max", MAX(Instances!L341:Instances!L341),"diff", MAX(Instances!L341:Instances!L341)-MIN(Instances!L341:Instances!L341))} -> 0 | M341: {=_xlfn.SWITCH($A$2,"average", AVERAGE(Instances!M341:Instances!M341),"median", MEDIAN(Instances!M341:Instances!M341),"min", MIN(Instances!M341:Instances!M341),"max", MAX(Instances!M341:Instances!M341),"diff", MAX(Instances!M341:Instances!M341)-MIN(Instances!M341:Instances!M341))} -> 0 | N341: {=_xlfn.SWITCH($A$2,"average", AVERAGE(Instances!N341:Instances!N341),"median", MEDIAN(Instances!N341:Instances!N341),"min", MIN(Instances!N341:Instances!N341),"max", MAX(Instances!N341:Instances!N341),"diff", MAX(Instances!N341:Instances!N341)-MIN(Instances!N341:Instances!N341))} -> 0 | O341: {=_xlfn.SWITCH($A$2,"average", AVERAGE(Instances!O341:Instances!O341),"median", MEDIAN(Instances!O341:Instances!O341),"min", MIN(Instances!O341:Instances!O341),"max", MAX(Instances!O341:Instances!O341),"diff", MAX(Instances!O341:Instances!O341)-MIN(Instances!O341:Instances!O341))} -> 0 | P341: {=_xlfn.SWITCH($A$2,"average", AVERAGE(Instances!P341:Instances!P341),"median", MEDIAN(Instances!P341:Instances!P341),"min", MIN(Instances!P341:Instances!P341),"max", MAX(Instances!P341:Instances!P341),"diff", MAX(Instances!P341:Instances!P341)-MIN(Instances!P341:Instances!P341))} -> 0 | Q341: {=_xlfn.SWITCH($A$2,"average", AVERAGE(Instances!Q341:Instances!Q341),"median", MEDIAN(Instances!Q341:Instances!Q341),"min", MIN(Instances!Q341:Instances!Q341),"max", MAX(Instances!Q341:Instances!Q341),"diff", MAX(Instances!Q341:Instances!Q341)-MIN(Instances!Q341:Instances!Q341))} -> 0 | R341: =MIN($B341,$D341,$F341,$H341,$J341,$L341,$N341,$P341) -> 0 | S341: =MIN($C341,$E341,$G341,$I341,$K341,$M341,$O341,$Q341) -> 0 | T341: =MEDIAN($B341,$D341,$F341,$H341,$J341,$L341,$N341,$P341) -> 0 | U341: =MEDIAN($C341,$E341,$G341,$I341,$K341,$M341,$O341,$Q341) -> 0 | V341: =MAX($B341,$D341,$F341,$H341,$J341,$L341,$N341,$P341) -> 0 | W341: =MAX($C341,$E341,$G341,$I341,$K341,$M341,$O341,$Q341) -> 0
A343: SUM | B343: =SUM(B$3:B$341) -> 0 | C343: =SUM(C$3:C$341) -> 0 | D343: =SUM(D$3:D$341) -> 0 | E343: =SUM(E$3:E$341) -> 0 | F343: =SUM(F$3:F$341) -> 0 | G343: =SUM(G$3:G$341) -> 0 | H343: =SUM(H$3:H$341) -> 0 | I343: =SUM(I$3:I$341) -> 0 | ... W343: =SUM(W$3:W$341) -> 0
A344: AVG | B344: =AVERAGE(B$3:B$341) -> 0 | C344: =AVERAGE(C$3:C$341) -> 0 | D344: =AVERAGE(D$3:D$341) -> 0 | E344: =AVERAGE(E$3:E$341) -> 0 | F344: =AVERAGE(F$3:F$341) -> 0 | G344: =AVERAGE(G$3:G$341) -> 0 | H344: =AVERAGE(H$3:H$341) -> 0 | I344: =AVERAGE(I$3:I$341) -> 0 | ... W344: =AVERAGE(W$3:W$341) -> 0
A345: DEV | B345: =STDEV(B$3:B$341) -> 0 | C345: =STDEV(C$3:C$341) -> 0 | D345: =STDEV(D$3:D$341) -> 0 | E345: =STDEV(E$3:E$341) -> 0 | F345: =STDEV(F$3:F$341) -> 0 | G345: =STDEV(G$3:G$341) -> 0 | H345: =STDEV(H$3:H$341) -> 0 | I345: =STDEV(I$3:I$341) -> 0 | ... W345: =STDEV(W$3:W$341) -> 0
A346: DST | B346: =SUMPRODUCT(--(B$3:B$341-$R$3:$R$341)^2)^0.5 -> 0 | C346: =SUMPRODUCT(--(C$3:C$341-$S$3:$S$341)^2)^0.5 -> 0 | D346: =SUMPRODUCT(--(D$3:D$341-$R$3:$R$341)^2)^0.5 -> 0 | E346: =SUMPRODUCT(--(E$3:E$341-$S$3:$S$341)^2)^0.5 -> 0 | F346: =SUMPRODUCT(--(F$3:F$341-$R$3:$R$341)^2)^0.5 -> 0 | G346: =SUMPRODUCT(--(G$3:G$341-$S$3:$S$341)^2)^0.5 -> 0 | H346: =SUMPRODUCT(--(H$3:H$341-$R$3:$R$341)^2)^0.5 -> 0 | I346: =SUMPRODUCT(--(I$3:I$341-$S$3:$S$341)^2)^0.5 -> 0 | J346: =SUMPRODUCT(--(J$3:J$341-$R$3:$R$341)^2)^0.5 -> 0 | K346: =SUMPRODUCT(--(K$3:K$341-$S$3:$S$341)^2)^0.5 -> 0 | L346: =SUMPRODUCT(--(L$3:L$341-$R$3:$R$341)^2)^0.5 -> 0 | M346: =SUMPRODUCT(--(M$3:M$341-$S$3:$S$341)^2)^0.5 -> 0 | N346: =SUMPRODUCT(--(N$3:N$341-$R$3:$R$341)^2)^0.5 -> 0 | O346: =SUMPRODUCT(--(O$3:O$341-$S$3:$S$341)^2)^0.5 -> 0 | P346: =SUMPRODUCT(--(P$3:P$341-$R$3:$R$341)^2)^0.5 -> 0 | Q346: =SUMPRODUCT(--(Q$3:Q$341-$S$3:$S$341)^2)^0.5 -> 0
A347: BEST | B347: =SUMPRODUCT(NOT(ISBLANK(B$3:B$341))*(B$3:B$341=$R$3:$R$341)) -> 0 | C347: =SUMPRODUCT(NOT(ISBLANK(C$3:C$341))*(C$3:C$341=$S$3:$S$341)) -> 0 | D347: =SUMPRODUCT(NOT(ISBLANK(D$3:D$341))*(D$3:D$341=$R$3:$R$341)) -> 0 | E347: =SUMPRODUCT(NOT(ISBLANK(E$3:E$341))*(E$3:E$341=$S$3:$S$341)) -> 0 | F347: =SUMPRODUCT(NOT(ISBLANK(F$3:F$341))*(F$3:F$341=$R$3:$R$341)) -> 0 | G347: =SUMPRODUCT(NOT(ISBLANK(G$3:G$341))*(G$3:G$341=$S$3:$S$341)) -> 0 | H347: =SUMPRODUCT(NOT(ISBLANK(H$3:H$341))*(H$3:H$341=$R$3:$R$341)) -> 0 | I347: =SUMPRODUCT(NOT(ISBLANK(I$3:I$341))*(I$3:I$341=$S$3:$S$341)) -> 0 | J347: =SUMPRODUCT(NOT(ISBLANK(J$3:J$341))*(J$3:J$341=$R$3:$R$341)) -> 0 | K347: =SUMPRODUCT(NOT(ISBLANK(K$3:K$341))*(K$3:K$341=$S$3:$S$341)) -> 0 | L347: =SUMPRODUCT(NOT(ISBLANK(L$3:L$341))*(L$3:L$341=$R$3:$R$341)) -> 0 | M347: =SUMPRODUCT(NOT(ISBLANK(M$3:M$341))*(M$3:M$341=$S$3:$S$341)) -> 0 | N347: =SUMPRODUCT(NOT(ISBLANK(N$3:N$341))*(N$3:N$341=$R$3:$R$341)) -> 0 | O347: =SUMPRODUCT(NOT(ISBLANK(O$3:O$341))*(O$3:O$341=$S$3:$S$341)) -> 0 | P347: =SUMPRODUCT(NOT(ISBLANK(P$3:P$341))*(P$3:P$341=$R$3:$R$341)) -> 0 | Q347: =SUMPRODUCT(NOT(ISBLANK(Q$3:Q$341))*(Q$3:Q$341=$S$3:$S$341)) -> 0
A348: BETTER | B348: =SUMPRODUCT(NOT(ISBLANK(B$3:B$341))*(B$3:B$341<$T$3:$T$341)) -> 0 | C348: =SUMPRODUCT(NOT(ISBLANK(C$3:C$341))*(C$3:C$341<$U$3:$U$341)) -> 0 | D348: =SUMPRODUCT(NOT(ISBLANK(D$3:D$341))*(D$3:D$341<$T$3:$T$341)) -> 0 | E348: =SUMPRODUCT(NOT(ISBLANK(E$3:E$341))*(E$3:E$341<$U$3:$U$341)) -> 0 | F348: =SUMPRODUCT(NOT(ISBLANK(F$3:F$341))*(F$3:F$341<$T$3:$T$341)) -> 0 | G348: =SUMPRODUCT(NOT(ISBLANK(G$3:G$341))*(G$3:G$341<$U$3:$U$341)) -> 0 | H348: =SUMPRODUCT(NOT(ISBLANK(H$3:H$341))*(H$3:H$341<$T$3:$T$341)) -> 0 | I348: =SUMPRODUCT(NOT(ISBLANK(I$3:I$341))*(I$3:I$341<$U$3:$U$341)) -> 0 | J348: =SUMPRODUCT(NOT(ISBLANK(J$3:J$341))*(J$3:J$341<$T$3:$T$341)) -> 0 | K348: =SUMPRODUCT(NOT(ISBLANK(K$3:K$341))*(K$3:K$341<$U$3:$U$341)) -> 0 | L348: =SUMPRODUCT(NOT(ISBLANK(L$3:L$341))*(L$3:L$341<$T$3:$T$341)) -> 0 | M348: =SUMPRODUCT(NOT(ISBLANK(M$3:M$341))*(M$3:M$341<$U$3:$U$341)) -> 0 | N348: =SUMPRODUCT(NOT(ISBLANK(N$3:N$341))*(N$3:N$341<$T$3:$T$341)) -> 0 | O348: =SUMPRODUCT(NOT(ISBLANK(O$3:O$341))*(O$3:O$341<$U$3:$U$341)) -> 0 | P348: =SUMPRODUCT(NOT(ISBLANK(P$3:P$341))*(P$3:P$341<$T$3:$T$341)) -> 0 | Q348: =SUMPRODUCT(NOT(ISBLANK(Q$3:Q$341))*(Q$3:Q$341<$U$3:$U$341)) -> 0
A349: WORSE | B349: =SUMPRODUCT((NOT(ISBLANK(B$3:B$341))*(B$3:B$341>$T$3:$T$341))+ISBLANK(B$3:B$341)) -> 0 | C349: =SUMPRODUCT((NOT(ISBLANK(C$3:C$341))*(C$3:C$341>$U$3:$U$341))+ISBLANK(C$3:C$341)) -> 0 | D349: =SUMPRODUCT((NOT(ISBLANK(D$3:D$341))*(D$3:D$341>$T$3:$T$341))+ISBLANK(D$3:D$341)) -> 0 | E349: =SUMPRODUCT((NOT(ISBLANK(E$3:E$341))*(E$3:E$341>$U$3:$U$341))+ISBLANK(E$3:E$341)) -> 0 | F349: =SUMPRODUCT((NOT(ISBLANK(F$3:F$341))*(F$3:F$341>$T$3:$T$341))+ISBLANK(F$3:F$341)) -> 0 | G349: =SUMPRODUCT((NOT(ISBLANK(G$3:G$341))*(G$3:G$341>$U$3:$U$341))+ISBLANK(G$3:G$341)) -> 0 | H349: =SUMPRODUCT((NOT(ISBLANK(H$3:H$341))*(H$3:H$341>$T$3:$T$341))+ISBLANK(H$3:H$341)) -> 0 | I349: =SUMPRODUCT((NOT(ISBLANK(I$3:I$341))*(I$3:I$341>$U$3:$U$341))+ISBLANK(I$3:I$341)) -> 0 | J349: =SUMPRODUCT((NOT(ISBLANK(J$3:J$341))*(J$3:J$341>$T$3:$T$341))+ISBLANK(J$3:J$341)) -> 0 | K349: =SUMPRODUCT((NOT(ISBLANK(K$3:K$341))*(K$3:K$341>$U$3:$U$341))+ISBLANK(K$3:K$341)) -> 0 | L349: =SUMPRODUCT((NOT(ISBLANK(L$3:L$341))*(L$3:L$341>$T$3:$T$341))+ISBLANK(L$3:L$341)) -> 0 | M349: =SUMPRODUCT((NOT(ISBLANK(M$3:M$341))*(M$3:M$341>$U$3:$U$341))+ISBLANK(M$3:M$341)) -> 0 | N349: =SUMPRODUCT((NOT(ISBLANK(N$3:N$341))*(N$3:N$341>$T$3:$T$341))+ISBLANK(N$3:N$341)) -> 0 | O349: =SUMPRODUCT((NOT(ISBLANK(O$3:O$341))*(O$3:O$341>$U$3:$U$341))+ISBLANK(O$3:O$341)) -> 0 | P349: =SUMPRODUCT((NOT(ISBLANK(P$3:P$341))*(P$3:P$341>$T$3:$T$341))+ISBLANK(P$3:P$341)) -> 0 | Q349: =SUMPRODUCT((NOT(ISBLANK(Q$3:Q$341))*(Q$3:Q$341>$U$3:$U$341))+ISBLANK(Q$3:Q$341)) -> 0
A350: WORST | B350: =SUMPRODUCT((NOT(ISBLANK(B$3:B$341))*(B$3:B$341=$V$3:$V$341))+ISBLANK(B$3:B$341)) -> 0 | C350: =SUMPRODUCT((NOT(ISBLANK(C$3:C$341))*(C$3:C$341=$W$3:$W$341))+ISBLANK(C$3:C$341)) -> 0 | D350: =SUMPRODUCT((NOT(ISBLANK(D$3:D$341))*(D$3:D$341=$V$3:$V$341))+ISBLANK(D$3:D$341)) -> 0 | E350: =SUMPRODUCT((NOT(ISBLANK(E$3:E$341))*(E$3:E$341=$W$3:$W$341))+ISBLANK(E$3:E$341)) -> 0 | F350: =SUMPRODUCT((NOT(ISBLANK(F$3:F$341))*(F$3:F$341=$V$3:$V$341))+ISBLANK(F$3:F$341)) -> 0 | G350: =SUMPRODUCT((NOT(ISBLANK(G$3:G$341))*(G$3:G$341=$W$3:$W$341))+ISBLANK(G$3:G$341)) -> 0 | H350: =SUMPRODUCT((NOT(ISBLANK(H$3:H$341))*(H$3:H$341=$V$3:$V$341))+ISBLANK(H$3:H$341)) -> 0 | I350: =SUMPRODUCT((NOT(ISBLANK(I$3:I$341))*(I$3:I$341=$W$3:$W$341))+ISBLANK(I$3:I$341)) -> 0 | J350: =SUMPRODUCT((NOT(ISBLANK(J$3:J$341))*(J$3:J$341=$V$3:$V$341))+ISBLANK(J$3:J$341)) -> 0 | K350: =SUMPRODUCT((NOT(ISBLANK(K$3:K$341))*(K$3:K$341=$W$3:$W$341))+ISBLANK(K$3:K$341)) -> 0 | L350: =SUMPRODUCT((NOT(ISBLANK(L$3:L$341))*(L$3:L$341=$V$3:$V$341))+ISBLANK(L$3:L$341)) -> 0 | M350: =SUMPRODUCT((NOT(ISBLANK(M$3:M$341))*(M$3:M$341=$W$3:$W$341))+ISBLANK(M$3:M$341)) -> 0 | N350: =SUMPRODUCT((NOT(ISBLANK(N$3:N$341))*(N$3:N$341=$V$3:$V$341))+ISBLANK(N$3:N$341)) -> 0 | O350: =SUMPRODUCT((NOT(ISBLANK(O$3:O$341))*(O$3:O$341=$W$3:$W$341))+ISBLANK(O$3:O$341)) -> 0 | P350: =SUMPRODUCT((NOT(ISBLANK(P$3:P$341))*(P$3:P$341=$V$3:$V$341))+ISBLANK(P$3:P$341)) -> 0 | Q350: =SUMPRODUCT((NOT(ISBLANK(Q$3:Q$341))*(Q$3:Q$341=$W$3:$W$341))+ISBLANK(Q$3:Q$341)) -> 0

Sheet Classes
B1: coomsuite-1.0.0/clingo-base | D1: coomsuite-1.0.0/clingo-bounds-exponential | F1: coomsuite-1.0.0/clingo-bounds-linear | H1: coomsuite-1.0.0/flingo-base | J1: coomsuite-1.0.0/flingo-bounds-exponential | L1: coomsuite-1.0.0/flingo-bounds-linear | N1: coomsuite-1.0.0/multishot-exponential | P1: coomsuite-1.0.0/multishot-linear | R1: min | T1: median | V1: max
B2: time | C2: timeout | D2: time | E2: timeout | F2: time | G2: timeout | H2: time | I2: timeout | J2: time | K2: timeout | L2: time | M2: timeout | N2: time | O2: timeout | P2: time | Q2: timeout | R2: time | S2: timeout | T2: time | U2: timeout | V2: time | W2: timeout
A3: . | B3: =AVERAGE(Instances!B3:Instances!B73) -> 0 | C3: =SUM(Instances!C3:Instances!C73) -> 0 | H3: =AVERAGE(Instances!H3:Instances!H73) -> 0 | I3: =SUM(Instances!I3:Instances!I73) -> 0 | R3: =MIN($B3,$D3,$F3,$H3,$J3,$L3,$N3,$P3) -> 0 | S3: =MIN($C3,$E3,$G3,$I3,$K3,$M3,$O3,$Q3) -> 0 | T3: =MEDIAN($B3,$D3,$F3,$H3,$J3,$L3,$N3,$P3) -> 0 | U3: =MEDIAN($C3,$E3,$G3,$I3,$K3,$M3,$O3,$Q3) -> 0 | V3: =MAX($B3,$D3,$F3,$H3,$J3,$L3,$N3,$P3) -> 0 | W3: =MAX($C3,$E3,$G3,$I3,$K3,$M3,$O3,$Q3) -> 0
A4: . | D4: =AVERAGE(Instances!D74:Instances!D341) -> 0 | E4: =SUM(Instances!E74:Instances!E341) -> 0 | F4: =AVERAGE(Instances!F74:Instances!F341) -> 0 | G4: =SUM(Instances!G74:Instances!G341) -> 0 | J4: =AVERAGE(Instances!J74:Instances!J341) -> 0 | K4: =SUM(Instances!K74:Instances!K341) -> 0 | L4: =AVERAGE(Instances!L74:Instances!L341) -> 0 | M4: =SUM(Instances!M74:Instances!M341) -> 0 | N4: =AVERAGE(Instances!N74:Instances!N341) -> 0 | O4: =SUM(Instances!O74:Instances!O341) -> 0 | P4: =AVERAGE(Instances!P74:Instances!P341) -> 0 | Q4: =SUM(Instances!Q74:Instances!Q341) -> 0 | R4: =MIN($B4,$D4,$F4,$H4,$J4,$L4,$N4,$P4) -> 0 | S4: =MIN($C4,$E4,$G4,$I4,$K4,$M4,$O4,$Q4) -> 0 | T4: =MEDIAN($B4,$D4,$F4,$H4,$J4,$L4,$N4,$P4) -> 0 | U4: =MEDIAN($C4,$E4,$G4,$I4,$K4,$M4,$O4,$Q4) -> 0 | V4: =MAX($B4,$D4,$F4,$H4,$J4,$L4,$N4,$P4) -> 0 | W4: =MAX($C4,$E4,$G4,$I4,$K4,$M4,$O4,$Q4) -> 0
A6: SUM | B6: =SUM(B$3:B$4) -> 0 | C6: =SUM(C$3:C$4) -> 0 | D6: =SUM(D$3:D$4) -> 0 | E6: =SUM(E$3:E$4) -> 0 | F6: =SUM(F$3:F$4) -> 0 | G6: =SUM(G$3:G$4) -> 0 | H6: =SUM(H$3:H$4) -> 0 | I6: =SUM(I$3:I$4) -> 0 | ... W6: =SUM(W$3:W$4) -> 0
A7: AVG | B7: =AVERAGE(B$3:B$4) -> 0 | C7: =AVERAGE(C$3:C$4) -> 0 | D7: =AVERAGE(D$3:D$4) -> 0 | E7: =AVERAGE(E$3:E$4) -> 0 | F7: =AVERAGE(F$3:F$4) -> 0 | G7: =AVERAGE(G$3:G$4) -> 0 | H7: =AVERAGE(H$3:H$4) -> 0 | I7: =AVERAGE(I$3:I$4) -> 0 | ... W7: =AVERAGE(W$3:W$4) -> 0
A8: DEV | B8: =STDEV(B$3:B$4) -> 0 | C8: =STDEV(C$3:C$4) -> 0 | D8: =STDEV(D$3:D$4) -> 0 | E8: =STDEV(E$3:E$4) -> 0 | F8: =STDEV(F$3:F$4) -> 0 | G8: =STDEV(G$3:G$4) -> 0 | H8: =STDEV(H$3:H$4) -> 0 | I8: =STDEV(I$3:I$4) -> 0 | ... W8: =STDEV(W$3:W$4) -> 0
A9: DST | B9: =SUMPRODUCT(--(B$3:B$4-$R$3:$R$4)^2)^0.5 -> 0 | C9: =SUMPRODUCT(--(C$3:C$4-$S$3:$S$4)^2)^0.5 -> 0 | D9: =SUMPRODUCT(--(D$3:D$4-$R$3:$R$4)^2)^0.5 -> 0 | E9: =SUMPRODUCT(--(E$3:E$4-$S$3:$S$4)^2)^0.5 -> 0 | F9: =SUMPRODUCT(--(F$3:F$4-$R$3:$R$4)^2)^0.5 -> 0 | G9: =SUMPRODUCT(--(G$3:G$4-$S$3:$S$4)^2)^0.5 -> 0 | H9: =SUMPRODUCT(--(H$3:H$4-$R$3:$R$4)^2)^0.5 -> 0 | I9: =SUMPRODUCT(--(I$3:I$4-$S$3:$S$4)^2)^0.5 -> 0 | J9: =SUMPRODUCT(--(J$3:J$4-$R$3:$R$4)^2)^0.5 -> 0 | K9: =SUMPRODUCT(--(K$3:K$4-$S$3:$S$4)^2)^0.5 -> 0 | L9: =SUMPRODUCT(--(L$3:L$4-$R$3:$R$4)^2)^0.5 -> 0 | M9: =SUMPRODUCT(--(M$3:M$4-$S$3:$S$4)^2)^0.5 -> 0 | N9: =SUMPRODUCT(--(N$3:N$4-$R$3:$R$4)^2)^0.5 -> 0 | O9: =SUMPRODUCT(--(O$3:O$4-$S$3:$S$4)^2)^0.5 -> 0 | P9: =SUMPRODUCT(--(P$3:P$4-$R$3:$R$4)^2)^0.5 -> 0 | Q9: =SUMPRODUCT(--(Q$3:Q$4-$S$3:$S$4)^2)^0.5 -> 0
A10: BEST | B10: =SUMPRODUCT(NOT(ISBLANK(B$3:B$4))*(B$3:B$4=$R$3:$R$4)) -> 0 | C10: =SUMPRODUCT(NOT(ISBLANK(C$3:C$4))*(C$3:C$4=$S$3:$S$4)) -> 0 | D10: =SUMPRODUCT(NOT(ISBLANK(D$3:D$4))*(D$3:D$4=$R$3:$R$4)) -> 0 | E10: =SUMPRODUCT(NOT(ISBLANK(E$3:E$4))*(E$3:E$4=$S$3:$S$4)) -> 0 | F10: =SUMPRODUCT(NOT(ISBLANK(F$3:F$4))*(F$3:F$4=$R$3:$R$4)) -> 0 | G10: =SUMPRODUCT(NOT(ISBLANK(G$3:G$4))*(G$3:G$4=$S$3:$S$4)) -> 0 | H10: =SUMPRODUCT(NOT(ISBLANK(H$3:H$4))*(H$3:H$4=$R$3:$R$4)) -> 0 | I10: =SUMPRODUCT(NOT(ISBLANK(I$3:I$4))*(I$3:I$4=$S$3:$S$4)) -> 0 | J10: =SUMPRODUCT(NOT(ISBLANK(J$3:J$4))*(J$3:J$4=$R$3:$R$4)) -> 0 | K10: =SUMPRODUCT(NOT(ISBLANK(K$3:K$4))*(K$3:K$4=$S$3:$S$4)) -> 0 | L10: =SUMPRODUCT(NOT(ISBLANK(L$3:L$4))*(L$3:L$4=$R$3:$R$4)) -> 0 | M10: =SUMPRODUCT(NOT(ISBLANK(M$3:M$4))*(M$3:M$4=$S$3:$S$4)) -> 0 | N10: =SUMPRODUCT(NOT(ISBLANK(N$3:N$4))*(N$3:N$4=$R$3:$R$4)) -> 0 | O10: =SUMPRODUCT(NOT(ISBLANK(O$3:O$4))*(O$3:O$4=$S$3:$S$4)) -> 0 | P10: =SUMPRODUCT(NOT(ISBLANK(P$3:P$4))*(P$3:P$4=$R$3:$R$4)) -> 0 | Q10: =SUMPRODUCT(NOT(ISBLANK(Q$3:Q$4))*(Q$3:Q$4=$S$3:$S$4)) -> 0
A11: BETTER | B11: =SUMPRODUCT(NOT(ISBLANK(B$3:B$4))*(B$3:B$4<$T$3:$T$4)) -> 0 | C11: =SUMPRODUCT(NOT(ISBLANK(C$3:C$4))*(C$3:C$4<$U$3:$U$4)) -> 0 | D11: =SUMPRODUCT(NOT(ISBLANK(D$3:D$4))*(D$3:D$4<$T$3:$T$4)) -> 0 | E11: =SUMPRODUCT(NOT(ISBLANK(E$3:E$4))*(E$3:E$4<$U$3:$U$4)) -> 0 | F11: =SUMPRODUCT(NOT(ISBLANK(F$3:F$4))*(F$3:F$4<$T$3:$T$4)) -> 0 | G11: =SUMPRODUCT(NOT(ISBLANK(G$3:G$4))*(G$3:G$4<$U$3:$U$4)) -> 0 | H11: =SUMPRODUCT(NOT(ISBLANK(H$3:H$4))*(H$3:H$4<$T$3:$T$4)) -> 0 | I11: =SUMPRODUCT(NOT(ISBLANK(I$3:I$4))*(I$3:I$4<$U$3:$U$4)) -> 0 | J11: =SUMPRODUCT(NOT(ISBLANK(J$3:J$4))*(J$3:J$4<$T$3:$T$4)) -> 0 | K11: =SUMPRODUCT(NOT(ISBLANK(K$3:K$4))*(K$3:K$4<$U$3:$U$4)) -> 0 | L11: =SUMPRODUCT(NOT(ISBLANK(L$3:L$4))*(L$3:L$4<$T$3:$T$4)) -> 0 | M11: =SUMPRODUCT(NOT(ISBLANK(M$3:M$4))*(M$3:M$4<$U$3:$U$4)) -> 0 | N11: =SUMPRODUCT(NOT(ISBLANK(N$3:N$4))*(N$3:N$4<$T$3:$T$4)) -> 0 | O11: =SUMPRODUCT(NOT(ISBLANK(O$3:O$4))*(O$3:O$4<$U$3:$U$4)) -> 0 | P11: =SUMPRODUCT(NOT(ISBLANK(P$3:P$4))*(P$3:P$4<$T$3:$T$4)) -> 0 | Q11: =SUMPRODUCT(NOT(ISBLANK(Q$3:Q$4))*(Q$3:Q$4<$U$3:$U$4)) -> 0
A12: WORSE | B12: =SUMPRODUCT((NOT(ISBLANK(B$3:B$4))*(B$3:B$4>$T$3:$T$4))+ISBLANK(B$3:B$4)) -> 0 | C12: =SUMPRODUCT((NOT(ISBLANK(C$3:C$4))*(C$3:C$4>$U$3:$U$4))+ISBLANK(C$3:C$4)) -> 0 | D12: =SUMPRODUCT((NOT(ISBLANK(D$3:D$4))*(D$3:D$4>$T$3:$T$4))+ISBLANK(D$3:D$4)) -> 0 | E12: =SUMPRODUCT((NOT(ISBLANK(E$3:E$4))*(E$3:E$4>$U$3:$U$4))+ISBLANK(E$3:E$4)) -> 0 | F12: =SUMPRODUCT((NOT(ISBLANK(F$3:F$4))*(F$3:F$4>$T$3:$T$4))+ISBLANK(F$3:F$4)) -> 0 | G12: =SUMPRODUCT((NOT(ISBLANK(G$3:G$4))*(G$3:G$4>$U$3:$U$4))+ISBLANK(G$3:G$4)) -> 0 | H12: =SUMPRODUCT((NOT(ISBLANK(H$3:H$4))*(H$3:H$4>$T$3:$T$4))+ISBLANK(H$3:H$4)) -> 0 | I12: =SUMPRODUCT((NOT(ISBLANK(I$3:I$4))*(I$3:I$4>$U$3:$U$4))+ISBLANK(I$3:I$4)) -> 0 | J12: =SUMPRODUCT((NOT(ISBLANK(J$3:J$4))*(J$3:J$4>$T$3:$T$4))+ISBLANK(J$3:J$4)) -> 0 | K12: =SUMPRODUCT((NOT(ISBLANK(K$3:K$4))*(K$3:K$4>$U$3:$U$4))+ISBLANK(K$3:K$4)) -> 0 | L12: =SUMPRODUCT((NOT(ISBLANK(L$3:L$4))*(L$3:L$4>$T$3:$T$4))+ISBLANK(L$3:L$4)) -> 0 | M12: =SUMPRODUCT((NOT(ISBLANK(M$3:M$4))*(M$3:M$4>$U$3:$U$4))+ISBLANK(M$3:M$4)) -> 0 | N12: =SUMPRODUCT((NOT(ISBLANK(N$3:N$4))*(N$3:N$4>$T$3:$T$4))+ISBLANK(N$3:N$4)) -> 0 | O12: =SUMPRODUCT((NOT(ISBLANK(O$3:O$4))*(O$3:O$4>$U$3:$U$4))+ISBLANK(O$3:O$4)) -> 0 | P12: =SUMPRODUCT((NOT(ISBLANK(P$3:P$4))*(P$3:P$4>$T$3:$T$4))+ISBLANK(P$3:P$4)) -> 0 | Q12: =SUMPRODUCT((NOT(ISBLANK(Q$3:Q$4))*(Q$3:Q$4>$U$3:$U$4))+ISBLANK(Q$3:Q$4)) -> 0
A13: WORST | B13: =SUMPRODUCT((NOT(ISBLANK(B$3:B$4))*(B$3:B$4=$V$3:$V$4))+ISBLANK(B$3:B$4)) -> 0 | C13: =SUMPRODUCT((NOT(ISBLANK(C$3:C$4))*(C$3:C$4=$W$3:$W$4))+ISBLANK(C$3:C$4)) -> 0 | D13: =SUMPRODUCT((NOT(ISBLANK(D$3:D$4))*(D$3:D$4=$V$3:$V$4))+ISBLANK(D$3:D$4)) -> 0 | E13: =SUMPRODUCT((NOT(ISBLANK(E$3:E$4))*(E$3:E$4=$W$3:$W$4))+ISBLANK(E$3:E$4)) -> 0 | F13: =SUMPRODUCT((NOT(ISBLANK(F$3:F$4))*(F$3:F$4=$V$3:$V$4))+ISBLANK(F$3:F$4)) -> 0 | G13: =SUMPRODUCT((NOT(ISBLANK(G$3:G$4))*(G$3:G$4=$W$3:$W$4))+ISBLANK(G$3:G$4)) -> 0 | H13: =SUMPRODUCT((NOT(ISBLANK(H$3:H$4))*(H$3:H$4=$V$3:$V$4))+ISBLANK(H$3:H$4)) -> 0 | I13: =SUMPRODUCT((NOT(ISBLANK(I$3:I$4))*(I$3:I$4=$W$3:$W$4))+ISBLANK(I$3:I$4)) -> 0 | J13: =SUMPRODUCT((NOT(ISBLANK(J$3:J$4))*(J$3:J$4=$V$3:$V$4))+ISBLANK(J$3:J$4)) -> 0 | K13: =SUMPRODUCT((NOT(ISBLANK(K$3:K$4))*(K$3:K$4=$W$3:$W$4))+ISBLANK(K$3:K$4)) -> 0 | L13: =SUMPRODUCT((NOT(ISBLANK(L$3:L$4))*(L$3:L$4=$V$3:$V$4))+ISBLANK(L$3:L$4)) -> 0 | M13: =SUMPRODUCT((NOT(ISBLANK(M$3:M$4))*(M$3:M$4=$W$3:$W$4))+ISBLANK(M$3:M$4)) -> 0 | N13: =SUMPRODUCT((NOT(ISBLANK(N$3:N$4))*(N$3:N$4=$V$3:$V$4))+ISBLANK(N$3:N$4)) -> 0 | O13: =SUMPRODUCT((NOT(ISBLANK(O$3:O$4))*(O$3:O$4=$W$3:$W$4))+ISBLANK(O$3:O$4)) -> 0 | P13: =SUMPRODUCT((NOT(ISBLANK(P$3:P$4))*(P$3:P$4=$V$3:$V$4))+ISBLANK(P$3:P$4)) -> 0 | Q13: =SUMPRODUCT((NOT(ISBLANK(Q$3:Q$4))*(Q$3:Q$4=$W$3:$W$4))+ISBLANK(Q$3:Q$4)) -> 0

Sheet Helper
A2: time | B2: 1 | E2: =VLOOKUP(Charts!$F$3,A2:B3,2,FALSE) -> 0 | I2: =E2+2 -> 0 | M2: =E2+4 -> 0 | Q2: =E2+6 -> 0 | U2: =E2+8 -> 0 | Y2: =E2+10 -> 0 | AC2: =E2+12 -> 0 | AG2: =E2+14 -> 0 | AM2: =E2 -> 0 | AQ2: =I2 -> 0 | AU2: =M2 -> 0 | AY2: =Q2 -> 0 | BC2: =U2 -> 0 | BG2: =Y2 -> 0 | BK2: =AC2 -> 0 | BO2: =AG2 -> 0 | BU2: =VLOOKUP(Charts!$F$3,A2:B3,2,FALSE) -> 0 | BY2: =E2+2 -> 0 | CC2: =E2+4 -> 0 | CG2: =E2+6 -> 0 | CK2: =E2+8 -> 0 | CO2: =E2+10 -> 0 | CS2: =E2+12 -> 0 | CW2: =E2+14 -> 0
A3: timeout | B3: 2 | D3: data | E3: =Instances!B1 -> 0 | I3: =Instances!D1 -> 0 | M3: =Instances!F1 -> 0 | Q3: =Instances!H1 -> 0 | U3: =Instances!J1 -> 0 | Y3: =Instances!L1 -> 0 | AC3: =Instances!N1 -> 0 | AG3: =Instances!P1 -> 0 | AL3: data | AM3: =E3 -> 0 | AQ3: =I3 -> 0 | AU3: =M3 -> 0 | AY3: =Q3 -> 0 | BC3: =U3 -> 0 | BG3: =Y3 -> 0 | BK3: =AC3 -> 0 | BO3: =AG3 -> 0 | BU3: =Instances!B1 -> 0 | BY3: =Instances!D1 -> 0 | CC3: =Instances!F1 -> 0 | CG3: =Instances!H1 -> 0 | CK3: =Instances!J1 -> 0 | CO3: =Instances!L1 -> 0 | CS3: =Instances!N1 -> 0 | CW3: =Instances!P1 -> 0
D4: index | E4: values | F4: sorted | H4: aggregated | I4: values | J4: sorted | L4: aggregated | M4: values | N4: sorted | P4: aggregated | Q4: values | R4: sorted | T4: aggregated | U4: values | V4: sorted | X4: aggregated | Y4: values | Z4: sorted | AB4: aggregated | AC4: values | AD4: sorted | AF4: aggregated | AG4: values | AH4: sorted | AJ4: aggregated | AL4: index | AM4: values | AN4: sorted | AP4: aggregated | AQ4: values | AR4: sorted | AT4: aggregated | AU4: values | AV4: sorted | AX4: aggregated | AY4: values | AZ4: sorted | BB4: aggregated | BC4: values | BD4: sorted | BF4: aggregated | BG4: values | BH4: sorted | BJ4: aggregated | BK4: values | BL4: sorted | BN4: aggregated | BO4: values | BP4: sorted | BR4: aggregated | BT4: plot | BU4: index | BV4: sorted | BW4: index | BX4: aggregated | BY4: index | BZ4: sorted | CA4: index | CB4: aggregated | CC4: index | CD4: sorted | CE4: index | CF4: aggregated | CG4: index | CH4: sorted | CI4: index | CJ4: aggregated | CK4: index | CL4: sorted | CM4: index | CN4: aggregated | CO4: index | CP4: sorted | CQ4: index | CR4: aggregated | CS4: index | CT4: sorted | CU4: index | CV4: aggregated | CW4: index | CX4: sorted | CY4: index | CZ4: aggregated
D5: 1 | E5: =IF(INDIRECT(ADDRESS($D5+2,E$2+1,,,"Instances"))="","",INDIRECT(ADDRESS($D5+2,E$2+1,,,"Instances"))) -> 0 | F5: =IFERROR(SMALL(E5:E343,ROW()-ROW($F$5)+1),"") -> 0 | H5: =IFERROR(SUM(F5:F5),"") -> 0 | I5: =IF(INDIRECT(ADDRESS($D5+2,I$2+1,,,"Instances"))="","",INDIRECT(ADDRESS($D5+2,I$2+1,,,"Instances"))) -> 0 | J5: =IFERROR(SMALL(I5:I343,ROW()-ROW($J$5)+1),"") -> 0 | L5: =IFERROR(SUM(J5:J5),"") -> 0 | M5: =IF(INDIRECT(ADDRESS($D5+2,M$2+1,,,"Instances"))="","",INDIRECT(ADDRESS($D5+2,M$2+1,,,"Instances"))) -> 0 | N5: =IFERROR(SMALL(M5:M343,ROW()-ROW($N$5)+1),"") -> 0 | P5: =IFERROR(SUM(N5:N5),"") -> 0 | Q5: =IF(INDIRECT(ADDRESS($D5+2,Q$2+1,,,"Instances"))="","",INDIRECT(ADDRESS($D5+2,Q$2+1,,,"Instances"))) -> 0 | R5: =IFERROR(SMALL(Q5:Q343,ROW()-ROW($R$5)+1),"") -> 0 | T5: =IFERROR(SUM(R5:R5),"") -> 0 | U5: =IF(INDIRECT(ADDRESS($D5+2,U$2+1,,,"Instances"))="","",INDIRECT(ADDRESS($D5+2,U$2+1,,,"Instances"))) -> 0 | V5: =IFERROR(SMALL(U5:U343,ROW()-ROW($V$5)+1),"") -> 0 | X5: =IFERROR(SUM(V5:V5),"") -> 0 | Y5: =IF(INDIRECT(ADDRESS($D5+2,Y$2+1,,,"Instances"))="","",INDIRECT(ADDRESS($D5+2,Y$2+1,,,"Instances"))) -> 0 | Z5: =IFERROR(SMALL(Y5:Y343,ROW()-ROW($Z$5)+1),"") -> 0 | AB5: =IFERROR(SUM(Z5:Z5),"") -> 0 | AC5: =IF(INDIRECT(ADDRESS($D5+2,AC$2+1,,,"Instances"))="","",INDIRECT(ADDRESS($D5+2,AC$2+1,,,"Instances"))) -> 0 | AD5: =IFERROR(SMALL(AC5:AC343,ROW()-ROW($AD$5)+1),"") -> 0 | AF5: =IFERROR(SUM(AD5:AD5),"") -> 0 | AG5: =IF(INDIRECT(ADDRESS($D5+2,AG$2+1,,,"Instances"))="","",INDIRECT(ADDRESS($D5+2,AG$2+1,,,"Instances"))) -> 0 | AH5: =IFERROR(SMALL(AG5:AG343,ROW()-ROW($AH$5)+1),"") -> 0 | AJ5: =IFERROR(SUM(AH5:AH5),"") -> 0 | AL5: 1 | AM5: {=_xlfn.SWITCH(Charts!$B$3,"average", AVERAGE(INDIRECT(ADDRESS(0+3,AM$2+1,,,"Instances") & ":" & ADDRESS(0+3,AM$2+1))),"median", MEDIAN(INDIRECT(ADDRESS(0+3,AM$2+1,,,"Instances") & ":" & ADDRESS(0+3,AM$2+1))),"min", MIN(INDIRECT(ADDRESS(0+3,AM$2+1,,,"Instances") & ":" & ADDRESS(0+3,AM$2+1))),"max", MAX(INDIRECT(ADDRESS(0+3,AM$2+1,,,"Instances") & ":" & ADDRESS(0+3,AM$2+1))),"diff", MAX(INDIRECT(ADDRESS(0+3,AM$2+1,,,"Instances") & ":" & ADDRESS(0+3,AM$2+1)))-MIN(INDIRECT(ADDRESS(0+3,AM$2+1,,,"Instances") & ":" & ADDRESS(0+3,AM$2+1))))} -> 0 | AN5: =IFERROR(SMALL(AM5:AM343,ROW()-ROW($AN$5)+1),"") -> 0 | AP5: =IFERROR(SUM(AN5:AN5),"") -> 0 | AQ5: {=_xlfn.SWITCH(Charts!$B$3,"average", AVERAGE(INDIRECT(ADDRESS(0+3,AQ$2+1,,,"Instances") & ":" & ADDRESS(0+3,AQ$2+1))),"median", MEDIAN(INDIRECT(ADDRESS(0+3,AQ$2+1,,,"Instances") & ":" & ADDRESS(0+3,AQ$2+1))),"min", MIN(INDIRECT(ADDRESS(0+3,AQ$2+1,,,"Instances") & ":" & ADDRESS(0+3,AQ$2+1))),"max", MAX(INDIRECT(ADDRESS(0+3,AQ$2+1,,,"Instances") & ":" & ADDRESS(0+3,AQ$2+1))),"diff", MAX(INDIRECT(ADDRESS(0+3,AQ$2+1,,,"Instances") & ":" & ADDRESS(0+3,AQ$2+1)))-MIN(INDIRECT(ADDRESS(0+3,AQ$2+1,,,"Instances") & ":" & ADDRESS(0+3,AQ$2+1))))} -> 0 | AR5: =IFERROR(SMALL(AQ5:AQ343,ROW()-ROW($AR$5)+1),"") -> 0 | AT5: =IFERROR(SUM(AR5:AR5),"") -> 0 | AU5: {=_xlfn.SWITCH(Charts!$B$3,"average", AVERAGE(INDIRECT(ADDRESS(0+3,AU$2+1,,,"Instances") & ":" & ADDRESS(0+3,AU$2+1))),"median", MEDIAN(INDIRECT(ADDRESS(0+3,AU$2+1,,,"Instances") & ":" & ADDRESS(0+3,AU$2+1))),"min", MIN(INDIRECT(ADDRESS(0+3,AU$2+1,,,"Instances") & ":" & ADDRESS(0+3,AU$2+1))),"max", MAX(INDIRECT(ADDRESS(0+3,AU$2+1,,,"Instances") & ":" & ADDRESS(0+3,AU$2+1))),"diff", MAX(INDIRECT(ADDRESS(0+3,AU$2+1,,,"Instances") & ":" & ADDRESS(0+3,AU$2+1)))-MIN(INDIRECT(ADDRESS(0+3,AU$2+1,,,"Instances") & ":" & ADDRESS(0+3,AU$2+1))))} -> 0 | AV5: =IFERROR(SMALL(AU5:AU343,ROW()-ROW($AV$5)+1),"") -> 0 | AX5: =IFERROR(SUM(AV5:AV5),"") -> 0 | AY5: {=_xlfn.SWITCH(Charts!$B$3,"average", AVERAGE(INDIRECT(ADDRESS(0+3,AY$2+1,,,"Instances") & ":" & ADDRESS(0+3,AY$2+1))),"median", MEDIAN(INDIRECT(ADDRESS(0+3,AY$2+1,,,"Instances") & ":" & ADDRESS(0+3,AY$2+1))),"min", MIN(INDIRECT(ADDRESS(0+3,AY$2+1,,,"Instances") & ":" & ADDRESS(0+3,AY$2+1))),"max", MAX(INDIRECT(ADDRESS(0+3,AY$2+1,,,"Instances") & ":" & ADDRESS(0+3,AY$2+1))),"diff", MAX(INDIRECT(ADDRESS(0+3,AY$2+1,,,"Instances") & ":" & ADDRESS(0+3,AY$2+1)))-MIN(INDIRECT(ADDRESS(0+3,AY$2+1,,,"Instances") & ":" & ADDRESS(0+3,AY$2+1))))} -> 0 | AZ5: =IFERROR(SMALL(AY5:AY343,ROW()-ROW($AZ$5)+1),"") -> 0 | BB5: =IFERROR(SUM(AZ5:AZ5),"") -> 0 | BC5: {=_xlfn.SWITCH(Charts!$B$3,"average", AVERAGE(INDIRECT(ADDRESS(0+3,BC$2+1,,,"Instances") & ":" & ADDRESS(0+3,BC$2+1))),"median", MEDIAN(INDIRECT(ADDRESS(0+3,BC$2+1,,,"Instances") & ":" & ADDRESS(0+3,BC$2+1))),"min", MIN(INDIRECT(ADDRESS(0+3,BC$2+1,,,"Instances") & ":" & ADDRESS(0+3,BC$2+1))),"max", MAX(INDIRECT(ADDRESS(0+3,BC$2+1,,,"Instances") & ":" & ADDRESS(0+3,BC$2+1))),"diff", MAX(INDIRECT(ADDRESS(0+3,BC$2+1,,,"Instances") & ":" & ADDRESS(0+3,BC$2+1)))-MIN(INDIRECT(ADDRESS(0+3,BC$2+1,,,"Instances") & ":" & ADDRESS(0+3,BC$2+1))))} -> 0 | BD5: =IFERROR(SMALL(BC5:BC343,ROW()-ROW($BD$5)+1),"") -> 0 | BF5: =IFERROR(SUM(BD5:BD5),"") -> 0 | BG5: {=_xlfn.SWITCH(Charts!$B$3,"average", AVERAGE(INDIRECT(ADDRESS(0+3,BG$2+1,,,"Instances") & ":" & ADDRESS(0+3,BG$2+1))),"median", MEDIAN(INDIRECT(ADDRESS(0+3,BG$2+1,,,"Instances") & ":" & ADDRESS(0+3,BG$2+1))),"min", MIN(INDIRECT(ADDRESS(0+3,BG$2+1,,,"Instances") & ":" & ADDRESS(0+3,BG$2+1))),"max", MAX(INDIRECT(ADDRESS(0+3,BG$2+1,,,"Instances") & ":" & ADDRESS(0+3,BG$2+1))),"diff", MAX(INDIRECT(ADDRESS(0+3,BG$2+1,,,"Instances") & ":" & ADDRESS(0+3,BG$2+1)))-MIN(INDIRECT(ADDRESS(0+3,BG$2+1,,,"Instances") & ":" & ADDRESS(0+3,BG$2+1))))} -> 0 | BH5: =IFERROR(SMALL(BG5:BG343,ROW()-ROW($BH$5)+1),"") -> 0 | BJ5: =IFERROR(SUM(BH5:BH5),"") -> 0 | BK5: {=_xlfn.SWITCH(Charts!$B$3,"average", AVERAGE(INDIRECT(ADDRESS(0+3,BK$2+1,,,"Instances") & ":" & ADDRESS(0+3,BK$2+1))),"median", MEDIAN(INDIRECT(ADDRESS(0+3,BK$2+1,,,"Instances") & ":" & ADDRESS(0+3,BK$2+1))),"min", MIN(INDIRECT(ADDRESS(0+3,BK$2+1,,,"Instances") & ":" & ADDRESS(0+3,BK$2+1))),"max", MAX(INDIRECT(ADDRESS(0+3,BK$2+1,,,"Instances") & ":" & ADDRESS(0+3,BK$2+1))),"diff", MAX(INDIRECT(ADDRESS(0+3,BK$2+1,,,"Instances") & ":" & ADDRESS(0+3,BK$2+1)))-MIN(INDIRECT(ADDRESS(0+3,BK$2+1,,,"Instances") & ":" & ADDRESS(0+3,BK$2+1))))} -> 0 | BL5: =IFERROR(SMALL(BK5:BK343,ROW()-ROW($BL$5)+1),"") -> 0 | BN5: =IFERROR(SUM(BL5:BL5),"") -> 0 | BO5: {=_xlfn.SWITCH(Charts!$B$3,"average", AVERAGE(INDIRECT(ADDRESS(0+3,BO$2+1,,,"Instances") & ":" & ADDRESS(0+3,BO$2+1))),"median", MEDIAN(INDIRECT(ADDRESS(0+3,BO$2+1,,,"Instances") & ":" & ADDRESS(0+3,BO$2+1))),"min", MIN(INDIRECT(ADDRESS(0+3,BO$2+1,,,"Instances") & ":" & ADDRESS(0+3,BO$2+1))),"max", MAX(INDIRECT(ADDRESS(0+3,BO$2+1,,,"Instances") & ":" & ADDRESS(0+3,BO$2+1))),"diff", MAX(INDIRECT(ADDRESS(0+3,BO$2+1,,,"Instances") & ":" & ADDRESS(0+3,BO$2+1)))-MIN(INDIRECT(ADDRESS(0+3,BO$2+1,,,"Instances") & ":" & ADDRESS(0+3,BO$2+1))))} -> 0 | BP5: =IFERROR(SMALL(BO5:BO343,ROW()-ROW($BP$5)+1),"") -> 0 | BR5: =IFERROR(SUM(BP5:BP5),"") -> 0 | BU5: =IF(Charts!$B$3="none",E1707,IF(AM1707="",NA(),AM1707)) -> 0 | BV5: =IF(Charts!$B$3="none",F1707,IF(AN1707="",NA(),AN1707)) -> 0 | BW5: =IF(Charts!$B$3="none",G1707,IF(AO1707="",NA(),AO1707)) -> 0 | BX5: =IF(Charts!$B$3="none",H1707,IF(AP1707="",NA(),AP1707)) -> 0 | BY5: =IF(Charts!$B$3="none",I1707,IF(AQ1707="",NA(),AQ1707)) -> 0 | BZ5: =IF(Charts!$B$3="none",J1707,IF(AR1707="",NA(),AR1707)) -> 0 | CA5: =IF(Charts!$B$3="none",K1707,IF(AS1707="",NA(),AS1707)) -> 0 | CB5: =IF(Charts!$B$3="none",L1707,IF(AT1707="",NA(),AT1707)) -> 0 | ... CZ5: =IF(Charts!$B$3="none",AJ1707,IF(BR1707="",NA(),BR1707)) -> 0
D6: 2 | E6: =IF(INDIRECT(ADDRESS($D6+2,E$2+1,,,"Instances"))="","",INDIRECT(ADDRESS($D6+2,E$2+1,,,"Instances"))) -> 0 | F6: =IFERROR(SMALL(E5:E343,ROW()-ROW($F$5)+1),"") -> 0 | H6: =IFERROR(SUM(F5:F6),"") -> 0 | I6: =IF(INDIRECT(ADDRESS($D6+2,I$2+1,,,"Instances"))="","",INDIRECT(ADDRESS($D6+2,I$2+1,,,"Instances"))) -> 0 | J6: =IFERROR(SMALL(I5:I343,ROW()-ROW($J$5)+1),"") -> 0 | L6: =IFERROR(SUM(J5:J6),"") -> 0 | M6: =IF(INDIRECT(ADDRESS($D6+2,M$2+1,,,"Instances"))="","",INDIRECT(ADDRESS($D6+2,M$2+1,,,"Instances"))) -> 0 | N6: =IFERROR(SMALL(M5:M343,ROW()-ROW($N$5)+1),"") -> 0 | P6: =IFERROR(SUM(N5:N6),"") -> 0 | Q6: =IF(INDIRECT(ADDRESS($D6+2,Q$2+1,,,"Instances"))="","",INDIRECT(ADDRESS($D6+2,Q$2+1,,,"Instances"))) -> 0 | R6: =IFERROR(SMALL(Q5:Q343,ROW()-ROW($R$5)+1),"") -> 0 | T6: =IFERROR(SUM(R5:R6),"") -> 0 | U6: =IF(INDIRECT(ADDRESS($D6+2,U$2+1,,,"Instances"))="","",INDIRECT(ADDRESS($D6+2,U$2+1,,,"Instances"))) -> 0 | V6: =IFERROR(SMALL(U5:U343,ROW()-ROW($V$5)+1),"") -> 0 | X6: =IFERROR(SUM(V5:V6),"") -> 0 | Y6: =IF(INDIRECT(ADDRESS($D6+2,Y$2+1,,,"Instances"))="","",INDIRECT(ADDRESS($D6+2,Y$2+1,,,"Instances"))) -> 0 | Z6: =IFERROR(SMALL(Y5:Y343,ROW()-ROW($Z$5)+1),"") -> 0 | AB6: =IFERROR(SUM(Z5:Z6),"") -> 0 | AC6: =IF(INDIRECT(ADDRESS($D6+2,AC$2+1,,,"Instances"))="","",INDIRECT(ADDRESS($D6+2,AC$2+1,,,"Instances"))) -> 0 | AD6: =IFERROR(SMALL(AC5:AC343,ROW()-ROW($AD$5)+1),"") -> 0 | AF6: =IFERROR(SUM(AD5:AD6),"") -> 0 | AG6: =IF(INDIRECT(ADDRESS($D6+2,AG$2+1,,,"Instances"))="","",INDIRECT(ADDRESS($D6+2,AG$2+1,,,"Instances"))) -> 0 | AH6: =IFERROR(SMALL(AG5:AG343,ROW()-ROW($AH$5)+1),"") -> 0 | AJ6: =IFERROR(SUM(AH5:AH6),"") -> 0 | AL6: 2 | AM6: {=_xlfn.SWITCH(Charts!$B$3,"average", AVERAGE(INDIRECT(ADDRESS(1+3,AM$2+1,,,"Instances") & ":" & ADDRESS(1+3,AM$2+1))),"median", MEDIAN(INDIRECT(ADDRESS(1+3,AM$2+1,,,"Instances") & ":" & ADDRESS(1+3,AM$2+1))),"min", MIN(INDIRECT(ADDRESS(1+3,AM$2+1,,,"Instances") & ":" & ADDRESS(1+3,AM$2+1))),"max", MAX(INDIRECT(ADDRESS(1+3,AM$2+1,,,"Instances") & ":" & ADDRESS(1+3,AM$2+1))),"diff", MAX(INDIRECT(ADDRESS(1+3,AM$2+1,,,"Instances") & ":" & ADDRESS(1+3,AM$2+1)))-MIN(INDIRECT(ADDRESS(1+3,AM$2+1,,,"Instances") & ":" & ADDRESS(1+3,AM$2+1))))} -> 0 | AN6: =IFERROR(SMALL(AM5:AM343,ROW()-ROW($AN$5)+1),"") -> 0 | AP6: =IFERROR(SUM(AN5:AN6),"") -> 0 | AQ6: {=_xlfn.SWITCH(Charts!$B$3,"average", AVERAGE(INDIRECT(ADDRESS(1+3,AQ$2+1,,,"Instances") & ":" & ADDRESS(1+3,AQ$2+1))),"median", MEDIAN(INDIRECT(ADDRESS(1+3,AQ$2+1,,,"Instances") & ":" & ADDRESS(1+3,AQ$2+1))),"min", MIN(INDIRECT(ADDRESS(1+3,AQ$2+1,,,"Instances") & ":" & ADDRESS(1+3,AQ$2+1))),"max", MAX(INDIRECT(ADDRESS(1+3,AQ$2+1,,,"Instances") & ":" & ADDRESS(1+3,AQ$2+1))),"diff", MAX(INDIRECT(ADDRESS(1+3,AQ$2+1,,,"Instances") & ":" & ADDRESS(1+3,AQ$2+1)))-MIN(INDIRECT(ADDRESS(1+3,AQ$2+1,,,"Instances") & ":" & ADDRESS(1+3,AQ$2+1))))} -> 0 | AR6: =IFERROR(SMALL(AQ5:AQ343,ROW()-ROW($AR$5)+1),"") -> 0 | AT6: =IFERROR(SUM(AR5:AR6),"") -> 0 | AU6: {=_xlfn.SWITCH(Charts!$B$3,"average", AVERAGE(INDIRECT(ADDRESS(1+3,AU$2+1,,,"Instances") & ":" & ADDRESS(1+3,AU$2+1))),"median", MEDIAN(INDIRECT(ADDRESS(1+3,AU$2+1,,,"Instances") & ":" & ADDRESS(1+3,AU$2+1))),"min", MIN(INDIRECT(ADDRESS(1+3,AU$2+1,,,"Instances") & ":" & ADDRESS(1+3,AU$2+1))),"max", MAX(INDIRECT(ADDRESS(1+3,AU$2+1,,,"Instances") & ":" & ADDRESS(1+3,AU$2+1))),"diff", MAX(INDIRECT(ADDRESS(1+3,AU$2+1,,,"Instances") & ":" & ADDRESS(1+3,AU$2+1)))-MIN(INDIRECT(ADDRESS(1+3,AU$2+1,,,"Instances") & ":" & ADDRESS(1+3,AU$2+1))))} -> 0 | AV6: =IFERROR(SMALL(AU5:AU343,ROW()-ROW($AV$5)+1),"") -> 0 | AX6: =IFERROR(SUM(AV5:AV6),"") -> 0 | AY6: {=_xlfn.SWITCH(Charts!$B$3,"average", AVERAGE(INDIRECT(ADDRESS(1+3,AY$2+1,,,"Instances") & ":" & ADDRESS(1+3,AY$2+1))),"median", MEDIAN(INDIRECT(ADDRESS(1+3,AY$2+1,,,"Instances") & ":" & ADDRESS(1+3,AY$2+1))),"min", MIN(INDIRECT(ADDRESS(1+3,AY$2+1,,,"Instances") & ":" & ADDRESS(1+3,AY$2+1))),"max", MAX(INDIRECT(ADDRESS(1+3,AY$2+1,,,"Instances") & ":" & ADDRESS(1+3,AY$2+1))),"diff", MAX(INDIRECT(ADDRESS(1+3,AY$2+1,,,"Instances") & ":" & ADDRESS(1+3,AY$2+1)))-MIN(INDIRECT(ADDRESS(1+3,AY$2+1,,,"Instances") & ":" & ADDRESS(1+3,AY$2+1))))} -> 0 | AZ6: =IFERROR(SMALL(AY5:AY343,ROW()-ROW($AZ$5)+1),"") -> 0 | BB6: =IFERROR(SUM(AZ5:AZ6),"") -> 0 | BC6: {=_xlfn.SWITCH(Charts!$B$3,"average", AVERAGE(INDIRECT(ADDRESS(1+3,BC$2+1,,,"Instances") & ":" & ADDRESS(1+3,BC$2+1))),"median", MEDIAN(INDIRECT(ADDRESS(1+3,BC$2+1,,,"Instances") & ":" & ADDRESS(1+3,BC$2+1))),"min", MIN(INDIRECT(ADDRESS(1+3,BC$2+1,,,"Instances") & ":" & ADDRESS(1+3,BC$2+1))),"max", MAX(INDIRECT(ADDRESS(1+3,BC$2+1,,,"Instances") & ":" & ADDRESS(1+3,BC$2+1))),"diff", MAX(INDIRECT(ADDRESS(1+3,BC$2+1,,,"Instances") & ":" & ADDRESS(1+3,BC$2+1)))-MIN(INDIRECT(ADDRESS(1+3,BC$2+1,,,"Instances") & ":" & ADDRESS(1+3,BC$2+1))))} -> 0 | BD6: =IFERROR(SMALL(BC5:BC343,ROW()-ROW($BD$5)+1),"") -> 0 | BF6: =IFERROR(SUM(BD5:BD6),"") -> 0 | BG6: {=_xlfn.SWITCH(Charts!$B$3,"average", AVERAGE(INDIRECT(ADDRESS(1+3,BG$2+1,,,"Instances") & ":" & ADDRESS(1+3,BG$2+1))),"median", MEDIAN(INDIRECT(ADDRESS(1+3,BG$2+1,,,"Instances") & ":" & ADDRESS(1+3,BG$2+1))),"min", MIN(INDIRECT(ADDRESS(1+3,BG$2+1,,,"Instances") & ":" & ADDRESS(1+3,BG$2+1))),"max", MAX(INDIRECT(ADDRESS(1+3,BG$2+1,,,"Instances") & ":" & ADDRESS(1+3,BG$2+1))),"diff", MAX(INDIRECT(ADDRESS(1+3,BG$2+1,,,"Instances") & ":" & ADDRESS(1+3,BG$2+1)))-MIN(INDIRECT(ADDRESS(1+3,BG$2+1,,,"Instances") & ":" & ADDRESS(1+3,BG$2+1))))} -> 0 | BH6: =IFERROR(SMALL(BG5:BG343,ROW()-ROW($BH$5)+1),"") -> 0 | BJ6: =IFERROR(SUM(BH5:BH6),"") -> 0 | BK6: {=_xlfn.SWITCH(Charts!$B$3,"average", AVERAGE(INDIRECT(ADDRESS(1+3,BK$2+1,,,"Instances") & ":" & ADDRESS(1+3,BK$2+1))),"median", MEDIAN(INDIRECT(ADDRESS(1+3,BK$2+1,,,"Instances") & ":" & ADDRESS(1+3,BK$2+1))),"min", MIN(INDIRECT(ADDRESS(1+3,BK$2+1,,,"Instances") & ":" & ADDRESS(1+3,BK$2+1))),"max", MAX(INDIRECT(ADDRESS(1+3,BK$2+1,,,"Instances") & ":" & ADDRESS(1+3,BK$2+1))),"diff", MAX(INDIRECT(ADDRESS(1+3,BK$2+1,,,"Instances") & ":" & ADDRESS(1+3,BK$2+1)))-MIN(INDIRECT(ADDRESS(1+3,BK$2+1,,,"Instances") & ":" & ADDRESS(1+3,BK$2+1))))} -> 0 | BL6: =IFERROR(SMALL(BK5:BK343,ROW()-ROW($BL$5)+1),"") -> 0 | BN6: =IFERROR(SUM(BL5:BL6),"") -> 0 | BO6: {=_xlfn.SWITCH(Charts!$B$3,"average", AVERAGE(INDIRECT(ADDRESS(1+3,BO$2+1,,,"Instances") & ":" & ADDRESS(1+3,BO$2+1))),"median", MEDIAN(INDIRECT(ADDRESS(1+3,BO$2+1,,,"Instances") & ":" & ADDRESS(1+3,BO$2+1))),"min", MIN(INDIRECT(ADDRESS(1+3,BO$2+1,,,"Instances") & ":" & ADDRESS(1+3,BO$2+1))),"max", MAX(INDIRECT(ADDRESS(1+3,BO$2+1,,,"Instances") & ":" & ADDRESS(1+3,BO$2+1))),"diff", MAX(INDIRECT(ADDRESS(1+3,BO$2+1,,,"Instances") & ":" & ADDRESS(1+3,BO$2+1)))-MIN(INDIRECT(ADDRESS(1+3,BO$2+1,,,"Instances") & ":" & ADDRESS(1+3,BO$2+1))))} -> 0 | BP6: =IFERROR(SMALL(BO5:BO343,ROW()-ROW($BP$5)+1),"") -> 0 | BR6: =IFERROR(SUM(BP5:BP6),"") -> 0 | BU6: =IF(Charts!$B$3="none",E1708,IF(AM1708="",NA(),AM1708)) -> 0 | BV6: =IF(Charts!$B$3="none",F1708,IF(AN1708="",NA(),AN1708)) -> 0 | BW6: =IF(Charts!$B$3="none",G1708,IF(AO1708="",NA(),AO1708)) -> 0 | BX6: =IF(Charts!$B$3="none",H1708,IF(AP1708="",NA(),AP1708)) -> 0 | BY6: =IF(Charts!$B$3="none",I1708,IF(AQ1708="",NA(),AQ1708)) -> 0 | BZ6: =IF(Charts!$B$3="none",J1708,IF(AR1708="",NA(),AR1708)) -> 0 | CA6: =IF(Charts!$B$3="none",K1708,IF(AS1708="",NA(),AS1708)) -> 0 | CB6: =IF(Charts!$B$3="none",L1708,IF(AT1708="",NA(),AT1708)) -> 0 | ... CZ6: =IF(Charts!$B$3="none",AJ1708,IF(BR1708="",NA(),BR1708)) -> 0
D7: 3 | E7: =IF(INDIRECT(ADDRESS($D7+2,E$2+1,,,"Instances"))="","",INDIRECT(ADDRESS($D7+2,E$2+1,,,"Instances"))) -> 0 | F7: =IFERROR(SMALL(E5:E343,ROW()-ROW($F$5)+1),"") -> 0 | H7: =IFERROR(SUM(F5:F7),"") -> 0 | I7: =IF(INDIRECT(ADDRESS($D7+2,I$2+1,,,"Instances"))="","",INDIRECT(ADDRESS($D7+2,I$2+1,,,"Instances"))) -> 0 | J7: =IFERROR(SMALL(I5:I343,ROW()-ROW($J$5)+1),"") -> 0 | L7: =IFERROR(SUM(J5:J7),"") -> 0 | M7: =IF(INDIRECT(ADDRESS($D7+2,M$2+1,,,"Instances"))="","",INDIRECT(ADDRESS($D7+2,M$2+1,,,"Instances"))) -> 0 | N7: =IFERROR(SMALL(M5:M343,ROW()-ROW($N$5)+1),"") -> 0 | P7: =IFERROR(SUM(N5:N7),"") -> 0 | Q7: =IF(INDIRECT(ADDRESS($D7+2,Q$2+1,,,"Instances"))="","",INDIRECT(ADDRESS($D7+2,Q$2+1,,,"Instances"))) -> 0 | R7: =IFERROR(SMALL(Q5:Q343,ROW()-ROW($R$5)+1),"") -> 0 | T7: =IFERROR(SUM(R5:R7),"") -> 0 | U7: =IF(INDIRECT(ADDRESS($D7+2,U$2+1,,,"Instances"))="","",INDIRECT(ADDRESS($D7+2,U$2+1,,,"Instances"))) -> 0 | V7: =IFERROR(SMALL(U5:U343,ROW()-ROW($V$5)+1),"") -> 0 | X7: =IFERROR(SUM(V5:V7),"") -> 0 | Y7: =IF(INDIRECT(ADDRESS($D7+2,Y$2+1,,,"Instances"))="","",INDIRECT(ADDRESS($D7+2,Y$2+1,,,"Instances"))) -> 0 | Z7: =IFERROR(SMALL(Y5:Y343,ROW()-ROW($Z$5)+1),"") -> 0 | AB7: =IFERROR(SUM(Z5:Z7),"") -> 0 | AC7: =IF(INDIRECT(ADDRESS($D7+2,AC$2+1,,,"Instances"))="","",INDIRECT(ADDRESS($D7+2,AC$2+1,,,"Instances"))) -> 0 | AD7: =IFERROR(SMALL(AC5:AC343,ROW()-ROW($AD$5)+1),"") -> 0 | AF7: =IFERROR(SUM(AD5:AD7),"") -> 0 | AG7: =IF(INDIRECT(ADDRESS($D7+2,AG$2+1,,,"Instances"))="","",INDIRECT(ADDRESS($D7+2,AG$2+1,,,"Instances"))) -> 0 | AH7: =IFERROR(SMALL(AG5:AG343,ROW()-ROW($AH$5)+1),"") -> 0 | AJ7: =IFERROR(SUM(AH5:AH7),"") -> 0 | AL7: 3 | AM7: {=_xlfn.SWITCH(Charts!$B$3,"average", AVERAGE(INDIRECT(ADDRESS(2+3,AM$2+1,,,"Instances") & ":" & ADDRESS(2+3,AM$2+1))),"median", MEDIAN(INDIRECT(ADDRESS(2+3,AM$2+1,,,"Instances") & ":" & ADDRESS(2+3,AM$2+1))),"min", MIN(INDIRECT(ADDRESS(2+3,AM$2+1,,,"Instances") & ":" & ADDRESS(2+3,AM$2+1))),"max", MAX(INDIRECT(ADDRESS(2+3,AM$2+1,,,"Instances") & ":" & ADDRESS(2+3,AM$2+1))),"diff", MAX(INDIRECT(ADDRESS(2+3,AM$2+1,,,"Instances") & ":" & ADDRESS(2+3,AM$2+1)))-MIN(INDIRECT(ADDRESS(2+3,AM$2+1,,,"Instances") & ":" & ADDRESS(2+3,AM$2+1))))} -> 0 | AN7: =IFERROR(SMALL(AM5:AM343,ROW()-ROW($AN$5)+1),"") -> 0 | AP7: =IFERROR(SUM(AN5:AN7),"") -> 0 | AQ7: {=_xlfn.SWITCH(Charts!$B$3,"average", AVERAGE(INDIRECT(ADDRESS(2+3,AQ$2+1,,,"Instances") & ":" & ADDRESS(2+3,AQ$2+1))),"median", MEDIAN(INDIRECT(ADDRESS(2+3,AQ$2+1,,,"Instances") & ":" & ADDRESS(2+3,AQ$2+1))),"min", MIN(INDIRECT(ADDRESS(2+3,AQ$2+1,,,"Instances") & ":" & ADDRESS(2+3,AQ$2+1))),"max", MAX(INDIRECT(ADDRESS(2+3,AQ$2+1,,,"Instances") & ":" & ADDRESS(2+3,AQ$2+1))),"diff", MAX(INDIRECT(ADDRESS(2+3,AQ$2+1,,,"Instances") & ":" & ADDRESS(2+3,AQ$2+1)))-MIN(INDIRECT(ADDRESS(2+3,AQ$2+1,,,"Instances") & ":" & ADDRESS(2+3,AQ$2+1))))} -> 0 | AR7: =IFERROR(SMALL(AQ5:AQ343,ROW()-ROW($AR$5)+1),"") -> 0 | AT7: =IFERROR(SUM(AR5:AR7),"") -> 0 | AU7: {=_xlfn.SWITCH(Charts!$B$3,"average", AVERAGE(INDIRECT(ADDRESS(2+3,AU$2+1,,,"Instances") & ":" & ADDRESS(2+3,AU$2+1))),"median", MEDIAN(INDIRECT(ADDRESS(2+3,AU$2+1,,,"Instances") & ":" & ADDRESS(2+3,AU$2+1))),"min", MIN(INDIRECT(ADDRESS(2+3,AU$2+1,,,"Instances") & ":" & ADDRESS(2+3,AU$2+1))),"max", MAX(INDIRECT(ADDRESS(2+3,AU$2+1,,,"Instances") & ":" & ADDRESS(2+3,AU$2+1))),"diff", MAX(INDIRECT(ADDRESS(2+3,AU$2+1,,,"Instances") & ":" & ADDRESS(2+3,AU$2+1)))-MIN(INDIRECT(ADDRESS(2+3,AU$2+1,,,"Instances") & ":" & ADDRESS(2+3,AU$2+1))))} -> 0 | AV7: =IFERROR(SMALL(AU5:AU343,ROW()-ROW($AV$5)+1),"") -> 0 | AX7: =IFERROR(SUM(AV5:AV7),"") -> 0 | AY7: {=_xlfn.SWITCH(Charts!$B$3,"average", AVERAGE(INDIRECT(ADDRESS(2+3,AY$2+1,,,"Instances") & ":" & ADDRESS(2+3,AY$2+1))),"median", MEDIAN(INDIRECT(ADDRESS(2+3,AY$2+1,,,"Instances") & ":" & ADDRESS(2+3,AY$2+1))),"min", MIN(INDIRECT(ADDRESS(2+3,AY$2+1,,,"Instances") & ":" & ADDRESS(2+3,AY$2+1))),"max", MAX(INDIRECT(ADDRESS(2+3,AY$2+1,,,"Instances") & ":" & ADDRESS(2+3,AY$2+1))),"diff", MAX(INDIRECT(ADDRESS(2+3,AY$2+1,,,"Instances") & ":" & ADDRESS(2+3,AY$2+1)))-MIN(INDIRECT(ADDRESS(2+3,AY$2+1,,,"Instances") & ":" & ADDRESS(2+3,AY$2+1))))} -> 0 | AZ7: =IFERROR(SMALL(AY5:AY343,ROW()-ROW($AZ$5)+1),"") -> 0 | BB7: =IFERROR(SUM(AZ5:AZ7),"") -> 0 | BC7: {=_xlfn.SWITCH(Charts!$B$3,"average", AVERAGE(INDIRECT(ADDRESS(2+3,BC$2+1,,,"Instances") & ":" & ADDRESS(2+3,BC$2+1))),"median", MEDIAN(INDIRECT(ADDRESS(2+3,BC$2+1,,,"Instances") & ":" & ADDRESS(2+3,BC$2+1))),"min", MIN(INDIRECT(ADDRESS(2+3,BC$2+1,,,"Instances") & ":" & ADDRESS(2+3,BC$2+1))),"max", MAX(INDIRECT(ADDRESS(2+3,BC$2+1,,,"Instances") & ":" & ADDRESS(2+3,BC$2+1))),"diff", MAX(INDIRECT(ADDRESS(2+3,BC$2+1,,,"Instances") & ":" & ADDRESS(2+3,BC$2+1)))-MIN(INDIRECT(ADDRESS(2+3,BC$2+1,,,"Instances") & ":" & ADDRESS(2+3,BC$2+1))))} -> 0 | BD7: =IFERROR(SMALL(BC5:BC343,ROW()-ROW($BD$5)+1),"") -> 0 | BF7: =IFERROR(SUM(BD5:BD7),"") -> 0 | BG7: {=_xlfn.SWITCH(Charts!$B$3,"average", AVERAGE(INDIRECT(ADDRESS(2+3,BG$2+1,,,"Instances") & ":" & ADDRESS(2+3,BG$2+1))),"median", MEDIAN(INDIRECT(ADDRESS(2+3,BG$2+1,,,"Instances") & ":" & ADDRESS(2+3,BG$2+1))),"min", MIN(INDIRECT(ADDRESS(2+3,BG$2+1,,,"Instances") & ":" & ADDRESS(2+3,BG$2+1))),"max", MAX(INDIRECT(ADDRESS(2+3,BG$2+1,,,"Instances") & ":" & ADDRESS(2+3,BG$2+1))),"diff", MAX(INDIRECT(ADDRESS(2+3,BG$2+1,,,"Instances") & ":" & ADDRESS(2+3,BG$2+1)))-MIN(INDIRECT(ADDRESS(2+3,BG$2+1,,,"Instances") & ":" & ADDRESS(2+3,BG$2+1))))} -> 0 | BH7: =IFERROR(SMALL(BG5:BG343,ROW()-ROW($BH$5)+1),"") -> 0 | BJ7: =IFERROR(SUM(BH5:BH7),"") -> 0 | BK7: {=_xlfn.SWITCH(Charts!$B$3,"average", AVERAGE(INDIRECT(ADDRESS(2+3,BK$2+1,,,"Instances") & ":" & ADDRESS(2+3,BK$2+1))),"median", MEDIAN(INDIRECT(ADDRESS(2+3,BK$2+1,,,"Instances") & ":" & ADDRESS(2+3,BK$2+1))),"min", MIN(INDIRECT(ADDRESS(2+3,BK$2+1,,,"Instances") & ":" & ADDRESS(2+3,BK$2+1))),"max", MAX(INDIRECT(ADDRESS(2+3,BK$2+1,,,"Instances") & ":" & ADDRESS(2+3,BK$2+1))),"diff", MAX(INDIRECT(ADDRESS(2+3,BK$2+1,,,"Instances") & ":" & ADDRESS(2+3,BK$2+1)))-MIN(INDIRECT(ADDRESS(2+3,BK$2+1,,,"Instances") & ":" & ADDRESS(2+3,BK$2+1))))} -> 0 | BL7: =IFERROR(SMALL(BK5:BK343,ROW()-ROW($BL$5)+1),"") -> 0 | BN7: =IFERROR(SUM(BL5:BL7),"") -> 0 | BO7: {=_xlfn.SWITCH(Charts!$B$3,"average", AVERAGE(INDIRECT(ADDRESS(2+3,BO$2+1,,,"Instances") & ":" & ADDRESS(2+3,BO$2+1))),"median", MEDIAN(INDIRECT(ADDRESS(2+3,BO$2+1,,,"Instances") & ":" & ADDRESS(2+3,BO$2+1))),"min", MIN(INDIRECT(ADDRESS(2+3,BO$2+1,,,"Instances") & ":" & ADDRESS(2+3,BO$2+1))),"max", MAX(INDIRECT(ADDRESS(2+3,BO$2+1,,,"Instances") & ":" & ADDRESS(2+3,BO$2+1))),"diff", MAX(INDIRECT(ADDRESS(2+3,BO$2+1,,,"Instances") & ":" & ADDRESS(2+3,BO$2+1)))-MIN(INDIRECT(ADDRESS(2+3,BO$2+1,,,"Instances") & ":" & ADDRESS(2+3,BO$2+1))))} -> 0 | BP7: =IFERROR(SMALL(BO5:BO343,ROW()-ROW($BP$5)+1),"") -> 0 | BR7: =IFERROR(SUM(BP5:BP7),"") -> 0 | BU7: =IF(Charts!$B$3="none",E1709,IF(AM1709="",NA(),AM1709)) -> 0 | BV7: =IF(Charts!$B$3="none",F1709,IF(AN1709="",NA(),AN1709)) -> 0 | BW7: =IF(Charts!$B$3="none",G1709,IF(AO1709="",NA(),AO1709)) -> 0 | BX7: =IF(Charts!$B$3="none",H1709,IF(AP1709="",NA(),AP1709)) -> 0 | BY7: =IF(Charts!$B$3="none",I1709,IF(AQ1709="",NA(),AQ1709)) -> 0 | BZ7: =IF(Charts!$B$3="none",J1709,IF(AR1709="",NA(),AR1709)) -> 0 | CA7: =IF(Charts!$B$3="none",K1709,IF(AS1709="",NA(),AS1709)) -> 0 | CB7: =IF(Charts!$B$3="none",L1709,IF(AT1709="",NA(),AT1709)) -> 0 | ... CZ7: =IF(Charts!$B$3="none",AJ1709,IF(BR1709="",NA(),BR1709)) -> 0
D8: 4 | E8: =IF(INDIRECT(ADDRESS($D8+2,E$2+1,,,"Instances"))="","",INDIRECT(ADDRESS($D8+2,E$2+1,,,"Instances"))) -> 0 | F8: =IFERROR(SMALL(E5:E343,ROW()-ROW($F$5)+1),"") -> 0 | H8: =IFERROR(SUM(F5:F8),"") -> 0 | I8: =IF(INDIRECT(ADDRESS($D8+2,I$2+1,,,"Instances"))="","",INDIRECT(ADDRESS($D8+2,I$2+1,,,"Instances"))) -> 0 | J8: =IFERROR(SMALL(I5:I343,ROW()-ROW($J$5)+1),"") -> 0 | L8: =IFERROR(SUM(J5:J8),"") -> 0 | M8: =IF(INDIRECT(ADDRESS($D8+2,M$2+1,,,"Instances"))="","",INDIRECT(ADDRESS($D8+2,M$2+1,,,"Instances"))) -> 0 | N8: =IFERROR(SMALL(M5:M343,ROW()-ROW($N$5)+1),"") -> 0 | P8: =IFERROR(SUM(N5:N8),"") -> 0 | Q8: =IF(INDIRECT(ADDRESS($D8+2,Q$2+1,,,"Instances"))="","",INDIRECT(ADDRESS($D8+2,Q$2+1,,,"Instances"))) -> 0 | R8: =IFERROR(SMALL(Q5:Q343,ROW()-ROW($R$5)+1),"") -> 0 | T8: =IFERROR(SUM(R5:R8),"") -> 0 | U8: =IF(INDIRECT(ADDRESS($D8+2,U$2+1,,,"Instances"))="","",INDIRECT(ADDRESS($D8+2,U$2+1,,,"Instances"))) -> 0 | V8: =IFERROR(SMALL(U5:U343,ROW()-ROW($V$5)+1),"") -> 0 | X8: =IFERROR(SUM(V5:V8),"") -> 0 | Y8: =IF(INDIRECT(ADDRESS($D8+2,Y$2+1,,,"Instances"))="","",INDIRECT(ADDRESS($D8+2,Y$2+1,,,"Instances"))) -> 0 | Z8: =IFERROR(SMALL(Y5:Y343,ROW()-ROW($Z$5)+1),"") -> 0 | AB8: =IFERROR(SUM(Z5:Z8),"") -> 0 | AC8: =IF(INDIRECT(ADDRESS($D8+2,AC$2+1,,,"Instances"))="","",INDIRECT(ADDRESS($D8+2,AC$2+1,,,"Instances"))) -> 0 | AD8: =IFERROR(SMALL(AC5:AC343,ROW()-ROW($AD$5)+1),"") -> 0 | AF8: =IFERROR(SUM(AD5:AD8),"") -> 0 | AG8: =IF(INDIRECT(ADDRESS($D8+2,AG$2+1,,,"Instances"))="","",INDIRECT(ADDRESS($D8+2,AG$2+1,,,"Instances"))) -> 0 | AH8: =IFERROR(SMALL(AG5:AG343,ROW()-ROW($AH$5)+1),"") -> 0 | AJ8: =IFERROR(SUM(AH5:AH8),"") -> 0 | AL8: 4 | AM8: {=_xlfn.SWITCH(Charts!$B$3,"average", AVERAGE(INDIRECT(ADDRESS(3+3,AM$2+1,,,"Instances") & ":" & ADDRESS(3+3,AM$2+1))),"median", MEDIAN(INDIRECT(ADDRESS(3+3,AM$2+1,,,"Instances") & ":" & ADDRESS(3+3,AM$2+1))),"min", MIN(INDIRECT(ADDRESS(3+3,AM$2+1,,,"Instances") & ":" & ADDRESS(3+3,AM$2+1))),"max", MAX(INDIRECT(ADDRESS(3+3,AM$2+1,,,"Instances") & ":" & ADDRESS(3+3,AM$2+1))),"diff", MAX(INDIRECT(ADDRESS(3+3,AM$2+1,,,"Instances") & ":" & ADDRESS(3+3,AM$2+1)))-MIN(INDIRECT(ADDRESS(3+3,AM$2+1,,,"Instances") & ":" & ADDRESS(3+3,AM$2+1))))} -> 0 | AN8: =IFERROR(SMALL(AM5:AM343,ROW()-ROW($AN$5)+1),"") -> 0 | AP8: =IFERROR(SUM(AN5:AN8),"") -> 0 | AQ8: {=_xlfn.SWITCH(Charts!$B$3,"average", AVERAGE(INDIRECT(ADDRESS(3+3,AQ$2+1,,,"Instances") & ":" & ADDRESS(3+3,AQ$2+1))),"median", MEDIAN(INDIRECT(ADDRESS(3+3,AQ$2+1,,,"Instances") & ":" & ADDRESS(3+3,AQ$2+1))),"min", MIN(INDIRECT(ADDRESS(3+3,AQ$2+1,,,"Instances") & ":" & ADDRESS(3+3,AQ$2+1))),"max", MAX(INDIRECT(ADDRESS(3+3,AQ$2+1,,,"Instances") & ":" & ADDRESS(3+3,AQ$2+1))),"diff", MAX(INDIRECT(ADDRESS(3+3,AQ$2+1,,,"Instances") & ":" & ADDRESS(3+3,AQ$2+1)))-MIN(INDIRECT(ADDRESS(3+3,AQ$2+1,,,"Instances") & ":" & ADDRESS(3+3,AQ$2+1))))} -> 0 | AR8: =IFERROR(SMALL(AQ5:AQ343,ROW()-ROW($AR$5)+1),"") -> 0 | AT8: =IFERROR(SUM(AR5:AR8),"") -> 0 | AU8: {=_xlfn.SWITCH(Charts!$B$3,"average", AVERAGE(INDIRECT(ADDRESS(3+3,AU$2+1,,,"Instances") & ":" & ADDRESS(3+3,AU$2+1))),"median", MEDIAN(INDIRECT(ADDRESS(3+3,AU$2+1,,,"Instances") & ":" & ADDRESS(3+3,AU$2+1))),"min", MIN(INDIRECT(ADDRESS(3+3,AU$2+1,,,"Instances") & ":" & ADDRESS(3+3,AU$2+1))),"max", MAX(INDIRECT(ADDRESS(3+3,AU$2+1,,,"Instances") & ":" & ADDRESS(3+3,AU$2+1))),"diff", MAX(INDIRECT(ADDRESS(3+3,AU$2+1,,,"Instances") & ":" & ADDRESS(3+3,AU$2+1)))-MIN(INDIRECT(ADDRESS(3+3,AU$2+1,,,"Instances") & ":" & ADDRESS(3+3,AU$2+1))))} -> 0 | AV8: =IFERROR(SMALL(AU5:AU343,ROW()-ROW($AV$5)+1),"") -> 0 | AX8: =IFERROR(SUM(AV5:AV8),"") -> 0 | AY8: {=_xlfn.SWITCH(Charts!$B$3,"average", AVERAGE(INDIRECT(ADDRESS(3+3,AY$2+1,,,"Instances") & ":" & ADDRESS(3+3,AY$2+1))),"median", MEDIAN(INDIRECT(ADDRESS(3+3,AY$2+1,,,"Instances") & ":" & ADDRESS(3+3,AY$2+1))),"min", MIN(INDIRECT(ADDRESS(3+3,AY$2+1,,,"Instances") & ":" & ADDRESS(3+3,AY$2+1))),"max", MAX(INDIRECT(ADDRESS(3+3,AY$2+1,,,"Instances") & ":" & ADDRESS(3+3,AY$2+1))),"diff", MAX(INDIRECT(ADDRESS(3+3,AY$2+1,,,"Instances") & ":" & ADDRESS(3+3,AY$2+1)))-MIN(INDIRECT(ADDRESS(3+3,AY$2+1,,,"Instances") & ":" & ADDRESS(3+3,AY$2+1))))} -> 0 | AZ8: =IFERROR(SMALL(AY5:AY343,ROW()-ROW($AZ$5)+1),"") -> 0 | BB8: =IFERROR(SUM(AZ5:AZ8),"") -> 0 | BC8: {=_xlfn.SWITCH(Charts!$B$3,"average", AVERAGE(INDIRECT(ADDRESS(3+3,BC$2+1,,,"Instances") & ":" & ADDRESS(3+3,BC$2+1))),"median", MEDIAN(INDIRECT(ADDRESS(3+3,BC$2+1,,,"Instances") & ":" & ADDRESS(3+3,BC$2+1))),"min", MIN(INDIRECT(ADDRESS(3+3,BC$2+1,,,"Instances") & ":" & ADDRESS(3+3,BC$2+1))),"max", MAX(INDIRECT(ADDRESS(3+3,BC$2+1,,,"Instances") & ":" & ADDRESS(3+3,BC$2+1))),"diff", MAX(INDIRECT(ADDRESS(3+3,BC$2+1,,,"Instances") & ":" & ADDRESS(3+3,BC$2+1)))-MIN(INDIRECT(ADDRESS(3+3,BC$2+1,,,"Instances") & ":" & ADDRESS(3+3,BC$2+1))))} -> 0 | BD8: =IFERROR(SMALL(BC5:BC343,ROW()-ROW($BD$5)+1),"") -> 0 | BF8: =IFERROR(SUM(BD5:BD8),"") -> 0 | BG8: {=_xlfn.SWITCH(Charts!$B$3,"average", AVERAGE(INDIRECT(ADDRESS(3+3,BG$2+1,,,"Instances") & ":" & ADDRESS(3+3,BG$2+1))),"median", MEDIAN(INDIRECT(ADDRESS(3+3,BG$2+1,,,"Instances") & ":" & ADDRESS(3+3,BG$2+1))),"min", MIN(INDIRECT(ADDRESS(3+3,BG$2+1,,,"Instances") & ":" & ADDRESS(3+3,BG$2+1))),"max", MAX(INDIRECT(ADDRESS(3+3,BG$2+1,,,"Instances") & ":" & ADDRESS(3+3,BG$2+1))),"diff", MAX(INDIRECT(ADDRESS(3+3,BG$2+1,,,"Instances") & ":" & ADDRESS(3+3,BG$2+1)))-MIN(INDIRECT(ADDRESS(3+3,BG$2+1,,,"Instances") & ":" & ADDRESS(3+3,BG$2+1))))} -> 0 | BH8: =IFERROR(SMALL(BG5:BG343,ROW()-ROW($BH$5)+1),"") -> 0 | BJ8: =IFERROR(SUM(BH5:BH8),"") -> 0 | BK8: {=_xlfn.SWITCH(Charts!$B$3,"average", AVERAGE(INDIRECT(ADDRESS(3+3,BK$2+1,,,"Instances") & ":" & ADDRESS(3+3,BK$2+1))),"median", MEDIAN(INDIRECT(ADDRESS(3+3,BK$2+1,,,"Instances") & ":" & ADDRESS(3+3,BK$2+1))),"min", MIN(INDIRECT(ADDRESS(3+3,BK$2+1,,,"Instances") & ":" & ADDRESS(3+3,BK$2+1))),"max", MAX(INDIRECT(ADDRESS(3+3,BK$2+1,,,"Instances") & ":" & ADDRESS(3+3,BK$2+1))),"diff", MAX(INDIRECT(ADDRESS(3+3,BK$2+1,,,"Instances") & ":" & ADDRESS(3+3,BK$2+1)))-MIN(INDIRECT(ADDRESS(3+3,BK$2+1,,,"Instances") & ":" & ADDRESS(3+3,BK$2+1))))} -> 0 | BL8: =IFERROR(SMALL(BK5:BK343,ROW()-ROW($BL$5)+1),"") -> 0 | BN8: =IFERROR(SUM(BL5:BL8),"") -> 0 | BO8: {=_xlfn.SWITCH(Charts!$B$3,"average", AVERAGE(INDIRECT(ADDRESS(3+3,BO$2+1,,,"Instances") & ":" & ADDRESS(3+3,BO$2+1))),"median", MEDIAN(INDIRECT(ADDRESS(3+3,BO$2+1,,,"Instances") & ":" & ADDRESS(3+3,BO$2+1))),"min", MIN(INDIRECT(ADDRESS(3+3,BO$2+1,,,"Instances") & ":" & ADDRESS(3+3,BO$2+1))),"max", MAX(INDIRECT(ADDRESS(3+3,BO$2+1,,,"Instances") & ":" & ADDRESS(3+3,BO$2+1))),"diff", MAX(INDIRECT(ADDRESS(3+3,BO$2+1,,,"Instances") & ":" & ADDRESS(3+3,BO$2+1)))-MIN(INDIRECT(ADDRESS(3+3,BO$2+1,,,"Instances") & ":" & ADDRESS(3+3,BO$2+1))))} -> 0 | BP8: =IFERROR(SMALL(BO5:BO343,ROW()-ROW($BP$5)+1),"") -> 0 | BR8: =IFERROR(SUM(BP5:BP8),"") -> 0 | BU8: =IF(Charts!$B$3="none",E1710,IF(AM1710="",NA(),AM1710)) -> 0 | BV8: =IF(Charts!$B$3="none",F1710,IF(AN1710="",NA(),AN1710)) -> 0 | BW8: =IF(Charts!$B$3="none",G1710,IF(AO1710="",NA(),AO1710)) -> 0 | BX8: =IF(Charts!$B$3="none",H1710,IF(AP1710="",NA(),AP1710)) -> 0 | BY8: =IF(Charts!$B$3="none",I1710,IF(AQ1710="",NA(),AQ1710)) -> 0 | BZ8: =IF(Charts!$B$3="none",J1710,IF(AR1710="",NA(),AR1710)) -> 0 | CA8: =IF(Charts!$B$3="none",K1710,IF(AS1710="",NA(),AS1710)) -> 0 | CB8: =IF(Charts!$B$3="none",L1710,IF(AT1710="",NA(),AT1710)) -> 0 | ... CZ8: =IF(Charts!$B$3="none",AJ1710,IF(BR1710="",NA(),BR1710)) -> 0
D9: 5 | E9: =IF(INDIRECT(ADDRESS($D9+2,E$2+1,,,"Instances"))="","",INDIRECT(ADDRESS($D9+2,E$2+1,,,"Instances"))) -> 0 | F9: =IFERROR(SMALL(E5:E343,ROW()-ROW($F$5)+1),"") -> 0 | H9: =IFERROR(SUM(F5:F9),"") -> 0 | I9: =IF(INDIRECT(ADDRESS($D9+2,I$2+1,,,"Instances"))="","",INDIRECT(ADDRESS($D9+2,I$2+1,,,"Instances"))) -> 0 | J9: =IFERROR(SMALL(I5:I343,ROW()-ROW($J$5)+1),"") -> 0 | L9: =IFERROR(SUM(J5:J9),"") -> 0 | M9: =IF(INDIRECT(ADDRESS($D9+2,M$2+1,,,"Instances"))="","",INDIRECT(ADDRESS($D9+2,M$2+1,,,"Instances"))) -> 0 | N9: =IFERROR(SMALL(M5:M343,ROW()-ROW($N$5)+1),"") -> 0 | P9: =IFERROR(SUM(N5:N9),"") -> 0 | Q9: =IF(INDIRECT(ADDRESS($D9+2,Q$2+1,,,"Instances"))="","",INDIRECT(ADDRESS($D9+2,Q$2+1,,,"Instances"))) -> 0 | R9: =IFERROR(SMALL(Q5:Q343,ROW()-ROW($R$5)+1),"") -> 0 | T9: =IFERROR(SUM(R5:R9),"") -> 0 | U9: =IF(INDIRECT(ADDRESS($D9+2,U$2+1,,,"Instances"))="","",INDIRECT(ADDRESS($D9+2,U$2+1,,,"Instances"))) -> 0 | V9: =IFERROR(SMALL(U5:U343,ROW()-ROW($V$5)+1),"") -> 0 | X9: =IFERROR(SUM(V5:V9),"") -> 0 | Y9: =IF(INDIRECT(ADDRESS($D9+2,Y$2+1,,,"Instances"))="","",INDIRECT(ADDRESS($D9+2,Y$2+1,,,"Instances"))) -> 0 | Z9: =IFERROR(SMALL(Y5:Y343,ROW()-ROW($Z$5)+1),"") -> 0 | AB9: =IFERROR(SUM(Z5:Z9),"") -> 0 | AC9: =IF(INDIRECT(ADDRESS($D9+2,AC$2+1,,,"Instances"))="","",INDIRECT(ADDRESS($D9+2,AC$2+1,,,"Instances"))) -> 0 | AD9: =IFERROR(SMALL(AC5:AC343,ROW()-ROW($AD$5)+1),"") -> 0 | AF9: =IFERROR(SUM(AD5:AD9),"") -> 0 | AG9: =IF(INDIRECT(ADDRESS($D9+2,AG$2+1,,,"Instances"))="","",INDIRECT(ADDRESS($D9+2,AG$2+1,,,"Instances"))) -> 0 | AH9: =IFERROR(SMALL(AG5:AG343,ROW()-ROW($AH$5)+1),"") -> 0 | AJ9: =IFERROR(SUM(AH5:AH9),"") -> 0 | AL9: 5 | AM9: {=_xlfn.SWITCH(Charts!$B$3,"average", AVERAGE(INDIRECT(ADDRESS(4+3,AM$2+1,,,"Instances") & ":" & ADDRESS(4+3,AM$2+1))),"median", MEDIAN(INDIRECT(ADDRESS(4+3,AM$2+1,,,"Instances") & ":" & ADDRESS(4+3,AM$2+1))),"min", MIN(INDIRECT(ADDRESS(4+3,AM$2+1,,,"Instances") & ":" & ADDRESS(4+3,AM$2+1))),"max", MAX(INDIRECT(ADDRESS(4+3,AM$2+1,,,"Instances") & ":" & ADDRESS(4+3,AM$2+1))),"diff", MAX(INDIRECT(ADDRESS(4+3,AM$2+1,,,"Instances") & ":" & ADDRESS(4+3,AM$2+1)))-MIN(INDIRECT(ADDRESS(4+3,AM$2+1,,,"Instances") & ":" & ADDRESS(4+3,AM$2+1))))} -> 0 | AN9: =IFERROR(SMALL(AM5:AM343,ROW()-ROW($AN$5)+1),"") -> 0 | AP9: =IFERROR(SUM(AN5:AN9),"") -> 0 | AQ9: {=_xlfn.SWITCH(Charts!$B$3,"average", AVERAGE(INDIRECT(ADDRESS(4+3,AQ$2+1,,,"Instances") & ":" & ADDRESS(4+3,AQ$2+1))),"median", MEDIAN(INDIRECT(ADDRESS(4+3,AQ$2+1,,,"Instances") & ":" & ADDRESS(4+3,AQ$2+1))),"min", MIN(INDIRECT(ADDRESS(4+3,AQ$2+1,,,"Instances") & ":" & ADDRESS(4+3,AQ$2+1))),"max", MAX(INDIRECT(ADDRESS(4+3,AQ$2+1,,,"Instances") & ":" & ADDRESS(4+3,AQ$2+1))),"diff", MAX(INDIRECT(ADDRESS(4+3,AQ$2+1,,,"Instances") & ":" & ADDRESS(4+3,AQ$2+1)))-MIN(INDIRECT(ADDRESS(4+3,AQ$2+1,,,"Instances") & ":" & ADDRESS(4+3,AQ$2+1))))} -> 0 | AR9: =IFERROR(SMALL(AQ5:AQ343,ROW()-ROW($AR$5)+1),"") -> 0 | AT9: =IFERROR(SUM(AR5:AR9),"") -> 0 | AU9: {=_xlfn.SWITCH(Charts!$B$3,"average", AVERAGE(INDIRECT(ADDRESS(4+3,AU$2+1,,,"Instances") & ":" & ADDRESS(4+3,AU$2+1))),"median", MEDIAN(INDIRECT(ADDRESS(4+3,AU$2+1,,,"Instances") & ":" & ADDRESS(4+3,AU$2+1))),"min", MIN(INDIRECT(ADDRESS(4+3,AU$2+1,,,"Instances") & ":" & ADDRESS(4+3,AU$2+1))),"max", MAX(INDIRECT(ADDRESS(4+3,AU$2+1,,,"Instances") & ":" & ADDRESS(4+3,AU$2+1))),"diff", MAX(INDIRECT(ADDRESS(4+3,AU$2+1,,,"Instances") & ":" & ADDRESS(4+3,AU$2+1)))-MIN(INDIRECT(ADDRESS(4+3,AU$2+1,,,"Instances") & ":" & ADDRESS(4+3,AU$2+1))))} -> 0 | AV9: =IFERROR(SMALL(AU5:AU343,ROW()-ROW($AV$5)+1),"") -> 0 | AX9: =IFERROR(SUM(AV5:AV9),"") -> 0 | AY9: {=_xlfn.SWITCH(Charts!$B$3,"average", AVERAGE(INDIRECT(ADDRESS(4+3,AY$2+1,,,"Instances") & ":" & ADDRESS(4+3,AY$2+1))),"median", MEDIAN(INDIRECT(ADDRESS(4+3,AY$2+1,,,"Instances") & ":" & ADDRESS(4+3,AY$2+1))),"min", MIN(INDIRECT(ADDRESS(4+3,AY$2+1,,,"Instances") & ":" & ADDRESS(4+3,AY$2+1))),"max", MAX(INDIRECT(ADDRESS(4+3,AY$2+1,,,"Instances") & ":" & ADDRESS(4+3,AY$2+1))),"diff", MAX(INDIRECT(ADDRESS(4+3,AY$2+1,,,"Instances") & ":" & ADDRESS(4+3,AY$2+1)))-MIN(INDIRECT(ADDRESS(4+3,AY$2+1,,,"Instances") & ":" & ADDRESS(4+3,AY$2+1))))} -> 0 | AZ9: =IFERROR(SMALL(AY5:AY343,ROW()-ROW($AZ$5)+1),"") -> 0 | BB9: =IFERROR(SUM(AZ5:AZ9),"") -> 0 | BC9: {=_xlfn.SWITCH(Charts!$B$3,"average", AVERAGE(INDIRECT(ADDRESS(4+3,BC$2+1,,,"Instances") & ":" & ADDRESS(4+3,BC$2+1))),"median", MEDIAN(INDIRECT(ADDRESS(4+3,BC$2+1,,,"Instances") & ":" & ADDRESS(4+3,BC$2+1))),"min", MIN(INDIRECT(ADDRESS(4+3,BC$2+1,,,"Instances") & ":" & ADDRESS(4+3,BC$2+1))),"max", MAX(INDIRECT(ADDRESS(4+3,BC$2+1,,,"Instances") & ":" & ADDRESS(4+3,BC$2+1))),"diff", MAX(INDIRECT(ADDRESS(4+3,BC$2+1,,,"Instances") & ":" & ADDRESS(4+3,BC$2+1)))-MIN(INDIRECT(ADDRESS(4+3,BC$2+1,,,"Instances") & ":" & ADDRESS(4+3,BC$2+1))))} -> 0 | BD9: =IFERROR(SMALL(BC5:BC343,ROW()-ROW($BD$5)+1),"") -> 0 | BF9: =IFERROR(SUM(BD5:BD9),"") -> 0 | BG9: {=_xlfn.SWITCH(Charts!$B$3,"average", AVERAGE(INDIRECT(ADDRESS(4+3,BG$2+1,,,"Instances") & ":" & ADDRESS(4+3,BG$2+1))),"median", MEDIAN(INDIRECT(ADDRESS(4+3,BG$2+1,,,"Instances") & ":" & ADDRESS(4+3,BG$2+1))),"min", MIN(INDIRECT(ADDRESS(4+3,BG$2+1,,,"Instances") & ":" & ADDRESS(4+3,BG$2+1))),"max", MAX(INDIRECT(ADDRESS(4+3,BG$2+1,,,"Instances") & ":" & ADDRESS(4+3,BG$2+1))),"diff", MAX(INDIRECT(ADDRESS(4+3,BG$2+1,,,"Instances") & ":" & ADDRESS(4+3,BG$2+1)))-MIN(INDIRECT(ADDRESS(4+3,BG$2+1,,,"Instances") & ":" & ADDRESS(4+3,BG$2+1))))} -> 0 | BH9: =IFERROR(SMALL(BG5:BG343,ROW()-ROW($BH$5)+1),"") -> 0 | BJ9: =IFERROR(SUM(BH5:BH9),"") -> 0 | BK9: {=_xlfn.SWITCH(Charts!$B$3,"average", AVERAGE(INDIRECT(ADDRESS(4+3,BK$2+1,,,"Instances") & ":" & ADDRESS(4+3,BK$2+1))),"median", MEDIAN(INDIRECT(ADDRESS(4+3,BK$2+1,,,"Instances") & ":" & ADDRESS(4+3,BK$2+1))),"min", MIN(INDIRECT(ADDRESS(4+3,BK$2+1,,,"Instances") & ":" & ADDRESS(4+3,BK$2+1))),"max", MAX(INDIRECT(ADDRESS(4+3,BK$2+1,,,"Instances") & ":" & ADDRESS(4+3,BK$2+1))),"diff", MAX(INDIRECT(ADDRESS(4+3,BK$2+1,,,"Instances") & ":" & ADDRESS(4+3,BK$2+1)))-MIN(INDIRECT(ADDRESS(4+3,BK$2+1,,,"Instances") & ":" & ADDRESS(4+3,BK$2+1))))} -> 0 | BL9: =IFERROR(SMALL(BK5:BK343,ROW()-ROW($BL$5)+1),"") -> 0 | BN9: =IFERROR(SUM(BL5:BL9),"") -> 0 | BO9: {=_xlfn.SWITCH(Charts!$B$3,"average", AVERAGE(INDIRECT(ADDRESS(4+3,BO$2+1,,,"Instances") & ":" & ADDRESS(4+3,BO$2+1))),"median", MEDIAN(INDIRECT(ADDRESS(4+3,BO$2+1,,,"Instances") & ":" & ADDRESS(4+3,BO$2+1))),"min", MIN(INDIRECT(ADDRESS(4+3,BO$2+1,,,"Instances") & ":" & ADDRESS(4+3,BO$2+1))),"max", MAX(INDIRECT(ADDRESS(4+3,BO$2+1,,,"Instances") & ":" & ADDRESS(4+3,BO$2+1))),"diff", MAX(INDIRECT(ADDRESS(4+3,BO$2+1,,,"Instances") & ":" & ADDRESS(4+3,BO$2+1)))-MIN(INDIRECT(ADDRESS(4+3,BO$2+1,,,"Instances") & ":" & ADDRESS(4+3,BO$2+1))))} -> 0 | BP9: =IFERROR(SMALL(BO5:BO343,ROW()-ROW($BP$5)+1),"") -> 0 | BR9: =IFERROR(SUM(BP5:BP9),"") -> 0 | BU9: =IF(Charts!$B$3="none",E1711,IF(AM1711="",NA(),AM1711)) -> 0 | BV9: =IF(Charts!$B$3="none",F1711,IF(AN1711="",NA(),AN1711)) -> 0 | BW9: =IF(Charts!$B$3="none",G1711,IF(AO1711="",NA(),AO1711)) -> 0 | BX9: =IF(Charts!$B$3="none",H1711,IF(AP1711="",NA(),AP1711)) -> 0 | BY9: =IF(Charts!$B$3="none",I1711,IF(AQ1711="",NA(),AQ1711)) -> 0 | BZ9: =IF(Charts!$B$3="none",J1711,IF(AR1711="",NA(),AR1711)) -> 0 | CA9: =IF(Charts!$B$3="none",K1711,IF(AS1711="",NA(),AS1711)) -> 0 | CB9: =IF(Charts!$B$3="none",L1711,IF(AT1711="",NA(),AT1711)) -> 0 | ... CZ9: =IF(Charts!$B$3="none",AJ1711,IF(BR1711="",NA(),BR1711)) -> 0
D10: 6 | E10: =IF(INDIRECT(ADDRESS($D10+2,E$2+1,,,"Instances"))="","",INDIRECT(ADDRESS($D10+2,E$2+1,,,"Instances"))) -> 0 | F10: =IFERROR(SMALL(E5:E343,ROW()-ROW($F$5)+1),"") -> 0 | H10: =IFERROR(SUM(F5:F10),"") -> 0 | I10: =IF(INDIRECT(ADDRESS($D10+2,I$2+1,,,"Instances"))="","",INDIRECT(ADDRESS($D10+2,I$2+1,,,"Instances"))) -> 0 | J10: =IFERROR(SMALL(I5:I343,ROW()-ROW($J$5)+1),"") -> 0 | L10: =IFERROR(SUM(J5:J10),"") -> 0 | M10: =IF(INDIRECT(ADDRESS($D10+2,M$2+1,,,"Instances"))="","",INDIRECT(ADDRESS($D10+2,M$2+1,,,"Instances"))) -> 0 | N10: =IFERROR(SMALL(M5:M343,ROW()-ROW($N$5)+1),"") -> 0 | P10: =IFERROR(SUM(N5:N10),"") -> 0 | Q10: =IF(INDIRECT(ADDRESS($D10+2,Q$2+1,,,"Instances"))="","",INDIRECT(ADDRESS($D10+2,Q$2+1,,,"Instances"))) -> 0 | R10: =IFERROR(SMALL(Q5:Q343,ROW()-ROW($R$5)+1),"") -> 0 | T10: =IFERROR(SUM(R5:R10),"") -> 0 | U10: =IF(INDIRECT(ADDRESS($D10+2,U$2+1,,,"Instances"))="","",INDIRECT(ADDRESS($D10+2,U$2+1,,,"Instances"))) -> 0 | V10: =IFERROR(SMALL(U5:U343,ROW()-ROW($V$5)+1),"") -> 0 | X10: =IFERROR(SUM(V5:V10),"") -> 0 | Y10: =IF(INDIRECT(ADDRESS($D10+2,Y$2+1,,,"Instances"))="","",INDIRECT(ADDRESS($D10+2,Y$2+1,,,"Instances"))) -> 0 | Z10: =IFERROR(SMALL(Y5:Y343,ROW()-ROW($Z$5)+1),"") -> 0 | AB10: =IFERROR(SUM(Z5:Z10),"") -> 0 | AC10: =IF(INDIRECT(ADDRESS($D10+2,AC$2+1,,,"Instances"))="","",INDIRECT(ADDRESS($D10+2,AC$2+1,,,"Instances"))) -> 0 | AD10: =IFERROR(SMALL(AC5:AC343,ROW()-ROW($AD$5)+1),"") -> 0 | AF10: =IFERROR(SUM(AD5:AD10),"") -> 0 | AG10: =IF(INDIRECT(ADDRESS($D10+2,AG$2+1,,,"Instances"))="","",INDIRECT(ADDRESS($D10+2,AG$2+1,,,"Instances"))) -> 0 | AH10: =IFERROR(SMALL(AG5:AG343,ROW()-ROW($AH$5)+1),"") -> 0 | AJ10: =IFERROR(SUM(AH5:AH10),"") -> 0 | AL10: 6 | AM10: {=_xlfn.SWITCH(Charts!$B$3,"average", AVERAGE(INDIRECT(ADDRESS(5+3,AM$2+1,,,"Instances") & ":" & ADDRESS(5+3,AM$2+1))),"median", MEDIAN(INDIRECT(ADDRESS(5+3,AM$2+1,,,"Instances") & ":" & ADDRESS(5+3,AM$2+1))),"min", MIN(INDIRECT(ADDRESS(5+3,AM$2+1,,,"Instances") & ":" & ADDRESS(5+3,AM$2+1))),"max", MAX(INDIRECT(ADDRESS(5+3,AM$2+1,,,"Instances") & ":" & ADDRESS(5+3,AM$2+1))),"diff", MAX(INDIRECT(ADDRESS(5+3,AM$2+1,,,"Instances") & ":" & ADDRESS(5+3,AM$2+1)))-MIN(INDIRECT(ADDRESS(5+3,AM$2+1,,,"Instances") & ":" & ADDRESS(5+3,AM$2+1))))} -> 0 | AN10: =IFERROR(SMALL(AM5:AM343,ROW()-ROW($AN$5)+1),"") -> 0 | AP10: =IFERROR(SUM(AN5:AN10),"") -> 0 | AQ10: {=_xlfn.SWITCH(Charts!$B$3,"average", AVERAGE(INDIRECT(ADDRESS(5+3,AQ$2+1,,,"Instances") & ":" & ADDRESS(5+3,AQ$2+1))),"median", MEDIAN(INDIRECT(ADDRESS(5+3,AQ$2+1,,,"Instances") & ":" & ADDRESS(5+3,AQ$2+1))),"min", MIN(INDIRECT(ADDRESS(5+3,AQ$2+1,,,"Instances") & ":" & ADDRESS(5+3,AQ$2+1))),"max", MAX(INDIRECT(ADDRESS(5+3,AQ$2+1,,,"Instances") & ":" & ADDRESS(5+3,AQ$2+1))),"diff", MAX(INDIRECT(ADDRESS(5+3,AQ$2+1,,,"Instances") & ":" & ADDRESS(5+3,AQ$2+1)))-MIN(INDIRECT(ADDRESS(5+3,AQ$2+1,,,"Instances") & ":" & ADDRESS(5+3,AQ$2+1))))} -> 0 | AR10: =IFERROR(SMALL(AQ5:AQ343,ROW()-ROW($AR$5)+1),"") -> 0 | AT10: =IFERROR(SUM(AR5:AR10),"") -> 0 | AU10: {=_xlfn.SWITCH(Charts!$B$3,"average", AVERAGE(INDIRECT(ADDRESS(5+3,AU$2+1,,,"Instances") & ":" & ADDRESS(5+3,AU$2+1))),"median", MEDIAN(INDIRECT(ADDRESS(5+3,AU$2+1,,,"Instances") & ":" & ADDRESS(5+3,AU$2+1))),"min", MIN(INDIRECT(ADDRESS(5+3,AU$2+1,,,"Instances") & ":" & ADDRESS(5+3,AU$2+1))),"max", MAX(INDIRECT(ADDRESS(5+3,AU$2+1,,,"Instances") & ":" & ADDRESS(5+3,AU$2+1))),"diff", MAX(INDIRECT(ADDRESS(5+3,AU$2+1,,,"Instances") & ":" & ADDRESS(5+3,AU$2+1)))-MIN(INDIRECT(ADDRESS(5+3,AU$2+1,,,"Instances") & ":" & ADDRESS(5+3,AU$2+1))))} -> 0 | AV10: =IFERROR(SMALL(AU5:AU343,ROW()-ROW($AV$5)+1),"") -> 0 | AX10: =IFERROR(SUM(AV5:AV10),"") -> 0 | AY10: {=_xlfn.SWITCH(Charts!$B$3,"average", AVERAGE(INDIRECT(ADDRESS(5+3,AY$2+1,,,"Instances") & ":" & ADDRESS(5+3,AY$2+1))),"median", MEDIAN(INDIRECT(ADDRESS(5+3,AY$2+1,,,"Instances") & ":" & ADDRESS(5+3,AY$2+1))),"min", MIN(INDIRECT(ADDRESS(5+3,AY$2+1,,,"Instances") & ":" & ADDRESS(5+3,AY$2+1))),"max", MAX(INDIRECT(ADDRESS(5+3,AY$2+1,,,"Instances") & ":" & ADDRESS(5+3,AY$2+1))),"diff", MAX(INDIRECT(ADDRESS(5+3,AY$2+1,,,"Instances") & ":" & ADDRESS(5+3,AY$2+1)))-MIN(INDIRECT(ADDRESS(5+3,AY$2+1,,,"Instances") & ":" & ADDRESS(5+3,AY$2+1))))} -> 0 | AZ10: =IFERROR(SMALL(AY5:AY343,ROW()-ROW($AZ$5)+1),"") -> 0 | BB10: =IFERROR(SUM(AZ5:AZ10),"") -> 0 | BC10: {=_xlfn.SWITCH(Charts!$B$3,"average", AVERAGE(INDIRECT(ADDRESS(5+3,BC$2+1,,,"Instances") & ":" & ADDRESS(5+3,BC$2+1))),"median", MEDIAN(INDIRECT(ADDRESS(5+3,BC$2+1,,,"Instances") & ":" & ADDRESS(5+3,BC$2+1))),"min", MIN(INDIRECT(ADDRESS(5+3,BC$2+1,,,"Instances") & ":" & ADDRESS(5+3,BC$2+1))),"max", MAX(INDIRECT(ADDRESS(5+3,BC$2+1,,,"Instances") & ":" & ADDRESS(5+3,BC$2+1))),"diff", MAX(INDIRECT(ADDRESS(5+3,BC$2+1,,,"Instances") & ":" & ADDRESS(5+3,BC$2+1)))-MIN(INDIRECT(ADDRESS(5+3,BC$2+1,,,"Instances") & ":" & ADDRESS(5+3,BC$2+1))))} -> 0 | BD10: =IFERROR(SMALL(BC5:BC343,ROW()-ROW($BD$5)+1),"") -> 0 | BF10: =IFERROR(SUM(BD5:BD10),"") -> 0 | BG10: {=_xlfn.SWITCH(Charts!$B$3,"average", AVERAGE(INDIRECT(ADDRESS(5+3,BG$2+1,,,"Instances") & ":" & ADDRESS(5+3,BG$2+1))),"median", MEDIAN(INDIRECT(ADDRESS(5+3,BG$2+1,,,"Instances") & ":" & ADDRESS(5+3,BG$2+1))),"min", MIN(INDIRECT(ADDRESS(5+3,BG$2+1,,,"Instances") & ":" & ADDRESS(5+3,BG$2+1))),"max", MAX(INDIRECT(ADDRESS(5+3,BG$2+1,,,"Instances") & ":" & ADDRESS(5+3,BG$2+1))),"diff", MAX(INDIRECT(ADDRESS(5+3,BG$2+1,,,"Instances") & ":" & ADDRESS(5+3,BG$2+1)))-MIN(INDIRECT(ADDRESS(5+3,BG$2+1,,,"Instances") & ":" & ADDRESS(5+3,BG$2+1))))} -> 0 | BH10: =IFERROR(SMALL(BG5:BG343,ROW()-ROW($BH$5)+1),"") -> 0 | BJ10: =IFERROR(SUM(BH5:BH10),"") -> 0 | BK10: {=_xlfn.SWITCH(Charts!$B$3,"average", AVERAGE(INDIRECT(ADDRESS(5+3,BK$2+1,,,"Instances") & ":" & ADDRESS(5+3,BK$2+1))),"median", MEDIAN(INDIRECT(ADDRESS(5+3,BK$2+1,,,"Instances") & ":" & ADDRESS(5+3,BK$2+1))),"min", MIN(INDIRECT(ADDRESS(5+3,BK$2+1,,,"Instances") & ":" & ADDRESS(5+3,BK$2+1))),"max", MAX(INDIRECT(ADDRESS(5+3,BK$2+1,,,"Instances") & ":" & ADDRESS(5+3,BK$2+1))),"diff", MAX(INDIRECT(ADDRESS(5+3,BK$2+1,,,"Instances") & ":" & ADDRESS(5+3,BK$2+1)))-MIN(INDIRECT(ADDRESS(5+3,BK$2+1,,,"Instances") & ":" & ADDRESS(5+3,BK$2+1))))} -> 0 | BL10: =IFERROR(SMALL(BK5:BK343,ROW()-ROW($BL$5)+1),"") -> 0 | BN10: =IFERROR(SUM(BL5:BL10),"") -> 0 | BO10: {=_xlfn.SWITCH(Charts!$B$3,"average", AVERAGE(INDIRECT(ADDRESS(5+3,BO$2+1,,,"Instances") & ":" & ADDRESS(5+3,BO$2+1))),"median", MEDIAN(INDIRECT(ADDRESS(5+3,BO$2+1,,,"Instances") & ":" & ADDRESS(5+3,BO$2+1))),"min", MIN(INDIRECT(ADDRESS(5+3,BO$2+1,,,"Instances") & ":" & ADDRESS(5+3,BO$2+1))),"max", MAX(INDIRECT(ADDRESS(5+3,BO$2+1,,,"Instances") & ":" & ADDRESS(5+3,BO$2+1))),"diff", MAX(INDIRECT(ADDRESS(5+3,BO$2+1,,,"Instances") & ":" & ADDRESS(5+3,BO$2+1)))-MIN(INDIRECT(ADDRESS(5+3,BO$2+1,,,"Instances") & ":" & ADDRESS(5+3,BO$2+1))))} -> 0 | BP10: =IFERROR(SMALL(BO5:BO343,ROW()-ROW($BP$5)+1),"") -> 0 | BR10: =IFERROR(SUM(BP5:BP10),"") -> 0 | BU10: =IF(Charts!$B$3="none",E1712,IF(AM1712="",NA(),AM1712)) -> 0 | BV10: =IF(Charts!$B$3="none",F1712,IF(AN1712="",NA(),AN1712)) -> 0 | BW10: =IF(Charts!$B$3="none",G1712,IF(AO1712="",NA(),AO1712)) -> 0 | BX10: =IF(Charts!$B$3="none",H1712,IF(AP1712="",NA(),AP1712)) -> 0 | BY10: =IF(Charts!$B$3="none",I1712,IF(AQ1712="",NA(),AQ1712)) -> 0 | BZ10: =IF(Charts!$B$3="none",J1712,IF(AR1712="",NA(),AR1712)) -> 0 | CA10: =IF(Charts!$B$3="none",K1712,IF(AS1712="",NA(),AS1712)) -> 0 | CB10: =IF(Charts!$B$3="none",L1712,IF(AT1712="",NA(),AT1712)) -> 0 | ... CZ10: =IF(Charts!$B$3="none",AJ1712,IF(BR1712="",NA(),BR1712)) -> 0
D11: 7 | E11: =IF(INDIRECT(ADDRESS($D11+2,E$2+1,,,"Instances"))="","",INDIRECT(ADDRESS($D11+2,E$2+1,,,"Instances"))) -> 0 | F11: =IFERROR(SMALL(E5:E343,ROW()-ROW($F$5)+1),"") -> 0 | H11: =IFERROR(SUM(F5:F11),"") -> 0 | I11: =IF(INDIRECT(ADDRESS($D11+2,I$2+1,,,"Instances"))="","",INDIRECT(ADDRESS($D11+2,I$2+1,,,"Instances"))) -> 0 | J11: =IFERROR(SMALL(I5:I343,ROW()-ROW($J$5)+1),"") -> 0 | L11: =IFERROR(SUM(J5:J11),"") -> 0 | M11: =IF(INDIRECT(ADDRESS($D11+2,M$2+1,,,"Instances"))="","",INDIRECT(ADDRESS($D11+2,M$2+1,,,"Instances"))) -> 0 | N11: =IFERROR(SMALL(M5:M343,ROW()-ROW($N$5)+1),"") -> 0 | P11: =IFERROR(SUM(N5:N11),"") -> 0 | Q11: =IF(INDIRECT(ADDRESS($D11+2,Q$2+1,,,"Instances"))="","",INDIRECT(ADDRESS($D11+2,Q$2+1,,,"Instances"))) -> 0 | R11: =IFERROR(SMALL(Q5:Q343,ROW()-ROW($R$5)+1),"") -> 0 | T11: =IFERROR(SUM(R5:R11),"") -> 0 | U11: =IF(INDIRECT(ADDRESS($D11+2,U$2+1,,,"Instances"))="","",INDIRECT(ADDRESS($D11+2,U$2+1,,,"Instances"))) -> 0 | V11: =IFERROR(SMALL(U5:U343,ROW()-ROW($V$5)+1),"") -> 0 | X11: =IFERROR(SUM(V5:V11),"") -> 0 | Y11: =IF(INDIRECT(ADDRESS($D11+2,Y$2+1,,,"Instances"))="","",INDIRECT(ADDRESS($D11+2,Y$2+1,,,"Instances"))) -> 0 | Z11: =IFERROR(SMALL(Y5:Y343,ROW()-ROW($Z$5)+1),"") -> 0 | AB11: =IFERROR(SUM(Z5:Z11),"") -> 0 | AC11: =IF(INDIRECT(ADDRESS($D11+2,AC$2+1,,,"Instances"))="","",INDIRECT(ADDRESS($D11+2,AC$2+1,,,"Instances"))) -> 0 | AD11: =IFERROR(SMALL(AC5:AC343,ROW()-ROW($AD$5)+1),"") -> 0 | AF11: =IFERROR(SUM(AD5:AD11),"") -> 0 | AG11: =IF(INDIRECT(ADDRESS($D11+2,AG$2+1,,,"Instances"))="","",INDIRECT(ADDRESS($D11+2,AG$2+1,,,"Instances"))) -> 0 | AH11: =IFERROR(SMALL(AG5:AG343,ROW()-ROW($AH$5)+1),"") -> 0 | AJ11: =IFERROR(SUM(AH5:AH11),"") -> 0 | AL11: 7 | AM11: {=_xlfn.SWITCH(Charts!$B$3,"average", AVERAGE(INDIRECT(ADDRESS(6+3,AM$2+1,,,"Instances") & ":" & ADDRESS(6+3,AM$2+1))),"median", MEDIAN(INDIRECT(ADDRESS(6+3,AM$2+1,,,"Instances") & ":" & ADDRESS(6+3,AM$2+1))),"min", MIN(INDIRECT(ADDRESS(6+3,AM$2+1,,,"Instances") & ":" & ADDRESS(6+3,AM$2+1))),"max", MAX(INDIRECT(ADDRESS(6+3,AM$2+1,,,"Instances") & ":" & ADDRESS(6+3,AM$2+1))),"diff", MAX(INDIRECT(ADDRESS(6+3,AM$2+1,,,"Instances") & ":" & ADDRESS(6+3,AM$2+1)))-MIN(INDIRECT(ADDRESS(6+3,AM$2+1,,,"Instances") & ":" & ADDRESS(6+3,AM$2+1))))} -> 0 | AN11: =IFERROR(SMALL(AM5:AM343,ROW()-ROW($AN$5)+1),"") -> 0 | AP11: =IFERROR(SUM(AN5:AN11),"") -> 0 | AQ11: {=_xlfn.SWITCH(Charts!$B$3,"average", AVERAGE(INDIRECT(ADDRESS(6+3,AQ$2+1,,,"Instances") & ":" & ADDRESS(6+3,AQ$2+1))),"median", MEDIAN(INDIRECT(ADDRESS(6+3,AQ$2+1,,,"Instances") & ":" & ADDRESS(6+3,AQ$2+1))),"min", MIN(INDIRECT(ADDRESS(6+3,AQ$2+1,,,"Instances") & ":" & ADDRESS(6+3,AQ$2+1))),"max", MAX(INDIRECT(ADDRESS(6+3,AQ$2+1,,,"Instances") & ":" & ADDRESS(6+3,AQ$2+1))),"diff", MAX(INDIRECT(ADDRESS(6+3,AQ$2+1,,,"Instances") & ":" & ADDRESS(6+3,AQ$2+1)))-MIN(INDIRECT(ADDRESS(6+3,AQ$2+1,,,"Instances") & ":" & ADDRESS(6+3,AQ$2+1))))} -> 0 | AR11: =IFERROR(SMALL(AQ5:AQ343,ROW()-ROW($AR$5)+1),"") -> 0 | AT11: =IFERROR(SUM(AR5:AR11),"") -> 0 | AU11: {=_xlfn.SWITCH(Charts!$B$3,"average", AVERAGE(INDIRECT(ADDRESS(6+3,AU$2+1,,,"Instances") & ":" & ADDRESS(6+3,AU$2+1))),"median", MEDIAN(INDIRECT(ADDRESS(6+3,AU$2+1,,,"Instances") & ":" & ADDRESS(6+3,AU$2+1))),"min", MIN(INDIRECT(ADDRESS(6+3,AU$2+1,,,"Instances") & ":" & ADDRESS(6+3,AU$2+1))),"max", MAX(INDIRECT(ADDRESS(6+3,AU$2+1,,,"Instances") & ":" & ADDRESS(6+3,AU$2+1))),"diff", MAX(INDIRECT(ADDRESS(6+3,AU$2+1,,,"Instances") & ":" & ADDRESS(6+3,AU$2+1)))-MIN(INDIRECT(ADDRESS(6+3,AU$2+1,,,"Instances") & ":" & ADDRESS(6+3,AU$2+1))))} -> 0 | AV11: =IFERROR(SMALL(AU5:AU343,ROW()-ROW($AV$5)+1),"") -> 0 | AX11: =IFERROR(SUM(AV5:AV11),"") -> 0 | AY11: {=_xlfn.SWITCH(Charts!$B$3,"average", AVERAGE(INDIRECT(ADDRESS(6+3,AY$2+1,,,"Instances") & ":" & ADDRESS(6+3,AY$2+1))),"median", MEDIAN(INDIRECT(ADDRESS(6+3,AY$2+1,,,"Instances") & ":" & ADDRESS(6+3,AY$2+1))),"min", MIN(INDIRECT(ADDRESS(6+3,AY$2+1,,,"Instances") & ":" & ADDRESS(6+3,AY$2+1))),"max", MAX(INDIRECT(ADDRESS(6+3,AY$2+1,,,"Instances") & ":" & ADDRESS(6+3,AY$2+1))),"diff", MAX(INDIRECT(ADDRESS(6+3,AY$2+1,,,"Instances") & ":" & ADDRESS(6+3,AY$2+1)))-MIN(INDIRECT(ADDRESS(6+3,AY$2+1,,,"Instances") & ":" & ADDRESS(6+3,AY$2+1))))} -> 0 | AZ11: =IFERROR(SMALL(AY5:AY343,ROW()-ROW($AZ$5)+1),"") -> 0 | BB11: =IFERROR(SUM(AZ5:AZ11),"") -> 0 | BC11: {=_xlfn.SWITCH(Charts!$B$3,"average", AVERAGE(INDIRECT(ADDRESS(6+3,BC$2+1,,,"Instances") & ":" & ADDRESS(6+3,BC$2+1))),"median", MEDIAN(INDIRECT(ADDRESS(6+3,BC$2+1,,,"Instances") & ":" & ADDRESS(6+3,BC$2+1))),"min", MIN(INDIRECT(ADDRESS(6+3,BC$2+1,,,"Instances") & ":" & ADDRESS(6+3,BC$2+1))),"max", MAX(INDIRECT(ADDRESS(6+3,BC$2+1,,,"Instances") & ":" & ADDRESS(6+3,BC$2+1))),"diff", MAX(INDIRECT(ADDRESS(6+3,BC$2+1,,,"Instances") & ":" & ADDRESS(6+3,BC$2+1)))-MIN(INDIRECT(ADDRESS(6+3,BC$2+1,,,"Instances") & ":" & ADDRESS(6+3,BC$2+1))))} -> 0 | BD11: =IFERROR(SMALL(BC5:BC343,ROW()-ROW($BD$5)+1),"") -> 0 | BF11: =IFERROR(SUM(BD5:BD11),"") -> 0 | BG11: {=_xlfn.SWITCH(Charts!$B$3,"average", AVERAGE(INDIRECT(ADDRESS(6+3,BG$2+1,,,"Instances") & ":" & ADDRESS(6+3,BG$2+1))),"median", MEDIAN(INDIRECT(ADDRESS(6+3,BG$2+1,,,"Instances") & ":" & ADDRESS(6+3,BG$2+1))),"min", MIN(INDIRECT(ADDRESS(6+3,BG$2+1,,,"Instances") & ":" & ADDRESS(6+3,BG$2+1))),"max", MAX(INDIRECT(ADDRESS(6+3,BG$2+1,,,"Instances") & ":" & ADDRESS(6+3,BG$2+1))),"diff", MAX(INDIRECT(ADDRESS(6+3,BG$2+1,,,"Instances") & ":" & ADDRESS(6+3,BG$2+1)))-MIN(INDIRECT(ADDRESS(6+3,BG$2+1,,,"Instances") & ":" & ADDRESS(6+3,BG$2+1))))} -> 0 | BH11: =IFERROR(SMALL(BG5:BG343,ROW()-ROW($BH$5)+1),"") -> 0 | BJ11: =IFERROR(SUM(BH5:BH11),"") -> 0 | BK11: {=_xlfn.SWITCH(Charts!$B$3,"average", AVERAGE(INDIRECT(ADDRESS(6+3,BK$2+1,,,"Instances") & ":" & ADDRESS(6+3,BK$2+1))),"median", MEDIAN(INDIRECT(ADDRESS(6+3,BK$2+1,,,"Instances") & ":" & ADDRESS(6+3,BK$2+1))),"min", MIN(INDIRECT(ADDRESS(6+3,BK$2+1,,,"Instances") & ":" & ADDRESS(6+3,BK$2+1))),"max", MAX(INDIRECT(ADDRESS(6+3,BK$2+1,,,"Instances") & ":" & ADDRESS(6+3,BK$2+1))),"diff", MAX(INDIRECT(ADDRESS(6+3,BK$2+1,,,"Instances") & ":" & ADDRESS(6+3,BK$2+1)))-MIN(INDIRECT(ADDRESS(6+3,BK$2+1,,,"Instances") & ":" & ADDRESS(6+3,BK$2+1))))} -> 0 | BL11: =IFERROR(SMALL(BK5:BK343,ROW()-ROW($BL$5)+1),"") -> 0 | BN11: =IFERROR(SUM(BL5:BL11),"") -> 0 | BO11: {=_xlfn.SWITCH(Charts!$B$3,"average", AVERAGE(INDIRECT(ADDRESS(6+3,BO$2+1,,,"Instances") & ":" & ADDRESS(6+3,BO$2+1))),"median", MEDIAN(INDIRECT(ADDRESS(6+3,BO$2+1,,,"Instances") & ":" & ADDRESS(6+3,BO$2+1))),"min", MIN(INDIRECT(ADDRESS(6+3,BO$2+1,,,"Instances") & ":" & ADDRESS(6+3,BO$2+1))),"max", MAX(INDIRECT(ADDRESS(6+3,BO$2+1,,,"Instances") & ":" & ADDRESS(6+3,BO$2+1))),"diff", MAX(INDIRECT(ADDRESS(6+3,BO$2+1,,,"Instances") & ":" & ADDRESS(6+3,BO$2+1)))-MIN(INDIRECT(ADDRESS(6+3,BO$2+1,,,"Instances") & ":" & ADDRESS(6+3,BO$2+1))))} -> 0 | BP11: =IFERROR(SMALL(BO5:BO343,ROW()-ROW($BP$5)+1),"") -> 0 | BR11: =IFERROR(SUM(BP5:BP11),"") -> 0 | BU11: =IF(Charts!$B$3="none",E1713,IF(AM1713="",NA(),AM1713)) -> 0 | BV11: =IF(Charts!$B$3="none",F1713,IF(AN1713="",NA(),AN1713)) -> 0 | BW11: =IF(Charts!$B$3="none",G1713,IF(AO1713="",NA(),AO1713)) -> 0 | BX11: =IF(Charts!$B$3="none",H1713,IF(AP1713="",NA(),AP1713)) -> 0 | BY11: =IF(Charts!$B$3="none",I1713,IF(AQ1713="",NA(),AQ1713)) -> 0 | BZ11: =IF(Charts!$B$3="none",J1713,IF(AR1713="",NA(),AR1713)) -> 0 | CA11: =IF(Charts!$B$3="none",K1713,IF(AS1713="",NA(),AS1713)) -> 0 | CB11: =IF(Charts!$B$3="none",L1713,IF(AT1713="",NA(),AT1713)) -> 0 | ... CZ11: =IF(Charts!$B$3="none",AJ1713,IF(BR1713="",NA(),BR1713)) -> 0
D12: 8 | E12: =IF(INDIRECT(ADDRESS($D12+2,E$2+1,,,"Instances"))="","",INDIRECT(ADDRESS($D12+2,E$2+1,,,"Instances"))) -> 0 | F12: =IFERROR(SMALL(E5:E343,ROW()-ROW($F$5)+1),"") -> 0 | H12: =IFERROR(SUM(F5:F12),"") -> 0 | I12: =IF(INDIRECT(ADDRESS($D12+2,I$2+1,,,"Instances"))="","",INDIRECT(ADDRESS($D12+2,I$2+1,,,"Instances"))) -> 0 | J12: =IFERROR(SMALL(I5:I343,ROW()-ROW($J$5)+1),"") -> 0 | L12: =IFERROR(SUM(J5:J12),"") -> 0 | M12: =IF(INDIRECT(ADDRESS($D12+2,M$2+1,,,"Instances"))="","",INDIRECT(ADDRESS($D12+2,M$2+1,,,"Instances"))) -> 0 | N12: =IFERROR(SMALL(M5:M343,ROW()-ROW($N$5)+1),"") -> 0 | P12: =IFERROR(SUM(N5:N12),"") -> 0 | Q12: =IF(INDIRECT(ADDRESS($D12+2,Q$2+1,,,"Instances"))="","",INDIRECT(ADDRESS($D12+2,Q$2+1,,,"Instances"))) -> 0 | R12: =IFERROR(SMALL(Q5:Q343,ROW()-ROW($R$5)+1),"") -> 0 | T12: =IFERROR(SUM(R5:R12),"") -> 0 | U12: =IF(INDIRECT(ADDRESS($D12+2,U$2+1,,,"Instances"))="","",INDIRECT(ADDRESS($D12+2,U$2+1,,,"Instances"))) -> 0 | V12: =IFERROR(SMALL(U5:U343,ROW()-ROW($V$5)+1),"") -> 0 | X12: =IFERROR(SUM(V5:V12),"") -> 0 | Y12: =IF(INDIRECT(ADDRESS($D12+2,Y$2+1,,,"Instances"))="","",INDIRECT(ADDRESS($D12+2,Y$2+1,,,"Instances"))) -> 0 | Z12: =IFERROR(SMALL(Y5:Y343,ROW()-ROW($Z$5)+1),"") -> 0 | AB12: =IFERROR(SUM(Z5:Z12),"") -> 0 | AC12: =IF(INDIRECT(ADDRESS($D12+2,AC$2+1,,,"Instances"))="","",INDIRECT(ADDRESS($D12+2,AC$2+1,,,"Instances"))) -> 0 | AD12: =IFERROR(SMALL(AC5:AC343,ROW()-ROW($AD$5)+1),"") -> 0 | AF12: =IFERROR(SUM(AD5:AD12),"") -> 0 | AG12: =IF(INDIRECT(ADDRESS($D12+2,AG$2+1,,,"Instances"))="","",INDIRECT(ADDRESS($D12+2,AG$2+1,,,"Instances"))) -> 0 | AH12: =IFERROR(SMALL(AG5:AG343,ROW()-ROW($AH$5)+1),"") -> 0 | AJ12: =IFERROR(SUM(AH5:AH12),"") -> 0 | AL12: 8 | AM12: {=_xlfn.SWITCH(Charts!$B$3,"average", AVERAGE(INDIRECT(ADDRESS(7+3,AM$2+1,,,"Instances") & ":" & ADDRESS(7+3,AM$2+1))),"median", MEDIAN(INDIRECT(ADDRESS(7+3,AM$2+1,,,"Instances") & ":" & ADDRESS(7+3,AM$2+1))),"min", MIN(INDIRECT(ADDRESS(7+3,AM$2+1,,,"Instances") & ":" & ADDRESS(7+3,AM$2+1))),"max", MAX(INDIRECT(ADDRESS(7+3,AM$2+1,,,"Instances") & ":" & ADDRESS(7+3,AM$2+1))),"diff", MAX(INDIRECT(ADDRESS(7+3,AM$2+1,,,"Instances") & ":" & ADDRESS(7+3,AM$2+1)))-MIN(INDIRECT(ADDRESS(7+3,AM$2+1,,,"Instances") & ":" & ADDRESS(7+3,AM$2+1))))} -> 0 | AN12: =IFERROR(SMALL(AM5:AM343,ROW()-ROW($AN$5)+1),"") -> 0 | AP12: =IFERROR(SUM(AN5:AN12),"") -> 0 | AQ12: {=_xlfn.SWITCH(Charts!$B$3,"average", AVERAGE(INDIRECT(ADDRESS(7+3,AQ$2+1,,,"Instances") & ":" & ADDRESS(7+3,AQ$2+1))),"median", MEDIAN(INDIRECT(ADDRESS(7+3,AQ$2+1,,,"Instances") & ":" & ADDRESS(7+3,AQ$2+1))),"min", MIN(INDIRECT(ADDRESS(7+3,AQ$2+1,,,"Instances") & ":" & ADDRESS(7+3,AQ$2+1))),"max", MAX(INDIRECT(ADDRESS(7+3,AQ$2+1,,,"Instances") & ":" & ADDRESS(7+3,AQ$2+1))),"diff", MAX(INDIRECT(ADDRESS(7+3,AQ$2+1,,,"Instances") & ":" & ADDRESS(7+3,AQ$2+1)))-MIN(INDIRECT(ADDRESS(7+3,AQ$2+1,,,"Instances") & ":" & ADDRESS(7+3,AQ$2+1))))} -> 0 | AR12: =IFERROR(SMALL(AQ5:AQ343,ROW()-ROW($AR$5)+1),"") -> 0 | AT12: =IFERROR(SUM(AR5:AR12),"") -> 0 | AU12: {=_xlfn.SWITCH(Charts!$B$3,"average", AVERAGE(INDIRECT(ADDRESS(7+3,AU$2+1,,,"Instances") & ":" & ADDRESS(7+3,AU$2+1))),"median", MEDIAN(INDIRECT(ADDRESS(7+3,AU$2+1,,,"Instances") & ":" & ADDRESS(7+3,AU$2+1))),"min", MIN(INDIRECT(ADDRESS(7+3,AU$2+1,,,"Instances") & ":" & ADDRESS(7+3,AU$2+1))),"max", MAX(INDIRECT(ADDRESS(7+3,AU$2+1,,,"Instances") & ":" & ADDRESS(7+3,AU$2+1))),"diff", MAX(INDIRECT(ADDRESS(7+3,AU$2+1,,,"Instances") & ":" & ADDRESS(7+3,AU$2+1)))-MIN(INDIRECT(ADDRESS(7+3,AU$2+1,,,"Instances") & ":" & ADDRESS(7+3,AU$2+1))))} -> 0 | AV12: =IFERROR(SMALL(AU5:AU343,ROW()-ROW($AV$5)+1),"") -> 0 | AX12: =IFERROR(SUM(AV5:AV12),"") -> 0 | AY12: {=_xlfn.SWITCH(Charts!$B$3,"average", AVERAGE(INDIRECT(ADDRESS(7+3,AY$2+1,,,"Instances") & ":" & ADDRESS(7+3,AY$2+1))),"median", MEDIAN(INDIRECT(ADDRESS(7+3,AY$2+1,,,"Instances") & ":" & ADDRESS(7+3,AY$2+1))),"min", MIN(INDIRECT(ADDRESS(7+3,AY$2+1,,,"Instances") & ":" & ADDRESS(7+3,AY$2+1))),"max", MAX(INDIRECT(ADDRESS(7+3,AY$2+1,,,"Instances") & ":" & ADDRESS(7+3,AY$2+1))),"diff", MAX(INDIRECT(ADDRESS(7+3,AY$2+1,,,"Instances") & ":" & ADDRESS(7+3,AY$2+1)))-MIN(INDIRECT(ADDRESS(7+3,AY$2+1,,,"Instances") & ":" & ADDRESS(7+3,AY$2+1))))} -> 0 | AZ12: =IFERROR(SMALL(AY5:AY343,ROW()-ROW($AZ$5)+1),"") -> 0 | BB12: =IFERROR(SUM(AZ5:AZ12),"") -> 0 | BC12: {=_xlfn.SWITCH(Charts!$B$3,"average", AVERAGE(INDIRECT(ADDRESS(7+3,BC$2+1,,,"Instances") & ":" & ADDRESS(7+3,BC$2+1))),"median", MEDIAN(INDIRECT(ADDRESS(7+3,BC$2+1,,,"Instances") & ":" & ADDRESS(7+3,BC$2+1))),"min", MIN(INDIRECT(ADDRESS(7+3,BC$2+1,,,"Instances") & ":" & ADDRESS(7+3,BC$2+1))),"max", MAX(INDIRECT(ADDRESS(7+3,BC$2+1,,,"Instances") & ":" & ADDRESS(7+3,BC$2+1))),"diff", MAX(INDIRECT(ADDRESS(7+3,BC$2+1,,,"Instances") & ":" & ADDRESS(7+3,BC$2+1)))-MIN(INDIRECT(ADDRESS(7+3,BC$2+1,,,"Instances") & ":" & ADDRESS(7+3,BC$2+1))))} -> 0 | BD12: =IFERROR(SMALL(BC5:BC343,ROW()-ROW($BD$5)+1),"") -> 0 | BF12: =IFERROR(SUM(BD5:BD12),"") -> 0 | BG12: {=_xlfn.SWITCH(Charts!$B$3,"average", AVERAGE(INDIRECT(ADDRESS(7+3,BG$2+1,,,"Instances") & ":" & ADDRESS(7+3,BG$2+1))),"median", MEDIAN(INDIRECT(ADDRESS(7+3,BG$2+1,,,"Instances") & ":" & ADDRESS(7+3,BG$2+1))),"min", MIN(INDIRECT(ADDRESS(7+3,BG$2+1,,,"Instances") & ":" & ADDRESS(7+3,BG$2+1))),"max", MAX(INDIRECT(ADDRESS(7+3,BG$2+1,,,"Instances") & ":" & ADDRESS(7+3,BG$2+1))),"diff", MAX(INDIRECT(ADDRESS(7+3,BG$2+1,,,"Instances") & ":" & ADDRESS(7+3,BG$2+1)))-MIN(INDIRECT(ADDRESS(7+3,BG$2+1,,,"Instances") & ":" & ADDRESS(7+3,BG$2+1))))} -> 0 | BH12: =IFERROR(SMALL(BG5:BG343,ROW()-ROW($BH$5)+1),"") -> 0 | BJ12: =IFERROR(SUM(BH5:BH12),"") -> 0 | BK12: {=_xlfn.SWITCH(Charts!$B$3,"average", AVERAGE(INDIRECT(ADDRESS(7+3,BK$2+1,,,"Instances") & ":" & ADDRESS(7+3,BK$2+1))),"median", MEDIAN(INDIRECT(ADDRESS(7+3,BK$2+1,,,"Instances") & ":" & ADDRESS(7+3,BK$2+1))),"min", MIN(INDIRECT(ADDRESS(7+3,BK$2+1,,,"Instances") & ":" & ADDRESS(7+3,BK$2+1))),"max", MAX(INDIRECT(ADDRESS(7+3,BK$2+1,,,"Instances") & ":" & ADDRESS(7+3,BK$2+1))),"diff", MAX(INDIRECT(ADDRESS(7+3,BK$2+1,,,"Instances") & ":" & ADDRESS(7+3,BK$2+1)))-MIN(INDIRECT(ADDRESS(7+3,BK$2+1,,,"Instances") & ":" & ADDRESS(7+3,BK$2+1))))} -> 0 | BL12: =IFERROR(SMALL(BK5:BK343,ROW()-ROW($BL$5)+1),"") -> 0 | BN12: =IFERROR(SUM(BL5:BL12),"") -> 0 | BO12: {=_xlfn.SWITCH(Charts!$B$3,"average", AVERAGE(INDIRECT(ADDRESS(7+3,BO$2+1,,,"Instances") & ":" & ADDRESS(7+3,BO$2+1))),"median", MEDIAN(INDIRECT(ADDRESS(7+3,BO$2+1,,,"Instances") & ":" & ADDRESS(7+3,BO$2+1))),"min", MIN(INDIRECT(ADDRESS(7+3,BO$2+1,,,"Instances") & ":" & ADDRESS(7+3,BO$2+1))),"max", MAX(INDIRECT(ADDRESS(7+3,BO$2+1,,,"Instances") & ":" & ADDRESS(7+3,BO$2+1))),"diff", MAX(INDIRECT(ADDRESS(7+3,BO$2+1,,,"Instances") & ":" & ADDRESS(7+3,BO$2+1)))-MIN(INDIRECT(ADDRESS(7+3,BO$2+1,,,"Instances") & ":" & ADDRESS(7+3,BO$2+1))))} -> 0 | BP12: =IFERROR(SMALL(BO5:BO343,ROW()-ROW($BP$5)+1),"") -> 0 | BR12: =IFERROR(SUM(BP5:BP12),"") -> 0 | BU12: =IF(Charts!$B$3="none",E1714,IF(AM1714="",NA(),AM1714)) -> 0 | BV12: =IF(Charts!$B$3="none",F1714,IF(AN1714="",NA(),AN1714)) -> 0 | BW12: =IF(Charts!$B$3="none",G1714,IF(AO1714="",NA(),AO1714)) -> 0 | BX12: =IF(Charts!$B$3="none",H1714,IF(AP1714="",NA(),AP1714)) -> 0 | BY12: =IF(Charts!$B$3="none",I1714,IF(AQ1714="",NA(),AQ1714)) -> 0 | BZ12: =IF(Charts!$B$3="none",J1714,IF(AR1714="",NA(),AR1714)) -> 0 | CA12: =IF(Charts!$B$3="none",K1714,IF(AS1714="",NA(),AS1714)) -> 0 | CB12: =IF(Charts!$B$3="none",L1714,IF(AT1714="",NA(),AT1714)) -> 0 | ... CZ12: =IF(Charts!$B$3="none",AJ1714,IF(BR1714="",NA(),BR1714)) -> 0
D13: 9 | E13: =IF(INDIRECT(ADDRESS($D13+2,E$2+1,,,"Instances"))="","",INDIRECT(ADDRESS($D13+2,E$2+1,,,"Instances"))) -> 0 | F13: =IFERROR(SMALL(E5:E343,ROW()-ROW($F$5)+1),"") -> 0 | H13: =IFERROR(SUM(F5:F13),"") -> 0 | I13: =IF(INDIRECT(ADDRESS($D13+2,I$2+1,,,"Instances"))="","",INDIRECT(ADDRESS($D13+2,I$2+1,,,"Instances"))) -> 0 | J13: =IFERROR(SMALL(I5:I343,ROW()-ROW($J$5)+1),"") -> 0 | L13: =IFERROR(SUM(J5:J13),"") -> 0 | M13: =IF(INDIRECT(ADDRESS($D13+2,M$2+1,,,"Instances"))="","",INDIRECT(ADDRESS($D13+2,M$2+1,,,"Instances"))) -> 0 | N13: =IFERROR(SMALL(M5:M343,ROW()-ROW($N$5)+1),"") -> 0 | P13: =IFERROR(SUM(N5:N13),"") -> 0 | Q13: =IF(INDIRECT(ADDRESS($D13+2,Q$2+1,,,"Instances"))="","",INDIRECT(ADDRESS($D13+2,Q$2+1,,,"Instances"))) -> 0 | R13: =IFERROR(SMALL(Q5:Q343,ROW()-ROW($R$5)+1),"") -> 0 | T13: =IFERROR(SUM(R5:R13),"") -> 0 | U13: =IF(INDIRECT(ADDRESS($D13+2,U$2+1,,,"Instances"))="","",INDIRECT(ADDRESS($D13+2,U$2+1,,,"Instances"))) -> 0 | V13: =IFERROR(SMALL(U5:U343,ROW()-ROW($V$5)+1),"") -> 0 | X13: =IFERROR(SUM(V5:V13),"") -> 0 | Y13: =IF(INDIRECT(ADDRESS($D13+2,Y$2+1,,,"Instances"))="","",INDIRECT(ADDRESS($D13+2,Y$2+1,,,"Instances"))) -> 0 | Z13: =IFERROR(SMALL(Y5:Y343,ROW()-ROW($Z$5)+1),"") -> 0 | AB13: =IFERROR(SUM(Z5:Z13),"") -> 0 | AC13: =IF(INDIRECT(ADDRESS($D13+2,AC$2+1,,,"Instances"))="","",INDIRECT(ADDRESS($D13+2,AC$2+1,,,"Instances"))) -> 0 | AD13: =IFERROR(SMALL(AC5:AC343,ROW()-ROW($AD$5)+1),"") -> 0 | AF13: =IFERROR(SUM(AD5:AD13),"") -> 0 | AG13: =IF(INDIRECT(ADDRESS($D13+2,AG$2+1,,,"Instances"))="","",INDIRECT(ADDRESS($D13+2,AG$2+1,,,"Instances"))) -> 0 | AH13: =IFERROR(SMALL(AG5:AG343,ROW()-ROW($AH$5)+1),"") -> 0 | AJ13: =IFERROR(SUM(AH5:AH13),"") -> 0 | AL13: 9 | AM13: {=_xlfn.SWITCH(Charts!$B$3,"average", AVERAGE(INDIRECT(ADDRESS(8+3,AM$2+1,,,"Instances") & ":" & ADDRESS(8+3,AM$2+1))),"median", MEDIAN(INDIRECT(ADDRESS(8+3,AM$2+1,,,"Instances") & ":" & ADDRESS(8+3,AM$2+1))),"min", MIN(INDIRECT(ADDRESS(8+3,AM$2+1,,,"Instances") & ":" & ADDRESS(8+3,AM$2+1))),"max", MAX(INDIRECT(ADDRESS(8+3,AM$2+1,,,"Instances") & ":" & ADDRESS(8+3,AM$2+1))),"diff", MAX(INDIRECT(ADDRESS(8+3,AM$2+1,,,"Instances") & ":" & ADDRESS(8+3,AM$2+1)))-MIN(INDIRECT(ADDRESS(8+3,AM$2+1,,,"Instances") & ":" & ADDRESS(8+3,AM$2+1))))} -> 0 | AN13: =IFERROR(SMALL(AM5:AM343,ROW()-ROW($AN$5)+1),"") -> 0 | AP13: =IFERROR(SUM(AN5:AN13),"") -> 0 | AQ13: {=_xlfn.SWITCH(Charts!$B$3,"average", AVERAGE(INDIRECT(ADDRESS(8+3,AQ$2+1,,,"Instances") & ":" & ADDRESS(8+3,AQ$2+1))),"median", MEDIAN(INDIRECT(ADDRESS(8+3,AQ$2+1,,,"Instances") & ":" & ADDRESS(8+3,AQ$2+1))),"min", MIN(INDIRECT(ADDRESS(8+3,AQ$2+1,,,"Instances") & ":" & ADDRESS(8+3,AQ$2+1))),"max", MAX(INDIRECT(ADDRESS(8+3,AQ$2+1,,,"Instances") & ":" & ADDRESS(8+3,AQ$2+1))),"diff", MAX(INDIRECT(ADDRESS(8+3,AQ$2+1,,,"Instances") & ":" & ADDRESS(8+3,AQ$2+1)))-MIN(INDIRECT(ADDRESS(8+3,AQ$2+1,,,"Instances") & ":" & ADDRESS(8+3,AQ$2+1))))} -> 0 | AR13: =IFERROR(SMALL(AQ5:AQ343,ROW()-ROW($AR$5)+1),"") -> 0 | AT13: =IFERROR(SUM(AR5:AR13),"") -> 0 | AU13: {=_xlfn.SWITCH(Charts!$B$3,"average", AVERAGE(INDIRECT(ADDRESS(8+3,AU$2+1,,,"Instances") & ":" & ADDRESS(8+3,AU$2+1))),"median", MEDIAN(INDIRECT(ADDRESS(8+3,AU$2+1,,,"Instances") & ":" & ADDRESS(8+3,AU$2+1))),"min", MIN(INDIRECT(ADDRESS(8+3,AU$2+1,,,"Instances") & ":" & ADDRESS(8+3,AU$2+1))),"max", MAX(INDIRECT(ADDRESS(8+3,AU$2+1,,,"Instances") & ":" & ADDRESS(8+3,AU$2+1))),"diff", MAX(INDIRECT(ADDRESS(8+3,AU$2+1,,,"Instances") & ":" & ADDRESS(8+3,AU$2+1)))-MIN(INDIRECT(ADDRESS(8+3,AU$2+1,,,"Instances") & ":" & ADDRESS(8+3,AU$2+1))))} -> 0 | AV13: =IFERROR(SMALL(AU5:AU343,ROW()-ROW($AV$5)+1),"") -> 0 | AX13: =IFERROR(SUM(AV5:AV13),"") -> 0 | AY13: {=_xlfn.SWITCH(Charts!$B$3,"average", AVERAGE(INDIRECT(ADDRESS(8+3,AY$2+1,,,"Instances") & ":" & ADDRESS(8+3,AY$2+1))),"median", MEDIAN(INDIRECT(ADDRESS(8+3,AY$2+1,,,"Instances") & ":" & ADDRESS(8+3,AY$2+1))),"min", MIN(INDIRECT(ADDRESS(8+3,AY$2+1,,,"Instances") & ":" & ADDRESS(8+3,AY$2+1))),"max", MAX(INDIRECT(ADDRESS(8+3,AY$2+1,,,"Instances") & ":" & ADDRESS(8+3,AY$2+1))),"diff", MAX(INDIRECT(ADDRESS(8+3,AY$2+1,,,"Instances") & ":" & ADDRESS(8+3,AY$2+1)))-MIN(INDIRECT(ADDRESS(8+3,AY$2+1,,,"Instances") & ":" & ADDRESS(8+3,AY$2+1))))} -> 0 | AZ13: =IFERROR(SMALL(AY5:AY343,ROW()-ROW($AZ$5)+1),"") -> 0 | BB13: =IFERROR(SUM(AZ5:AZ13),"") -> 0 | BC13: {=_xlfn.SWITCH(Charts!$B$3,"average", AVERAGE(INDIRECT(ADDRESS(8+3,BC$2+1,,,"Instances") & ":" & ADDRESS(8+3,BC$2+1))),"median", MEDIAN(INDIRECT(ADDRESS(8+3,BC$2+1,,,"Instances") & ":" & ADDRESS(8+3,BC$2+1))),"min", MIN(INDIRECT(ADDRESS(8+3,BC$2+1,,,"Instances") & ":" & ADDRESS(8+3,BC$2+1))),"max", MAX(INDIRECT(ADDRESS(8+3,BC$2+1,,,"Instances") & ":" & ADDRESS(8+3,BC$2+1))),"diff", MAX(INDIRECT(ADDRESS(8+3,BC$2+1,,,"Instances") & ":" & ADDRESS(8+3,BC$2+1)))-MIN(INDIRECT(ADDRESS(8+3,BC$2+1,,,"Instances") & ":" & ADDRESS(8+3,BC$2+1))))} -> 0 | BD13: =IFERROR(SMALL(BC5:BC343,ROW()-ROW($BD$5)+1),"") -> 0 | BF13: =IFERROR(SUM(BD5:BD13),"") -> 0 | BG13: {=_xlfn.SWITCH(Charts!$B$3,"average", AVERAGE(INDIRECT(ADDRESS(8+3,BG$2+1,,,"Instances") & ":" & ADDRESS(8+3,BG$2+1))),"median", MEDIAN(INDIRECT(ADDRESS(8+3,BG$2+1,,,"Instances") & ":" & ADDRESS(8+3,BG$2+1))),"min", MIN(INDIRECT(ADDRESS(8+3,BG$2+1,,,"Instances") & ":" & ADDRESS(8+3,BG$2+1))),"max", MAX(INDIRECT(ADDRESS(8+3,BG$2+1,,,"Instances") & ":" & ADDRESS(8+3,BG$2+1))),"diff", MAX(INDIRECT(ADDRESS(8+3,BG$2+1,,,"Instances") & ":" & ADDRESS(8+3,BG$2+1)))-MIN(INDIRECT(ADDRESS(8+3,BG$2+1,,,"Instances") & ":" & ADDRESS(8+3,BG$2+1))))} -> 0 | BH13: =IFERROR(SMALL(BG5:BG343,ROW()-ROW($BH$5)+1),"") -> 0 | BJ13: =IFERROR(SUM(BH5:BH13),"") -> 0 | BK13: {=_xlfn.SWITCH(Charts!$B$3,"average", AVERAGE(INDIRECT(ADDRESS(8+3,BK$2+1,,,"Instances") & ":" & ADDRESS(8+3,BK$2+1))),"median", MEDIAN(INDIRECT(ADDRESS(8+3,BK$2+1,,,"Instances") & ":" & ADDRESS(8+3,BK$2+1))),"min", MIN(INDIRECT(ADDRESS(8+3,BK$2+1,,,"Instances") & ":" & ADDRESS(8+3,BK$2+1))),"max", MAX(INDIRECT(ADDRESS(8+3,BK$2+1,,,"Instances") & ":" & ADDRESS(8+3,BK$2+1))),"diff", MAX(INDIRECT(ADDRESS(8+3,BK$2+1,,,"Instances") & ":" & ADDRESS(8+3,BK$2+1)))-MIN(INDIRECT(ADDRESS(8+3,BK$2+1,,,"Instances") & ":" & ADDRESS(8+3,BK$2+1))))} -> 0 | BL13: =IFERROR(SMALL(BK5:BK343,ROW()-ROW($BL$5)+1),"") -> 0 | BN13: =IFERROR(SUM(BL5:BL13),"") -> 0 | BO13: {=_xlfn.SWITCH(Charts!$B$3,"average", AVERAGE(INDIRECT(ADDRESS(8+3,BO$2+1,,,"Instances") & ":" & ADDRESS(8+3,BO$2+1))),"median", MEDIAN(INDIRECT(ADDRESS(8+3,BO$2+1,,,"Instances") & ":" & ADDRESS(8+3,BO$2+1))),"min", MIN(INDIRECT(ADDRESS(8+3,BO$2+1,,,"Instances") & ":" & ADDRESS(8+3,BO$2+1))),"max", MAX(INDIRECT(ADDRESS(8+3,BO$2+1,,,"Instances") & ":" & ADDRESS(8+3,BO$2+1))),"diff", MAX(INDIRECT(ADDRESS(8+3,BO$2+1,,,"Instances") & ":" & ADDRESS(8+3,BO$2+1)))-MIN(INDIRECT(ADDRESS(8+3,BO$2+1,,,"Instances") & ":" & ADDRESS(8+3,BO$2+1))))} -> 0 | BP13: =IFERROR(SMALL(BO5:BO343,ROW()-ROW($BP$5)+1),"") -> 0 | BR13: =IFERROR(SUM(BP5:BP13),"") -> 0 | BU13: =IF(Charts!$B$3="none",E1715,IF(AM1715="",NA(),AM1715)) -> 0 | BV13: =IF(Charts!$B$3="none",F1715,IF(AN1715="",NA(),AN1715)) -> 0 | BW13: =IF(Charts!$B$3="none",G1715,IF(AO1715="",NA(),AO1715)) -> 0 | BX13: =IF(Charts!$B$3="none",H1715,IF(AP1715="",NA(),AP1715)) -> 0 | BY13: =IF(Charts!$B$3="none",I1715,IF(AQ1715="",NA(),AQ1715)) -> 0 | BZ13: =IF(Charts!$B$3="none",J1715,IF(AR1715="",NA(),AR1715)) -> 0 | CA13: =IF(Charts!$B$3="none",K1715,IF(AS1715="",NA(),AS1715)) -> 0 | CB13: =IF(Charts!$B$3="none",L1715,IF(AT1715="",NA(),AT1715)) -> 0 | ... CZ13: =IF(Charts!$B$3="none",AJ1715,IF(BR1715="",NA(),BR1715)) -> 0
D14: 10 | E14: =IF(INDIRECT(ADDRESS($D14+2,E$2+1,,,"Instances"))="","",INDIRECT(ADDRESS($D14+2,E$2+1,,,"Instances"))) -> 0 | F14: =IFERROR(SMALL(E5:E343,ROW()-ROW($F$5)+1),"") -> 0 | H14: =IFERROR(SUM(F5:F14),"") -> 0 | I14: =IF(INDIRECT(ADDRESS($D14+2,I$2+1,,,"Instances"))="","",INDIRECT(ADDRESS($D14+2,I$2+1,,,"Instances"))) -> 0 | J14: =IFERROR(SMALL(I5:I343,ROW()-ROW($J$5)+1),"") -> 0 | L14: =IFERROR(SUM(J5:J14),"") -> 0 | M14: =IF(INDIRECT(ADDRESS($D14+2,M$2+1,,,"Instances"))="","",INDIRECT(ADDRESS($D14+2,M$2+1,,,"Instances"))) -> 0 | N14: =IFERROR(SMALL(M5:M343,ROW()-ROW($N$5)+1),"") -> 0 | P14: =IFERROR(SUM(N5:N14),"") -> 0 | Q14: =IF(INDIRECT(ADDRESS($D14+2,Q$2+1,,,"Instances"))="","",INDIRECT(ADDRESS($D14+2,Q$2+1,,,"Instances"))) -> 0 | R14: =IFERROR(SMALL(Q5:Q343,ROW()-ROW($R$5)+1),"") -> 0 | T14: =IFERROR(SUM(R5:R14),"") -> 0 | U14: =IF(INDIRECT(ADDRESS($D14+2,U$2+1,,,"Instances"))="","",INDIRECT(ADDRESS($D14+2,U$2+1,,,"Instances"))) -> 0 | V14: =IFERROR(SMALL(U5:U343,ROW()-ROW($V$5)+1),"") -> 0 | X14: =IFERROR(SUM(V5:V14),"") -> 0 | Y14: =IF(INDIRECT(ADDRESS($D14+2,Y$2+1,,,"Instances"))="","",INDIRECT(ADDRESS($D14+2,Y$2+1,,,"Instances"))) -> 0 | Z14: =IFERROR(SMALL(Y5:Y343,ROW()-ROW($Z$5)+1),"") -> 0 | AB14: =IFERROR(SUM(Z5:Z14),"") -> 0 | AC14: =IF(INDIRECT(ADDRESS($D14+2,AC$2+1,,,"Instances"))="","",INDIRECT(ADDRESS($D14+2,AC$2+1,,,"Instances"))) -> 0 | AD14: =IFERROR(SMALL(AC5:AC343,ROW()-ROW($AD$5)+1),"") -> 0 | AF14: =IFERROR(SUM(AD5:AD14),"") -> 0 | AG14: =IF(INDIRECT(ADDRESS($D14+2,AG$2+1,,,"Instances"))="","",INDIRECT(ADDRESS($D14+2,AG$2+1,,,"Instances"))) -> 0 | AH14: =IFERROR(SMALL(AG5:AG343,ROW()-ROW($AH$5)+1),"") -> 0 | AJ14: =IFERROR(SUM(AH5:AH14),"") -> 0 | AL14: 10 | AM14: {=_xlfn.SWITCH(Charts!$B$3,"average", AVERAGE(INDIRECT(ADDRESS(9+3,AM$2+1,,,"Instances") & ":" & ADDRESS(9+3,AM$2+1))),"median", MEDIAN(INDIRECT(ADDRESS(9+3,AM$2+1,,,"Instances") & ":" & ADDRESS(9+3,AM$2+1))),"min", MIN(INDIRECT(ADDRESS(9+3,AM$2+1,,,"Instances") & ":" & ADDRESS(9+3,AM$2+1))),"max", MAX(INDIRECT(ADDRESS(9+3,AM$2+1,,,"Instances") & ":" & ADDRESS(9+3,AM$2+1))),"diff", MAX(INDIRECT(ADDRESS(9+3,AM$2+1,,,"Instances") & ":" & ADDRESS(9+3,AM$2+1)))-MIN(INDIRECT(ADDRESS(9+3,AM$2+1,,,"Instances") & ":" & ADDRESS(9+3,AM$2+1))))} -> 0 | AN14: =IFERROR(SMALL(AM5:AM343,ROW()-ROW($AN$5)+1),"") -> 0 | AP14: =IFERROR(SUM(AN5:AN14),"") -> 0 | AQ14: {=_xlfn.SWITCH(Charts!$B$3,"average", AVERAGE(INDIRECT(ADDRESS(9+3,AQ$2+1,,,"Instances") & ":" & ADDRESS(9+3,AQ$2+1))),"median", MEDIAN(INDIRECT(ADDRESS(9+3,AQ$2+1,,,"Instances") & ":" & ADDRESS(9+3,AQ$2+1))),"min", MIN(INDIRECT(ADDRESS(9+3,AQ$2+1,,,"Instances") & ":" & ADDRESS(9+3,AQ$2+1))),"max", MAX(INDIRECT(ADDRESS(9+3,AQ$2+1,,,"Instances") & ":" & ADDRESS(9+3,AQ$2+1))),"diff", MAX(INDIRECT(ADDRESS(9+3,AQ$2+1,,,"Instances") & ":" & ADDRESS(9+3,AQ$2+1)))-MIN(INDIRECT(ADDRESS(9+3,AQ$2+1,,,"Instances") & ":" & ADDRESS(9+3,AQ$2+1))))} -> 0 | AR14: =IFERROR(SMALL(AQ5:AQ343,ROW()-ROW($AR$5)+1),"") -> 0 | AT14: =IFERROR(SUM(AR5:AR14),"") -> 0 | AU14: {=_xlfn.SWITCH(Charts!$B$3,"average", AVERAGE(INDIRECT(ADDRESS(9+3,AU$2+1,,,"Instances") & ":" & ADDRESS(9+3,AU$2+1))),"median", MEDIAN(INDIRECT(ADDRESS(9+3,AU$2+1,,,"Instances") & ":" & ADDRESS(9+3,AU$2+1))),"min", MIN(INDIRECT(ADDRESS(9+3,AU$2+1,,,"Instances") & ":" & ADDRESS(9+3,AU$2+1))),"max", MAX(INDIRECT(ADDRESS(9+3,AU$2+1,,,"Instances") & ":" & ADDRESS(9+3,AU$2+1))),"diff", MAX(INDIRECT(ADDRESS(9+3,AU$2+1,,,"Instances") & ":" & ADDRESS(9+3,AU$2+1)))-MIN(INDIRECT(ADDRESS(9+3,AU$2+1,,,"Instances") & ":" & ADDRESS(9+3,AU$2+1))))} -> 0 | AV14: =IFERROR(SMALL(AU5:AU343,ROW()-ROW($AV$5)+1),"") -> 0 | AX14: =IFERROR(SUM(AV5:AV14),"") -> 0 | AY14: {=_xlfn.SWITCH(Charts!$B$3,"average", AVERAGE(INDIRECT(ADDRESS(9+3,AY$2+1,,,"Instances") & ":" & ADDRESS(9+3,AY$2+1))),"median", MEDIAN(INDIRECT(ADDRESS(9+3,AY$2+1,,,"Instances") & ":" & ADDRESS(9+3,AY$2+1))),"min", MIN(INDIRECT(ADDRESS(9+3,AY$2+1,,,"Instances") & ":" & ADDRESS(9+3,AY$2+1))),"max", MAX(INDIRECT(ADDRESS(9+3,AY$2+1,,,"Instances") & ":" & ADDRESS(9+3,AY$2+1))),"diff", MAX(INDIRECT(ADDRESS(9+3,AY$2+1,,,"Instances") & ":" & ADDRESS(9+3,AY$2+1)))-MIN(INDIRECT(ADDRESS(9+3,AY$2+1,,,"Instances") & ":" & ADDRESS(9+3,AY$2+1))))} -> 0 | AZ14: =IFERROR(SMALL(AY5:AY343,ROW()-ROW($AZ$5)+1),"") -> 0 | BB14: =IFERROR(SUM(AZ5:AZ14),"") -> 0 | BC14: {=_xlfn.SWITCH(Charts!$B$3,"average", AVERAGE(INDIRECT(ADDRESS(9+3,BC$2+1,,,"Instances") & ":" & ADDRESS(9+3,BC$2+1))),"median", MEDIAN(INDIRECT(ADDRESS(9+3,BC$2+1,,,"Instances") & ":" & ADDRESS(9+3,BC$2+1))),"min", MIN(INDIRECT(ADDRESS(9+3,BC$2+1,,,"Instances") & ":" & ADDRESS(9+3,BC$2+1))),"max", MAX(INDIRECT(ADDRESS(9+3,BC$2+1,,,"Instances") & ":" & ADDRESS(9+3,BC$2+1))),"diff", MAX(INDIRECT(ADDRESS(9+3,BC$2+1,,,"Instances") & ":" & ADDRESS(9+3,BC$2+1)))-MIN(INDIRECT(ADDRESS(9+3,BC$2+1,,,"Instances") & ":" & ADDRESS(9+3,BC$2+1))))} -> 0 | BD14: =IFERROR(SMALL(BC5:BC343,ROW()-ROW($BD$5)+1),"") -> 0 | BF14: =IFERROR(SUM(BD5:BD14),"") -> 0 | BG14: {=_xlfn.SWITCH(Charts!$B$3,"average", AVERAGE(INDIRECT(ADDRESS(9+3,BG$2+1,,,"Instances") & ":" & ADDRESS(9+3,BG$2+1))),"median", MEDIAN(INDIRECT(ADDRESS(9+3,BG$2+1,,,"Instances") & ":" & ADDRESS(9+3,BG$2+1))),"min", MIN(INDIRECT(ADDRESS(9+3,BG$2+1,,,"Instances") & ":" & ADDRESS(9+3,BG$2+1))),"max", MAX(INDIRECT(ADDRESS(9+3,BG$2+1,,,"Instances") & ":" & ADDRESS(9+3,BG$2+1))),"diff", MAX(INDIRECT(ADDRESS(9+3,BG$2+1,,,"Instances") & ":" & ADDRESS(9+3,BG$2+1)))-MIN(INDIRECT(ADDRESS(9+3,BG$2+1,,,"Instances") & ":" & ADDRESS(9+3,BG$2+1))))} -> 0 | BH14: =IFERROR(SMALL(BG5:BG343,ROW()-ROW($BH$5)+1),"") -> 0 | BJ14: =IFERROR(SUM(BH5:BH14),"") -> 0 | BK14: {=_xlfn.SWITCH(Charts!$B$3,"average", AVERAGE(INDIRECT(ADDRESS(9+3,BK$2+1,,,"Instances") & ":" & ADDRESS(9+3,BK$2+1))),"median", MEDIAN(INDIRECT(ADDRESS(9+3,BK$2+1,,,"Instances") & ":" & ADDRESS(9+3,BK$2+1))),"min", MIN(INDIRECT(ADDRESS(9+3,BK$2+1,,,"Instances") & ":" & ADDRESS(9+3,BK$2+1))),"max", MAX(INDIRECT(ADDRESS(9+3,BK$2+1,,,"Instances") & ":" & ADDRESS(9+3,BK$2+1))),"diff", MAX(INDIRECT(ADDRESS(9+3,BK$2+1,,,"Instances") & ":" & ADDRESS(9+3,BK$2+1)))-MIN(INDIRECT(ADDRESS(9+3,BK$2+1,,,"Instances") & ":" & ADDRESS(9+3,BK$2+1))))} -> 0 | BL14: =IFERROR(SMALL(BK5:BK343,ROW()-ROW($BL$5)+1),"") -> 0 | BN14: =IFERROR(SUM(BL5:BL14),"") -> 0 | BO14: {=_xlfn.SWITCH(Charts!$B$3,"average", AVERAGE(INDIRECT(ADDRESS(9+3,BO$2+1,,,"Instances") & ":" & ADDRESS(9+3,BO$2+1))),"median", MEDIAN(INDIRECT(ADDRESS(9+3,BO$2+1,,,"Instances") & ":" & ADDRESS(9+3,BO$2+1))),"min", MIN(INDIRECT(ADDRESS(9+3,BO$2+1,,,"Instances") & ":" & ADDRESS(9+3,BO$2+1))),"max", MAX(INDIRECT(ADDRESS(9+3,BO$2+1,,,"Instances") & ":" & ADDRESS(9+3,BO$2+1))),"diff", MAX(INDIRECT(ADDRESS(9+3,BO$2+1,,,"Instances") & ":" & ADDRESS(9+3,BO$2+1)))-MIN(INDIRECT(ADDRESS(9+3,BO$2+1,,,"Instances") & ":" & ADDRESS(9+3,BO$2+1))))} -> 0 | BP14: =IFERROR(SMALL(BO5:BO343,ROW()-ROW($BP$5)+1),"") -> 0 | BR14: =IFERROR(SUM(BP5:BP14),"") -> 0 | BU14: =IF(Charts!$B$3="none",E1716,IF(AM1716="",NA(),AM1716)) -> 0 | BV14: =IF(Charts!$B$3="none",F1716,IF(AN1716="",NA(),AN1716)) -> 0 | BW14: =IF(Charts!$B$3="none",G1716,IF(AO1716="",NA(),AO1716)) -> 0 | BX14: =IF(Charts!$B$3="none",H1716,IF(AP1716="",NA(),AP1716)) -> 0 | BY14: =IF(Charts!$B$3="none",I1716,IF(AQ1716="",NA(),AQ1716)) -> 0 | BZ14: =IF(Charts!$B$3="none",J1716,IF(AR1716="",NA(),AR1716)) -> 0 | CA14: =IF(Charts!$B$3="none",K1716,IF(AS1716="",NA(),AS1716)) -> 0 | CB14: =IF(Charts!$B$3="none",L1716,IF(AT1716="",NA(),AT1716)) -> 0 | ... CZ14: =IF(Charts!$B$3="none",AJ1716,IF(BR1716="",NA(),BR1716)) -> 0
D15: 11 | E15: =IF(INDIRECT(ADDRESS($D15+2,E$2+1,,,"Instances"))="","",INDIRECT(ADDRESS($D15+2,E$2+1,,,"Instances"))) -> 0 | F15: =IFERROR(SMALL(E5:E343,ROW()-ROW($F$5)+1),"") -> 0 | H15: =IFERROR(SUM(F5:F15),"") -> 0 | I15: =IF(INDIRECT(ADDRESS($D15+2,I$2+1,,,"Instances"))="","",INDIRECT(ADDRESS($D15+2,I$2+1,,,"Instances"))) -> 0 | J15: =IFERROR(SMALL(I5:I343,ROW()-ROW($J$5)+1),"") -> 0 | L15: =IFERROR(SUM(J5:J15),"") -> 0 | M15: =IF(INDIRECT(ADDRESS($D15+2,M$2+1,,,"Instances"))="","",INDIRECT(ADDRESS($D15+2,M$2+1,,,"Instances"))) -> 0 | N15: =IFERROR(SMALL(M5:M343,ROW()-ROW($N$5)+1),"") -> 0 | P15: =IFERROR(SUM(N5:N15),"") -> 0 | Q15: =IF(INDIRECT(ADDRESS($D15+2,Q$2+1,,,"Instances"))="","",INDIRECT(ADDRESS($D15+2,Q$2+1,,,"Instances"))) -> 0 | R15: =IFERROR(SMALL(Q5:Q343,ROW()-ROW($R$5)+1),"") -> 0 | T15: =IFERROR(SUM(R5:R15),"") -> 0 | U15: =IF(INDIRECT(ADDRESS($D15+2,U$2+1,,,"Instances"))="","",INDIRECT(ADDRESS($D15+2,U$2+1,,,"Instances"))) -> 0 | V15: =IFERROR(SMALL(U5:U343,ROW()-ROW($V$5)+1),"") -> 0 | X15: =IFERROR(SUM(V5:V15),"") -> 0 | Y15: =IF(INDIRECT(ADDRESS($D15+2,Y$2+1,,,"Instances"))="","",INDIRECT(ADDRESS($D15+2,Y$2+1,,,"Instances"))) -> 0 | Z15: =IFERROR(SMALL(Y5:Y343,ROW()-ROW($Z$5)+1),"") -> 0 | AB15: =IFERROR(SUM(Z5:Z15),"") -> 0 | AC15: =IF(INDIRECT(ADDRESS($D15+2,AC$2+1,,,"Instances"))="","",INDIRECT(ADDRESS($D15+2,AC$2+1,,,"Instances"))) -> 0 | AD15: =IFERROR(SMALL(AC5:AC343,ROW()-ROW($AD$5)+1),"") -> 0 | AF15: =IFERROR(SUM(AD5:AD15),"") -> 0 | AG15: =IF(INDIRECT(ADDRESS($D15+2,AG$2+1,,,"Instances"))="","",INDIRECT(ADDRESS($D15+2,AG$2+1,,,"Instances"))) -> 0 | AH15: =IFERROR(SMALL(AG5:AG343,ROW()-ROW($AH$5)+1),"") -> 0 | AJ15: =IFERROR(SUM(AH5:AH15),"") -> 0 | AL15: 11 | AM15: {=_xlfn.SWITCH(Charts!$B$3,"average", AVERAGE(INDIRECT(ADDRESS(10+3,AM$2+1,,,"Instances") & ":" & ADDRESS(10+3,AM$2+1))),"median", MEDIAN(INDIRECT(ADDRESS(10+3,AM$2+1,,,"Instances") & ":" & ADDRESS(10+3,AM$2+1))),"min", MIN(INDIRECT(ADDRESS(10+3,AM$2+1,,,"Instances") & ":" & ADDRESS(10+3,AM$2+1))),"max", MAX(INDIRECT(ADDRESS(10+3,AM$2+1,,,"Instances") & ":" & ADDRESS(10+3,AM$2+1))),"diff", MAX(INDIRECT(ADDRESS(10+3,AM$2+1,,,"Instances") & ":" & ADDRESS(10+3,AM$2+1)))-MIN(INDIRECT(ADDRESS(10+3,AM$2+1,,,"Instances") & ":" & ADDRESS(10+3,AM$2+1))))} -> 0 | AN15: =IFERROR(SMALL(AM5:AM343,ROW()-ROW($AN$5)+1),"") -> 0 | AP15: =IFERROR(SUM(AN5:AN15),"") -> 0 | AQ15: {=_xlfn.SWITCH(Charts!$B$3,"average", AVERAGE(INDIRECT(ADDRESS(10+3,AQ$2+1,,,"Instances") & ":" & ADDRESS(10+3,AQ$2+1))),"median", MEDIAN(INDIRECT(ADDRESS(10+3,AQ$2+1,,,"Instances") & ":" & ADDRESS(10+3,AQ$2+1))),"min", MIN(INDIRECT(ADDRESS(10+3,AQ$2+1,,,"Instances") & ":" & ADDRESS(10+3,AQ$2+1))),"max", MAX(INDIRECT(ADDRESS(10+3,AQ$2+1,,,"Instances") & ":" & ADDRESS(10+3,AQ$2+1))),"diff", MAX(INDIRECT(ADDRESS(10+3,AQ$2+1,,,"Instances") & ":" & ADDRESS(10+3,AQ$2+1)))-MIN(INDIRECT(ADDRESS(10+3,AQ$2+1,,,"Instances") & ":" & ADDRESS(10+3,AQ$2+1))))} -> 0 | AR15: =IFERROR(SMALL(AQ5:AQ343,ROW()-ROW($AR$5)+1),"") -> 0 | AT15: =IFERROR(SUM(AR5:AR15),"") -> 0 | AU15: {=_xlfn.SWITCH(Charts!$B$3,"average", AVERAGE(INDIRECT(ADDRESS(10+3,AU$2+1,,,"Instances") & ":" & ADDRESS(10+3,AU$2+1))),"median", MEDIAN(INDIRECT(ADDRESS(10+3,AU$2+1,,,"Instances") & ":" & ADDRESS(10+3,AU$2+1))),"min", MIN(INDIRECT(ADDRESS(10+3,AU$2+1,,,"Instances") & ":" & ADDRESS(10+3,AU$2+1))),"max", MAX(INDIRECT(ADDRESS(10+3,AU$2+1,,,"Instances") & ":" & ADDRESS(10+3,AU$2+1))),"diff", MAX(INDIRECT(ADDRESS(10+3,AU$2+1,,,"Instances") & ":" & ADDRESS(10+3,AU$2+1)))-MIN(INDIRECT(ADDRESS(10+3,AU$2+1,,,"Instances") & ":" & ADDRESS(10+3,AU$2+1))))} -> 0 | AV15: =IFERROR(SMALL(AU5:AU343,ROW()-ROW($AV$5)+1),"") -> 0 | AX15: =IFERROR(SUM(AV5:AV15),"") -> 0 | AY15: {=_xlfn.SWITCH(Charts!$B$3,"average", AVERAGE(INDIRECT(ADDRESS(10+3,AY$2+1,,,"Instances") & ":" & ADDRESS(10+3,AY$2+1))),"median", MEDIAN(INDIRECT(ADDRESS(10+3,AY$2+1,,,"Instances") & ":" & ADDRESS(10+3,AY$2+1))),"min", MIN(INDIRECT(ADDRESS(10+3,AY$2+1,,,"Instances") & ":" & ADDRESS(10+3,AY$2+1))),"max", MAX(INDIRECT(ADDRESS(10+3,AY$2+1,,,"Instances") & ":" & ADDRESS(10+3,AY$2+1))),"diff", MAX(INDIRECT(ADDRESS(10+3,AY$2+1,,,"Instances") & ":" & ADDRESS(10+3,AY$2+1)))-MIN(INDIRECT(ADDRESS(10+3,AY$2+1,,,"Instances") & ":" & ADDRESS(10+3,AY$2+1))))} -> 0 | AZ15: =IFERROR(SMALL(AY5:AY343,ROW()-ROW($AZ$5)+1),"") -> 0 | BB15: =IFERROR(SUM(AZ5:AZ15),"") -> 0 | BC15: {=_xlfn.SWITCH(Charts!$B$3,"average", AVERAGE(INDIRECT(ADDRESS(10+3,BC$2+1,,,"Instances") & ":" & ADDRESS(10+3,BC$2+1))),"median", MEDIAN(INDIRECT(ADDRESS(10+3,BC$2+1,,,"Instances") & ":" & ADDRESS(10+3,BC$2+1))),"min", MIN(INDIRECT(ADDRESS(10+3,BC$2+1,,,"Instances") & ":" & ADDRESS(10+3,BC$2+1))),"max", MAX(INDIRECT(ADDRESS(10+3,BC$2+1,,,"Instances") & ":" & ADDRESS(10+3,BC$2+1))),"diff", MAX(INDIRECT(ADDRESS(10+3,BC$2+1,,,"Instances") & ":" & ADDRESS(10+3,BC$2+1)))-MIN(INDIRECT(ADDRESS(10+3,BC$2+1,,,"Instances") & ":" & ADDRESS(10+3,BC$2+1))))} -> 0 | BD15: =IFERROR(SMALL(BC5:BC343,ROW()-ROW($BD$5)+1),"") -> 0 | BF15: =IFERROR(SUM(BD5:BD15),"") -> 0 | BG15: {=_xlfn.SWITCH(Charts!$B$3,"average", AVERAGE(INDIRECT(ADDRESS(10+3,BG$2+1,,,"Instances") & ":" & ADDRESS(10+3,BG$2+1))),"median", MEDIAN(INDIRECT(ADDRESS(10+3,BG$2+1,,,"Instances") & ":" & ADDRESS(10+3,BG$2+1))),"min", MIN(INDIRECT(ADDRESS(10+3,BG$2+1,,,"Instances") & ":" & ADDRESS(10+3,BG$2+1))),"max", MAX(INDIRECT(ADDRESS(10+3,BG$2+1,,,"Instances") & ":" & ADDRESS(10+3,BG$2+1))),"diff", MAX(INDIRECT(ADDRESS(10+3,BG$2+1,,,"Instances") & ":" & ADDRESS(10+3,BG$2+1)))-MIN(INDIRECT(ADDRESS(10+3,BG$2+1,,,"Instances") & ":" & ADDRESS(10+3,BG$2+1))))} -> 0 | BH15: =IFERROR(SMALL(BG5:BG343,ROW()-ROW($BH$5)+1),"") -> 0 | BJ15: =IFERROR(SUM(BH5:BH15),"") -> 0 | BK15: {=_xlfn.SWITCH(Charts!$B$3,"average", AVERAGE(INDIRECT(ADDRESS(10+3,BK$2+1,,,"Instances") & ":" & ADDRESS(10+3,BK$2+1))),"median", MEDIAN(INDIRECT(ADDRESS(10+3,BK$2+1,,,"Instances") & ":" & ADDRESS(10+3,BK$2+1))),"min", MIN(INDIRECT(ADDRESS(10+3,BK$2+1,,,"Instances") & ":" & ADDRESS(10+3,BK$2+1))),"max", MAX(INDIRECT(ADDRESS(10+3,BK$2+1,,,"Instances") & ":" & ADDRESS(10+3,BK$2+1))),"diff", MAX(INDIRECT(ADDRESS(10+3,BK$2+1,,,"Instances") & ":" & ADDRESS(10+3,BK$2+1)))-MIN(INDIRECT(ADDRESS(10+3,BK$2+1,,,"Instances") & ":" & ADDRESS(10+3,BK$2+1))))} -> 0 | BL15: =IFERROR(SMALL(BK5:BK343,ROW()-ROW($BL$5)+1),"") -> 0 | BN15: =IFERROR(SUM(BL5:BL15),"") -> 0 | BO15: {=_xlfn.SWITCH(Charts!$B$3,"average", AVERAGE(INDIRECT(ADDRESS(10+3,BO$2+1,,,"Instances") & ":" & ADDRESS(10+3,BO$2+1))),"median", MEDIAN(INDIRECT(ADDRESS(10+3,BO$2+1,,,"Instances") & ":" & ADDRESS(10+3,BO$2+1))),"min", MIN(INDIRECT(ADDRESS(10+3,BO$2+1,,,"Instances") & ":" & ADDRESS(10+3,BO$2+1))),"max", MAX(INDIRECT(ADDRESS(10+3,BO$2+1,,,"Instances") & ":" & ADDRESS(10+3,BO$2+1))),"diff", MAX(INDIRECT(ADDRESS(10+3,BO$2+1,,,"Instances") & ":" & ADDRESS(10+3,BO$2+1)))-MIN(INDIRECT(ADDRESS(10+3,BO$2+1,,,"Instances") & ":" & ADDRESS(10+3,BO$2+1))))} -> 0 | BP15: =IFERROR(SMALL(BO5:BO343,ROW()-ROW($BP$5)+1),"") -> 0 | BR15: =IFERROR(SUM(BP5:BP15),"") -> 0 | BU15: =IF(Charts!$B$3="none",E1717,IF(AM1717="",NA(),AM1717)) -> 0 | BV15: =IF(Charts!$B$3="none",F1717,IF(AN1717="",NA(),AN1717)) -> 0 | BW15: =IF(Charts!$B$3="none",G1717,IF(AO1717="",NA(),AO1717)) -> 0 | BX15: =IF(Charts!$B$3="none",H1717,IF(AP1717="",NA(),AP1717)) -> 0 | BY15: =IF(Charts!$B$3="none",I1717,IF(AQ1717="",NA(),AQ1717)) -> 0 | BZ15: =IF(Charts!$B$3="none",J1717,IF(AR1717="",NA(),AR1717)) -> 0 | CA15: =IF(Charts!$B$3="none",K1717,IF(AS1717="",NA(),AS1717)) -> 0 | CB15: =IF(Charts!$B$3="none",L1717,IF(AT1717="",NA(),AT1717)) -> 0 | ... CZ15: =IF(Charts!$B$3="none",AJ1717,IF(BR1717="",NA(),BR1717)) -> 0
D16: 12 | E16: =IF(INDIRECT(ADDRESS($D16+2,E$2+1,,,"Instances"))="","",INDIRECT(ADDRESS($D16+2,E$2+1,,,"Instances"))) -> 0 | F16: =IFERROR(SMALL(E5:E343,ROW()-ROW($F$5)+1),"") -> 0 | H16: =IFERROR(SUM(F5:F16),"") -> 0 | I16: =IF(INDIRECT(ADDRESS($D16+2,I$2+1,,,"Instances"))="","",INDIRECT(ADDRESS($D16+2,I$2+1,,,"Instances"))) -> 0 | J16: =IFERROR(SMALL(I5:I343,ROW()-ROW($J$5)+1),"") -> 0 | L16: =IFERROR(SUM(J5:J16),"") -> 0 | M16: =IF(INDIRECT(ADDRESS($D16+2,M$2+1,,,"Instances"))="","",INDIRECT(ADDRESS($D16+2,M$2+1,,,"Instances"))) -> 0 | N16: =IFERROR(SMALL(M5:M343,ROW()-ROW($N$5)+1),"") -> 0 | P16: =IFERROR(SUM(N5:N16),"") -> 0 | Q16: =IF(INDIRECT(ADDRESS($D16+2,Q$2+1,,,"Instances"))="","",INDIRECT(ADDRESS($D16+2,Q$2+1,,,"Instances"))) -> 0 | R16: =IFERROR(SMALL(Q5:Q343,ROW()-ROW($R$5)+1),"") -> 0 | T16: =IFERROR(SUM(R5:R16),"") -> 0 | U16: =IF(INDIRECT(ADDRESS($D16+2,U$2+1,,,"Instances"))="","",INDIRECT(ADDRESS($D16+2,U$2+1,,,"Instances"))) -> 0 | V16: =IFERROR(SMALL(U5:U343,ROW()-ROW($V$5)+1),"") -> 0 | X16: =IFERROR(SUM(V5:V16),"") -> 0 | Y16: =IF(INDIRECT(ADDRESS($D16+2,Y$2+1,,,"Instances"))="","",INDIRECT(ADDRESS($D16+2,Y$2+1,,,"Instances"))) -> 0 | Z16: =IFERROR(SMALL(Y5:Y343,ROW()-ROW($Z$5)+1),"") -> 0 | AB16: =IFERROR(SUM(Z5:Z16),"") -> 0 | AC16: =IF(INDIRECT(ADDRESS($D16+2,AC$2+1,,,"Instances"))="","",INDIRECT(ADDRESS($D16+2,AC$2+1,,,"Instances"))) -> 0 | AD16: =IFERROR(SMALL(AC5:AC343,ROW()-ROW($AD$5)+1),"") -> 0 | AF16: =IFERROR(SUM(AD5:AD16),"") -> 0 | AG16: =IF(INDIRECT(ADDRESS($D16+2,AG$2+1,,,"Instances"))="","",INDIRECT(ADDRESS($D16+2,AG$2+1,,,"Instances"))) -> 0 | AH16: =IFERROR(SMALL(AG5:AG343,ROW()-ROW($AH$5)+1),"") -> 0 | AJ16: =IFERROR(SUM(AH5:AH16),"") -> 0 | AL16: 12 | AM16: {=_xlfn.SWITCH(Charts!$B$3,"average", AVERAGE(INDIRECT(ADDRESS(11+3,AM$2+1,,,"Instances") & ":" & ADDRESS(11+3,AM$2+1))),"median", MEDIAN(INDIRECT(ADDRESS(11+3,AM$2+1,,,"Instances") & ":" & ADDRESS(11+3,AM$2+1))),"min", MIN(INDIRECT(ADDRESS(11+3,AM$2+1,,,"Instances") & ":" & ADDRESS(11+3,AM$2+1))),"max", MAX(INDIRECT(ADDRESS(11+3,AM$2+1,,,"Instances") & ":" & ADDRESS(11+3,AM$2+1))),"diff", MAX(INDIRECT(ADDRESS(11+3,AM$2+1,,,"Instances") & ":" & ADDRESS(11+3,AM$2+1)))-MIN(INDIRECT(ADDRESS(11+3,AM$2+1,,,"Instances") & ":" & ADDRESS(11+3,AM$2+1))))} -> 0 | AN16: =IFERROR(SMALL(AM5:AM343,ROW()-ROW($AN$5)+1),"") -> 0 | AP16: =IFERROR(SUM(AN5:AN16),"") -> 0 | AQ16: {=_xlfn.SWITCH(Charts!$B$3,"average", AVERAGE(INDIRECT(ADDRESS(11+3,AQ$2+1,,,"Instances") & ":" & ADDRESS(11+3,AQ$2+1))),"median", MEDIAN(INDIRECT(ADDRESS(11+3,AQ$2+1,,,"Instances") & ":" & ADDRESS(11+3,AQ$2+1))),"min", MIN(INDIRECT(ADDRESS(11+3,AQ$2+1,,,"Instances") & ":" & ADDRESS(11+3,AQ$2+1))),"max", MAX(INDIRECT(ADDRESS(11+3,AQ$2+1,,,"Instances") & ":" & ADDRESS(11+3,AQ$2+1))),"diff", MAX(INDIRECT(ADDRESS(11+3,AQ$2+1,,,"Instances") & ":" & ADDRESS(11+3,AQ$2+1)))-MIN(INDIRECT(ADDRESS(11+3,AQ$2+1,,,"Instances") & ":" & ADDRESS(11+3,AQ$2+1))))} -> 0 | AR16: =IFERROR(SMALL(AQ5:AQ343,ROW()-ROW($AR$5)+1),"") -> 0 | AT16: =IFERROR(SUM(AR5:AR16),"") -> 0 | AU16: {=_xlfn.SWITCH(Charts!$B$3,"average", AVERAGE(INDIRECT(ADDRESS(11+3,AU$2+1,,,"Instances") & ":" & ADDRESS(11+3,AU$2+1))),"median", MEDIAN(INDIRECT(ADDRESS(11+3,AU$2+1,,,"Instances") & ":" & ADDRESS(11+3,AU$2+1))),"min", MIN(INDIRECT(ADDRESS(11+3,AU$2+1,,,"Instances") & ":" & ADDRESS(11+3,AU$2+1))),"max", MAX(INDIRECT(ADDRESS(11+3,AU$2+1,,,"Instances") & ":" & ADDRESS(11+3,AU$2+1))),"diff", MAX(INDIRECT(ADDRESS(11+3,AU$2+1,,,"Instances") & ":" & ADDRESS(11+3,AU$2+1)))-MIN(INDIRECT(ADDRESS(11+3,AU$2+1,,,"Instances") & ":" & ADDRESS(11+3,AU$2+1))))} -> 0 | AV16: =IFERROR(SMALL(AU5:AU343,ROW()-ROW($AV$5)+1),"") -> 0 | AX16: =IFERROR(SUM(AV5:AV16),"") -> 0 | AY16: {=_xlfn.SWITCH(Charts!$B$3,"average", AVERAGE(INDIRECT(ADDRESS(11+3,AY$2+1,,,"Instances") & ":" & ADDRESS(11+3,AY$2+1))),"median", MEDIAN(INDIRECT(ADDRESS(11+3,AY$2+1,,,"Instances") & ":" & ADDRESS(11+3,AY$2+1))),"min", MIN(INDIRECT(ADDRESS(11+3,AY$2+1,,,"Instances") & ":" & ADDRESS(11+3,AY$2+1))),"max", MAX(INDIRECT(ADDRESS(11+3,AY$2+1,,,"Instances") & ":" & ADDRESS(11+3,AY$2+1))),"diff", MAX(INDIRECT(ADDRESS(11+3,AY$2+1,,,"Instances") & ":" & ADDRESS(11+3,AY$2+1)))-MIN(INDIRECT(ADDRESS(11+3,AY$2+1,,,"Instances") & ":" & ADDRESS(11+3,AY$2+1))))} -> 0 | AZ16: =IFERROR(SMALL(AY5:AY343,ROW()-ROW($AZ$5)+1),"") -> 0 | BB16: =IFERROR(SUM(AZ5:AZ16),"") -> 0 | BC16: {=_xlfn.SWITCH(Charts!$B$3,"average", AVERAGE(INDIRECT(ADDRESS(11+3,BC$2+1,,,"Instances") & ":" & ADDRESS(11+3,BC$2+1))),"median", MEDIAN(INDIRECT(ADDRESS(11+3,BC$2+1,,,"Instances") & ":" & ADDRESS(11+3,BC$2+1))),"min", MIN(INDIRECT(ADDRESS(11+3,BC$2+1,,,"Instances") & ":" & ADDRESS(11+3,BC$2+1))),"max", MAX(INDIRECT(ADDRESS(11+3,BC$2+1,,,"Instances") & ":" & ADDRESS(11+3,BC$2+1))),"diff", MAX(INDIRECT(ADDRESS(11+3,BC$2+1,,,"Instances") & ":" & ADDRESS(11+3,BC$2+1)))-MIN(INDIRECT(ADDRESS(11+3,BC$2+1,,,"Instances") & ":" & ADDRESS(11+3,BC$2+1))))} -> 0 | BD16: =IFERROR(SMALL(BC5:BC343,ROW()-ROW($BD$5)+1),"") -> 0 | BF16: =IFERROR(SUM(BD5:BD16),"") -> 0 | BG16: {=_xlfn.SWITCH(Charts!$B$3,"average", AVERAGE(INDIRECT(ADDRESS(11+3,BG$2+1,,,"Instances") & ":" & ADDRESS(11+3,BG$2+1))),"median", MEDIAN(INDIRECT(ADDRESS(11+3,BG$2+1,,,"Instances") & ":" & ADDRESS(11+3,BG$2+1))),"min", MIN(INDIRECT(ADDRESS(11+3,BG$2+1,,,"Instances") & ":" & ADDRESS(11+3,BG$2+1))),"max", MAX(INDIRECT(ADDRESS(11+3,BG$2+1,,,"Instances") & ":" & ADDRESS(11+3,BG$2+1))),"diff", MAX(INDIRECT(ADDRESS(11+3,BG$2+1,,,"Instances") & ":" & ADDRESS(11+3,BG$2+1)))-MIN(INDIRECT(ADDRESS(11+3,BG$2+1,,,"Instances") & ":" & ADDRESS(11+3,BG$2+1))))} -> 0 | BH16: =IFERROR(SMALL(BG5:BG343,ROW()-ROW($BH$5)+1),"") -> 0 | BJ16: =IFERROR(SUM(BH5:BH16),"") -> 0 | BK16: {=_xlfn.SWITCH(Charts!$B$3,"average", AVERAGE(INDIRECT(ADDRESS(11+3,BK$2+1,,,"Instances") & ":" & ADDRESS(11+3,BK$2+1))),"median", MEDIAN(INDIRECT(ADDRESS(11+3,BK$2+1,,,"Instances") & ":" & ADDRESS(11+3,BK$2+1))),"min", MIN(INDIRECT(ADDRESS(11+3,BK$2+1,,,"Instances") & ":" & ADDRESS(11+3,BK$2+1))),"max", MAX(INDIRECT(ADDRESS(11+3,BK$2+1,,,"Instances") & ":" & ADDRESS(11+3,BK$2+1))),"diff", MAX(INDIRECT(ADDRESS(11+3,BK$2+1,,,"Instances") & ":" & ADDRESS(11+3,BK$2+1)))-MIN(INDIRECT(ADDRESS(11+3,BK$2+1,,,"Instances") & ":" & ADDRESS(11+3,BK$2+1))))} -> 0 | BL16: =IFERROR(SMALL(BK5:BK343,ROW()-ROW($BL$5)+1),"") -> 0 | BN16: =IFERROR(SUM(BL5:BL16),"") -> 0 | BO16: {=_xlfn.SWITCH(Charts!$B$3,"average", AVERAGE(INDIRECT(ADDRESS(11+3,BO$2+1,,,"Instances") & ":" & ADDRESS(11+3,BO$2+1))),"median", MEDIAN(INDIRECT(ADDRESS(11+3,BO$2+1,,,"Instances") & ":" & ADDRESS(11+3,BO$2+1))),"min", MIN(INDIRECT(ADDRESS(11+3,BO$2+1,,,"Instances") & ":" & ADDRESS(11+3,BO$2+1))),"max", MAX(INDIRECT(ADDRESS(11+3,BO$2+1,,,"Instances") & ":" & ADDRESS(11+3,BO$2+1))),"diff", MAX(INDIRECT(ADDRESS(11+3,BO$2+1,,,"Instances") & ":" & ADDRESS(11+3,BO$2+1)))-MIN(INDIRECT(ADDRESS(11+3,BO$2+1,,,"Instances") & ":" & ADDRESS(11+3,BO$2+1))))} -> 0 | BP16: =IFERROR(SMALL(BO5:BO343,ROW()-ROW($BP$5)+1),"") -> 0 | BR16: =IFERROR(SUM(BP5:BP16),"") -> 0 | BU16: =IF(Charts!$B$3="none",E1718,IF(AM1718="",NA(),AM1718)) -> 0 | BV16: =IF(Charts!$B$3="none",F1718,IF(AN1718="",NA(),AN1718)) -> 0 | BW16: =IF(Charts!$B$3="none",G1718,IF(AO1718="",NA(),AO1718)) -> 0 | BX16: =IF(Charts!$B$3="none",H1718,IF(AP1718="",NA(),AP1718)) -> 0 | BY16: =IF(Charts!$B$3="none",I1718,IF(AQ1718="",NA(),AQ1718)) -> 0 | BZ16: =IF(Charts!$B$3="none",J1718,IF(AR1718="",NA(),AR1718)) -> 0 | CA16: =IF(Charts!$B$3="none",K1718,IF(AS1718="",NA(),AS1718)) -> 0 | CB16: =IF(Charts!$B$3="none",L1718,IF(AT1718="",NA(),AT1718)) -> 0 | ... CZ16: =IF(Charts!$B$3="none",AJ1718,IF(BR1718="",NA(),BR1718)) -> 0
