Workbook

Sheet Instances
B1: coomsuite-1.1.0/incremental-exponential_clingo_2 | D1: coomsuite-1.1.0/incremental-exponential_clingo_3 | F1: coomsuite-1.1.0/incremental-exponential_clingo_4 | H1: coomsuite-1.1.0/incremental-exponential_flingo_2 | J1: coomsuite-1.1.0/incremental-exponential_flingo_3 | L1: coomsuite-1.1.0/incremental-exponential_flingo_4 | N1: coomsuite-1.1.0/incremental-linear_clingo_1 | P1: coomsuite-1.1.0/incremental-linear_clingo_16 | R1: coomsuite-1.1.0/incremental-linear_clingo_2 | T1: coomsuite-1.1.0/incremental-linear_clingo_4 | V1: coomsuite-1.1.0/incremental-linear_clingo_8 | X1: coomsuite-1.1.0/incremental-linear_flingo_1 | Z1: coomsuite-1.1.0/incremental-linear_flingo_16 | AB1: coomsuite-1.1.0/incremental-linear_flingo_2 | AD1: coomsuite-1.1.0/incremental-linear_flingo_4 | AF1: coomsuite-1.1.0/incremental-linear_flingo_8 | AH1: coomsuite-1.1.0/multishot-exponential_2 | AJ1: coomsuite-1.1.0/multishot-exponential_3 | AL1: coomsuite-1.1.0/multishot-exponential_4 | AN1: coomsuite-1.1.0/multishot-linear_1 | AP1: coomsuite-1.1.0/multishot-linear_16 | AR1: coomsuite-1.1.0/multishot-linear_2 | AT1: coomsuite-1.1.0/multishot-linear_4 | AV1: coomsuite-1.1.0/multishot-linear_8 | AX1: coomsuite-1.1.0/singleshot_clingo | AZ1: coomsuite-1.1.0/singleshot_flingo | BB1: min | BD1: median | BF1: max
B2: time | C2: timeout | D2: time | E2: timeout | F2: time | G2: timeout | H2: time | I2: timeout | J2: time | K2: timeout | L2: time | M2: timeout | N2: time | O2: timeout | P2: time | Q2: timeout | R2: time | S2: timeout | T2: time | U2: timeout | V2: time | W2: timeout | X2: time | Y2: timeout | Z2: time | AA2: timeout | AB2: time | AC2: timeout | AD2: time | AE2: timeout | AF2: time | AG2: timeout | AH2: time | AI2: timeout | AJ2: time | AK2: timeout | AL2: time | AM2: timeout | AN2: time | AO2: timeout | AP2: time | AQ2: timeout | AR2: time | AS2: timeout | AT2: time | AU2: timeout | AV2: time | AW2: timeout | AX2: time | AY2: timeout | AZ2: time | BA2: timeout | BB2: time | BC2: timeout | BD2: time | BE2: timeout | BF2: time | BG2: timeout
A3: ./citybike-max100_user-input-n100 | B3: 4.64 | C3: 0 | D3: 4.49 | E3: 0 | F3: 4.53 | G3: 0 | H3: 23.38 | I3: 0 | J3: 23.58 | K3: 0 | L3: 23.92 | M3: 0 | N3: 4.52 | O3: 0 | P3: 4.4 | Q3: 0 | R3: 4.38 | S3: 0 | T3: 4.77 | U3: 0 | V3: 4.63 | W3: 0 | X3: 23.98 | Y3: 0 | Z3: 23.69 | AA3: 0 | AB3: 24.05 | AC3: 0 | AD3: 25.87 | AE3: 0 | AF3: 23.92 | AG3: 0 | AH3: 4.72 | AI3: 0 | AJ3: 4.79 | AK3: 0 | AL3: 4.75 | AM3: 0 | AN3: 4.91 | AO3: 0 | AP3: 4.99 | AQ3: 0 | AR3: 4.99 | AS3: 0 | AT3: 4.96 | AU3: 0 | AV3: 4.7 | AW3: 0 | AX3: 4.33 | AY3: 0 | AZ3: 28.12 | BA3: 0 | BB3: =MIN($B3,$D3,$F3,$H3,$J3,$L3,$N3,$P3,$R3,$T3,$V3,$X3,$Z3,$AB3,$AD3,$AF3,$AH3,$AJ3,$AL3,$AN3,$AP3,$AR3,$AT3,$AV3,$AX3,$AZ3) -> 0 | BC3: =MIN($C3,$E3,$G3,$I3,$K3,$M3,$O3,$Q3,$S3,$U3,$W3,$Y3,$AA3,$AC3,$AE3,$AG3,$AI3,$AK3,$AM3,$AO3,$AQ3,$AS3,$AU3,$AW3,$AY3,$BA3) -> 0 | BD3: =MEDIAN($B3,$D3,$F3,$H3,$J3,$L3,$N3,$P3,$R3,$T3,$V3,$X3,$Z3,$AB3,$AD3,$AF3,$AH3,$AJ3,$AL3,$AN3,$AP3,$AR3,$AT3,$AV3,$AX3,$AZ3) -> 0 | BE3: =MEDIAN($C3,$E3,$G3,$I3,$K3,$M3,$O3,$Q3,$S3,$U3,$W3,$Y3,$AA3,$AC3,$AE3,$AG3,$AI3,$AK3,$AM3,$AO3,$AQ3,$AS3,$AU3,$AW3,$AY3,$BA3) -> 0 | BF3: =MAX($B3,$D3,$F3,$H3,$J3,$L3,$N3,$P3,$R3,$T3,$V3,$X3,$Z3,$AB3,$AD3,$AF3,$AH3,$AJ3,$AL3,$AN3,$AP3,$AR3,$AT3,$AV3,$AX3,$AZ3) -> 0 | BG3: =MAX($C3,$E3,$G3,$I3,$K3,$M3,$O3,$Q3,$S3,$U3,$W3,$Y3,$AA3,$AC3,$AE3,$AG3,$AI3,$AK3,$AM3,$AO3,$AQ3,$AS3,$AU3,$AW3,$AY3,$BA3) -> 0
A4: ./citybike-max100_user-input-n25 | B4: 0.79 | C4: 0 | D4: 0.81 | E4: 0 | F4: 0.81 | G4: 0 | H4: 5.29 | I4: 0 | J4: 4.99 | K4: 0 | L4: 5.1 | M4: 0 | N4: 0.72 | O4: 0 | P4: 0.99 | Q4: 0 | R4: 1.03 | S4: 0 | T4: 0.98 | U4: 0 | V4: 0.83 | W4: 0 | X4: 5.1 | Y4: 0 | Z4: 5.14 | AA4: 0 | AB4: 5.03 | AC4: 0 | AD4: 5.47 | AE4: 0 | AF4: 5.16 | AG4: 0 | AH4: 0.76 | AI4: 0 | AJ4: 0.77 | AK4: 0 | AL4: 0.76 | AM4: 0 | AN4: 0.77 | AO4: 0 | AP4: 1.2 | AQ4: 0 | AR4: 0.99 | AS4: 0 | AT4: 0.94 | AU4: 0 | AV4: 0.89 | AW4: 0 | AX4: 4.51 | AY4: 0 | AZ4: 29.84 | BA4: 0 | BB4: =MIN($B4,$D4,$F4,$H4,$J4,$L4,$N4,$P4,$R4,$T4,$V4,$X4,$Z4,$AB4,$AD4,$AF4,$AH4,$AJ4,$AL4,$AN4,$AP4,$AR4,$AT4,$AV4,$AX4,$AZ4) -> 0 | BC4: =MIN($C4,$E4,$G4,$I4,$K4,$M4,$O4,$Q4,$S4,$U4,$W4,$Y4,$AA4,$AC4,$AE4,$AG4,$AI4,$AK4,$AM4,$AO4,$AQ4,$AS4,$AU4,$AW4,$AY4,$BA4) -> 0 | BD4: =MEDIAN($B4,$D4,$F4,$H4,$J4,$L4,$N4,$P4,$R4,$T4,$V4,$X4,$Z4,$AB4,$AD4,$AF4,$AH4,$AJ4,$AL4,$AN4,$AP4,$AR4,$AT4,$AV4,$AX4,$AZ4) -> 0 | BE4: =MEDIAN($C4,$E4,$G4,$I4,$K4,$M4,$O4,$Q4,$S4,$U4,$W4,$Y4,$AA4,$AC4,$AE4,$AG4,$AI4,$AK4,$AM4,$AO4,$AQ4,$AS4,$AU4,$AW4,$AY4,$BA4) -> 0 | BF4: =MAX($B4,$D4,$F4,$H4,$J4,$L4,$N4,$P4,$R4,$T4,$V4,$X4,$Z4,$AB4,$AD4,$AF4,$AH4,$AJ4,$AL4,$AN4,$AP4,$AR4,$AT4,$AV4,$AX4,$AZ4) -> 0 | BG4: =MAX($C4,$E4,$G4,$I4,$K4,$M4,$O4,$Q4,$S4,$U4,$W4,$Y4,$AA4,$AC4,$AE4,$AG4,$AI4,$AK4,$AM4,$AO4,$AQ4,$AS4,$AU4,$AW4,$AY4,$BA4) -> 0
A5: ./citybike-max100_user-input-n33 | B5: 1.21 | C5: 0 | D5: 0.96 | E5: 0 | F5: 0.92 | G5: 0 | H5: 6.75 | I5: 0 | J5: 6.78 | K5: 0 | L5: 6.72 | M5: 0 | N5: 0.93 | O5: 0 | P5: 0.91 | Q5: 0 | R5: 0.9 | S5: 0 | T5: 0.99 | U5: 0 | V5: 0.89 | W5: 0 | X5: 6.8 | Y5: 0 | Z5: 6.75 | AA5: 0 | AB5: 6.72 | AC5: 0 | AD5: 6.75 | AE5: 0 | AF5: 6.7 | AG5: 0 | AH5: 1.06 | AI5: 0 | AJ5: 1.01 | AK5: 0 | AL5: 1.02 | AM5: 0 | AN5: 1.07 | AO5: 0 | AP5: 1.11 | AQ5: 0 | AR5: 1.09 | AS5: 0 | AT5: 1.08 | AU5: 0 | AV5: 1.13 | AW5: 0 | AX5: 4.34 | AY5: 0 | AZ5: 29.63 | BA5: 0 | BB5: =MIN($B5,$D5,$F5,$H5,$J5,$L5,$N5,$P5,$R5,$T5,$V5,$X5,$Z5,$AB5,$AD5,$AF5,$AH5,$AJ5,$AL5,$AN5,$AP5,$AR5,$AT5,$AV5,$AX5,$AZ5) -> 0 | BC5: =MIN($C5,$E5,$G5,$I5,$K5,$M5,$O5,$Q5,$S5,$U5,$W5,$Y5,$AA5,$AC5,$AE5,$AG5,$AI5,$AK5,$AM5,$AO5,$AQ5,$AS5,$AU5,$AW5,$AY5,$BA5) -> 0 | BD5: =MEDIAN($B5,$D5,$F5,$H5,$J5,$L5,$N5,$P5,$R5,$T5,$V5,$X5,$Z5,$AB5,$AD5,$AF5,$AH5,$AJ5,$AL5,$AN5,$AP5,$AR5,$AT5,$AV5,$AX5,$AZ5) -> 0 | BE5: =MEDIAN($C5,$E5,$G5,$I5,$K5,$M5,$O5,$Q5,$S5,$U5,$W5,$Y5,$AA5,$AC5,$AE5,$AG5,$AI5,$AK5,$AM5,$AO5,$AQ5,$AS5,$AU5,$AW5,$AY5,$BA5) -> 0 | BF5: =MAX($B5,$D5,$F5,$H5,$J5,$L5,$N5,$P5,$R5,$T5,$V5,$X5,$Z5,$AB5,$AD5,$AF5,$AH5,$AJ5,$AL5,$AN5,$AP5,$AR5,$AT5,$AV5,$AX5,$AZ5) -> 0 | BG5: =MAX($C5,$E5,$G5,$I5,$K5,$M5,$O5,$Q5,$S5,$U5,$W5,$Y5,$AA5,$AC5,$AE5,$AG5,$AI5,$AK5,$AM5,$AO5,$AQ5,$AS5,$AU5,$AW5,$AY5,$BA5) -> 0
A6: ./citybike-max100_user-input-n50 | B6: 1.59 | C6: 0 | D6: 2.29 | E6: 0 | F6: 1.61 | G6: 0 | H6: 11.91 | I6: 0 | J6: 11.32 | K6: 0 | L6: 10.55 | M6: 0 | N6: 1.64 | O6: 0 | P6: 1.53 | Q6: 0 | R6: 1.56 | S6: 0 | T6: 1.78 | U6: 0 | V6: 1.61 | W6: 0 | X6: 11.46 | Y6: 0 | Z6: 10.86 | AA6: 0 | AB6: 10.16 | AC6: 0 | AD6: 10.75 | AE6: 0 | AF6: 10.62 | AG6: 0 | AH6: 1.84 | AI6: 0 | AJ6: 1.82 | AK6: 0 | AL6: 1.86 | AM6: 0 | AN6: 1.78 | AO6: 0 | AP6: 2.14 | AQ6: 0 | AR6: 1.91 | AS6: 0 | AT6: 2.49 | AU6: 0 | AV6: 1.85 | AW6: 0 | AX6: 4.3 | AY6: 0 | AZ6: 23.3 | BA6: 0 | BB6: =MIN($B6,$D6,$F6,$H6,$J6,$L6,$N6,$P6,$R6,$T6,$V6,$X6,$Z6,$AB6,$AD6,$AF6,$AH6,$AJ6,$AL6,$AN6,$AP6,$AR6,$AT6,$AV6,$AX6,$AZ6) -> 0 | BC6: =MIN($C6,$E6,$G6,$I6,$K6,$M6,$O6,$Q6,$S6,$U6,$W6,$Y6,$AA6,$AC6,$AE6,$AG6,$AI6,$AK6,$AM6,$AO6,$AQ6,$AS6,$AU6,$AW6,$AY6,$BA6) -> 0 | BD6: =MEDIAN($B6,$D6,$F6,$H6,$J6,$L6,$N6,$P6,$R6,$T6,$V6,$X6,$Z6,$AB6,$AD6,$AF6,$AH6,$AJ6,$AL6,$AN6,$AP6,$AR6,$AT6,$AV6,$AX6,$AZ6) -> 0 | BE6: =MEDIAN($C6,$E6,$G6,$I6,$K6,$M6,$O6,$Q6,$S6,$U6,$W6,$Y6,$AA6,$AC6,$AE6,$AG6,$AI6,$AK6,$AM6,$AO6,$AQ6,$AS6,$AU6,$AW6,$AY6,$BA6) -> 0 | BF6: =MAX($B6,$D6,$F6,$H6,$J6,$L6,$N6,$P6,$R6,$T6,$V6,$X6,$Z6,$AB6,$AD6,$AF6,$AH6,$AJ6,$AL6,$AN6,$AP6,$AR6,$AT6,$AV6,$AX6,$AZ6) -> 0 | BG6: =MAX($C6,$E6,$G6,$I6,$K6,$M6,$O6,$Q6,$S6,$U6,$W6,$Y6,$AA6,$AC6,$AE6,$AG6,$AI6,$AK6,$AM6,$AO6,$AQ6,$AS6,$AU6,$AW6,$AY6,$BA6) -> 0
A7: ./citybike-max150_user-input-n150 | B7: 8.65 | C7: 0 | D7: 9.76 | E7: 0 | F7: 9.04 | G7: 0 | H7: 45.07 | I7: 0 | J7: 39.68 | K7: 0 | L7: 39.28 | M7: 0 | N7: 9.19 | O7: 0 | P7: 9.44 | Q7: 0 | R7: 9.12 | S7: 0 | T7: 11.88 | U7: 0 | V7: 11.39 | W7: 0 | X7: 41.02 | Y7: 0 | Z7: 40.98 | AA7: 0 | AB7: 39.14 | AC7: 0 | AD7: 41.73 | AE7: 0 | AF7: 43.12 | AG7: 0 | AH7: 9.05 | AI7: 0 | AJ7: 9.13 | AK7: 0 | AL7: 9.34 | AM7: 0 | AN7: 9.31 | AO7: 0 | AP7: 9.28 | AQ7: 0 | AR7: 10.89 | AS7: 0 | AT7: 9.92 | AU7: 0 | AV7: 9.96 | AW7: 0 | AX7: 8.76 | AY7: 0 | AZ7: 39.45 | BA7: 0 | BB7: =MIN($B7,$D7,$F7,$H7,$J7,$L7,$N7,$P7,$R7,$T7,$V7,$X7,$Z7,$AB7,$AD7,$AF7,$AH7,$AJ7,$AL7,$AN7,$AP7,$AR7,$AT7,$AV7,$AX7,$AZ7) -> 0 | BC7: =MIN($C7,$E7,$G7,$I7,$K7,$M7,$O7,$Q7,$S7,$U7,$W7,$Y7,$AA7,$AC7,$AE7,$AG7,$AI7,$AK7,$AM7,$AO7,$AQ7,$AS7,$AU7,$AW7,$AY7,$BA7) -> 0 | BD7: =MEDIAN($B7,$D7,$F7,$H7,$J7,$L7,$N7,$P7,$R7,$T7,$V7,$X7,$Z7,$AB7,$AD7,$AF7,$AH7,$AJ7,$AL7,$AN7,$AP7,$AR7,$AT7,$AV7,$AX7,$AZ7) -> 0 | BE7: =MEDIAN($C7,$E7,$G7,$I7,$K7,$M7,$O7,$Q7,$S7,$U7,$W7,$Y7,$AA7,$AC7,$AE7,$AG7,$AI7,$AK7,$AM7,$AO7,$AQ7,$AS7,$AU7,$AW7,$AY7,$BA7) -> 0 | BF7: =MAX($B7,$D7,$F7,$H7,$J7,$L7,$N7,$P7,$R7,$T7,$V7,$X7,$Z7,$AB7,$AD7,$AF7,$AH7,$AJ7,$AL7,$AN7,$AP7,$AR7,$AT7,$AV7,$AX7,$AZ7) -> 0 | BG7: =MAX($C7,$E7,$G7,$I7,$K7,$M7,$O7,$Q7,$S7,$U7,$W7,$Y7,$AA7,$AC7,$AE7,$AG7,$AI7,$AK7,$AM7,$AO7,$AQ7,$AS7,$AU7,$AW7,$AY7,$BA7) -> 0
A8: ./citybike-max150_user-input-n37 | B8: 1.43 | C8: 0 | D8: 1.18 | E8: 0 | F8: 1.15 | G8: 0 | H8: 7.55 | I8: 0 | J8: 7.67 | K8: 0 | L8: 7.74 | M8: 0 | N8: 1.22 | O8: 0 | P8: 1.04 | Q8: 0 | R8: 1.04 | S8: 0 | T8: 1.35 | U8: 0 | V8: 1.17 | W8: 0 | X8: 7.73 | Y8: 0 | Z8: 7.54 | AA8: 0 | AB8: 8.24 | AC8: 0 | AD8: 9.77 | AE8: 0 | AF8: 7.83 | AG8: 0 | AH8: 1.66 | AI8: 0 | AJ8: 1.38 | AK8: 0 | AL8: 1.37 | AM8: 0 | AN8: 1.52 | AO8: 0 | AP8: 1.39 | AQ8: 0 | AR8: 1.28 | AS8: 0 | AT8: 1.3 | AU8: 0 | AV8: 1.36 | AW8: 0 | AX8: 11.37 | AY8: 0 | AZ8: 37.7 | BA8: 0 | BB8: =MIN($B8,$D8,$F8,$H8,$J8,$L8,$N8,$P8,$R8,$T8,$V8,$X8,$Z8,$AB8,$AD8,$AF8,$AH8,$AJ8,$AL8,$AN8,$AP8,$AR8,$AT8,$AV8,$AX8,$AZ8) -> 0 | BC8: =MIN($C8,$E8,$G8,$I8,$K8,$M8,$O8,$Q8,$S8,$U8,$W8,$Y8,$AA8,$AC8,$AE8,$AG8,$AI8,$AK8,$AM8,$AO8,$AQ8,$AS8,$AU8,$AW8,$AY8,$BA8) -> 0 | BD8: =MEDIAN($B8,$D8,$F8,$H8,$J8,$L8,$N8,$P8,$R8,$T8,$V8,$X8,$Z8,$AB8,$AD8,$AF8,$AH8,$AJ8,$AL8,$AN8,$AP8,$AR8,$AT8,$AV8,$AX8,$AZ8) -> 0 | BE8: =MEDIAN($C8,$E8,$G8,$I8,$K8,$M8,$O8,$Q8,$S8,$U8,$W8,$Y8,$AA8,$AC8,$AE8,$AG8,$AI8,$AK8,$AM8,$AO8,$AQ8,$AS8,$AU8,$AW8,$AY8,$BA8) -> 0 | BF8: =MAX($B8,$D8,$F8,$H8,$J8,$L8,$N8,$P8,$R8,$T8,$V8,$X8,$Z8,$AB8,$AD8,$AF8,$AH8,$AJ8,$AL8,$AN8,$AP8,$AR8,$AT8,$AV8,$AX8,$AZ8) -> 0 | BG8: =MAX($C8,$E8,$G8,$I8,$K8,$M8,$O8,$Q8,$S8,$U8,$W8,$Y8,$AA8,$AC8,$AE8,$AG8,$AI8,$AK8,$AM8,$AO8,$AQ8,$AS8,$AU8,$AW8,$AY8,$BA8) -> 0
A9: ./citybike-max150_user-input-n50 | B9: 1.58 | C9: 0 | D9: 1.6 | E9: 0 | F9: 1.53 | G9: 0 | H9: 11.41 | I9: 0 | J9: 10.48 | K9: 0 | L9: 10.51 | M9: 0 | N9: 1.54 | O9: 0 | P9: 1.51 | Q9: 0 | R9: 1.53 | S9: 0 | T9: 1.55 | U9: 0 | V9: 1.54 | W9: 0 | X9: 10.56 | Y9: 0 | Z9: 10.6 | AA9: 0 | AB9: 10.48 | AC9: 0 | AD9: 12.28 | AE9: 0 | AF9: 10.46 | AG9: 0 | AH9: 1.68 | AI9: 0 | AJ9: 1.67 | AK9: 0 | AL9: 1.66 | AM9: 0 | AN9: 1.7 | AO9: 0 | AP9: 1.75 | AQ9: 0 | AR9: 1.94 | AS9: 0 | AT9: 1.8 | AU9: 0 | AV9: 1.66 | AW9: 0 | AX9: 8.71 | AY9: 0 | AZ9: 52.33 | BA9: 0 | BB9: =MIN($B9,$D9,$F9,$H9,$J9,$L9,$N9,$P9,$R9,$T9,$V9,$X9,$Z9,$AB9,$AD9,$AF9,$AH9,$AJ9,$AL9,$AN9,$AP9,$AR9,$AT9,$AV9,$AX9,$AZ9) -> 0 | BC9: =MIN($C9,$E9,$G9,$I9,$K9,$M9,$O9,$Q9,$S9,$U9,$W9,$Y9,$AA9,$AC9,$AE9,$AG9,$AI9,$AK9,$AM9,$AO9,$AQ9,$AS9,$AU9,$AW9,$AY9,$BA9) -> 0 | BD9: =MEDIAN($B9,$D9,$F9,$H9,$J9,$L9,$N9,$P9,$R9,$T9,$V9,$X9,$Z9,$AB9,$AD9,$AF9,$AH9,$AJ9,$AL9,$AN9,$AP9,$AR9,$AT9,$AV9,$AX9,$AZ9) -> 0 | BE9: =MEDIAN($C9,$E9,$G9,$I9,$K9,$M9,$O9,$Q9,$S9,$U9,$W9,$Y9,$AA9,$AC9,$AE9,$AG9,$AI9,$AK9,$AM9,$AO9,$AQ9,$AS9,$AU9,$AW9,$AY9,$BA9) -> 0 | BF9: =MAX($B9,$D9,$F9,$H9,$J9,$L9,$N9,$P9,$R9,$T9,$V9,$X9,$Z9,$AB9,$AD9,$AF9,$AH9,$AJ9,$AL9,$AN9,$AP9,$AR9,$AT9,$AV9,$AX9,$AZ9) -> 0 | BG9: =MAX($C9,$E9,$G9,$I9,$K9,$M9,$O9,$Q9,$S9,$U9,$W9,$Y9,$AA9,$AC9,$AE9,$AG9,$AI9,$AK9,$AM9,$AO9,$AQ9,$AS9,$AU9,$AW9,$AY9,$BA9) -> 0
A10: ./citybike-max150_user-input-n75 | B10: 2.95 | C10: 0 | D10: 2.98 | E10: 0 | F10: 2.96 | G10: 0 | H10: 18.25 | I10: 0 | J10: 16.94 | K10: 0 | L10: 16.4 | M10: 0 | N10: 2.95 | O10: 0 | P10: 2.9 | Q10: 0 | R10: 2.87 | S10: 0 | T10: 2.91 | U10: 0 | V10: 2.99 | W10: 0 | X10: 17 | Y10: 0 | Z10: 16.69 | AA10: 0 | AB10: 16.65 | AC10: 0 | AD10: 18.54 | AE10: 0 | AF10: 16.89 | AG10: 0 | AH10: 3.17 | AI10: 0 | AJ10: 3.15 | AK10: 0 | AL10: 3.16 | AM10: 0 | AN10: 3.13 | AO10: 0 | AP10: 3.2 | AQ10: 0 | AR10: 3.3 | AS10: 0 | AT10: 3.3 | AU10: 0 | AV10: 3.07 | AW10: 0 | AX10: 8.84 | AY10: 0 | AZ10: 52.57 | BA10: 0 | BB10: =MIN($B10,$D10,$F10,$H10,$J10,$L10,$N10,$P10,$R10,$T10,$V10,$X10,$Z10,$AB10,$AD10,$AF10,$AH10,$AJ10,$AL10,$AN10,$AP10,$AR10,$AT10,$AV10,$AX10,$AZ10) -> 0 | BC10: =MIN($C10,$E10,$G10,$I10,$K10,$M10,$O10,$Q10,$S10,$U10,$W10,$Y10,$AA10,$AC10,$AE10,$AG10,$AI10,$AK10,$AM10,$AO10,$AQ10,$AS10,$AU10,$AW10,$AY10,$BA10) -> 0 | BD10: =MEDIAN($B10,$D10,$F10,$H10,$J10,$L10,$N10,$P10,$R10,$T10,$V10,$X10,$Z10,$AB10,$AD10,$AF10,$AH10,$AJ10,$AL10,$AN10,$AP10,$AR10,$AT10,$AV10,$AX10,$AZ10) -> 0 | BE10: =MEDIAN($C10,$E10,$G10,$I10,$K10,$M10,$O10,$Q10,$S10,$U10,$W10,$Y10,$AA10,$AC10,$AE10,$AG10,$AI10,$AK10,$AM10,$AO10,$AQ10,$AS10,$AU10,$AW10,$AY10,$BA10) -> 0 | BF10: =MAX($B10,$D10,$F10,$H10,$J10,$L10,$N10,$P10,$R10,$T10,$V10,$X10,$Z10,$AB10,$AD10,$AF10,$AH10,$AJ10,$AL10,$AN10,$AP10,$AR10,$AT10,$AV10,$AX10,$AZ10) -> 0 | BG10: =MAX($C10,$E10,$G10,$I10,$K10,$M10,$O10,$Q10,$S10,$U10,$W10,$Y10,$AA10,$AC10,$AE10,$AG10,$AI10,$AK10,$AM10,$AO10,$AQ10,$AS10,$AU10,$AW10,$AY10,$BA10) -> 0
A11: ./citybike-max200_user-input-n100 | B11: 5.44 | C11: 0 | D11: 4.68 | E11: 0 | F11: 4.79 | G11: 0 | H11: 23.81 | I11: 0 | J11: 23.75 | K11: 0 | L11: 23.83 | M11: 0 | N11: 4.68 | O11: 0 | P11: 4.56 | Q11: 0 | R11: 4.57 | S11: 0 | T11: 5.54 | U11: 0 | V11: 4.69 | W11: 0 | X11: 24.12 | Y11: 0 | Z11: 23.63 | AA11: 0 | AB11: 23.56 | AC11: 0 | AD11: 24.17 | AE11: 0 | AF11: 24.83 | AG11: 0 | AH11: 4.66 | AI11: 0 | AJ11: 4.89 | AK11: 0 | AL11: 4.9 | AM11: 0 | AN11: 4.91 | AO11: 0 | AP11: 5.11 | AQ11: 0 | AR11: 5.1 | AS11: 0 | AT11: 5.06 | AU11: 0 | AV11: 4.73 | AW11: 0 | AX11: 14.74 | AY11: 0 | AZ11: 68.51 | BA11: 0 | BB11: =MIN($B11,$D11,$F11,$H11,$J11,$L11,$N11,$P11,$R11,$T11,$V11,$X11,$Z11,$AB11,$AD11,$AF11,$AH11,$AJ11,$AL11,$AN11,$AP11,$AR11,$AT11,$AV11,$AX11,$AZ11) -> 0 | BC11: =MIN($C11,$E11,$G11,$I11,$K11,$M11,$O11,$Q11,$S11,$U11,$W11,$Y11,$AA11,$AC11,$AE11,$AG11,$AI11,$AK11,$AM11,$AO11,$AQ11,$AS11,$AU11,$AW11,$AY11,$BA11) -> 0 | BD11: =MEDIAN($B11,$D11,$F11,$H11,$J11,$L11,$N11,$P11,$R11,$T11,$V11,$X11,$Z11,$AB11,$AD11,$AF11,$AH11,$AJ11,$AL11,$AN11,$AP11,$AR11,$AT11,$AV11,$AX11,$AZ11) -> 0 | BE11: =MEDIAN($C11,$E11,$G11,$I11,$K11,$M11,$O11,$Q11,$S11,$U11,$W11,$Y11,$AA11,$AC11,$AE11,$AG11,$AI11,$AK11,$AM11,$AO11,$AQ11,$AS11,$AU11,$AW11,$AY11,$BA11) -> 0 | BF11: =MAX($B11,$D11,$F11,$H11,$J11,$L11,$N11,$P11,$R11,$T11,$V11,$X11,$Z11,$AB11,$AD11,$AF11,$AH11,$AJ11,$AL11,$AN11,$AP11,$AR11,$AT11,$AV11,$AX11,$AZ11) -> 0 | BG11: =MAX($C11,$E11,$G11,$I11,$K11,$M11,$O11,$Q11,$S11,$U11,$W11,$Y11,$AA11,$AC11,$AE11,$AG11,$AI11,$AK11,$AM11,$AO11,$AQ11,$AS11,$AU11,$AW11,$AY11,$BA11) -> 0
A12: ./citybike-max200_user-input-n200 | B12: 17.67 | C12: 0 | D12: 14.61 | E12: 0 | F12: 14.88 | G12: 0 | H12: 58.34 | I12: 0 | J12: 60.12 | K12: 0 | L12: 58.78 | M12: 0 | N12: 15.42 | O12: 0 | P12: 15.16 | Q12: 0 | R12: 14.67 | S12: 0 | T12: 19.02 | U12: 0 | V12: 14.75 | W12: 0 | X12: 61.07 | Y12: 0 | Z12: 59.66 | AA12: 0 | AB12: 71.79 | AC12: 0 | AD12: 64.7 | AE12: 0 | AF12: 61.58 | AG12: 0 | AH12: 20.85 | AI12: 0 | AJ12: 17.69 | AK12: 0 | AL12: 17.33 | AM12: 0 | AN12: 15.45 | AO12: 0 | AP12: 17.21 | AQ12: 0 | AR12: 17.15 | AS12: 0 | AT12: 15.37 | AU12: 0 | AV12: 15.49 | AW12: 0 | AX12: 19.68 | AY12: 0 | AZ12: 59.25 | BA12: 0 | BB12: =MIN($B12,$D12,$F12,$H12,$J12,$L12,$N12,$P12,$R12,$T12,$V12,$X12,$Z12,$AB12,$AD12,$AF12,$AH12,$AJ12,$AL12,$AN12,$AP12,$AR12,$AT12,$AV12,$AX12,$AZ12) -> 0 | BC12: =MIN($C12,$E12,$G12,$I12,$K12,$M12,$O12,$Q12,$S12,$U12,$W12,$Y12,$AA12,$AC12,$AE12,$AG12,$AI12,$AK12,$AM12,$AO12,$AQ12,$AS12,$AU12,$AW12,$AY12,$BA12) -> 0 | BD12: =MEDIAN($B12,$D12,$F12,$H12,$J12,$L12,$N12,$P12,$R12,$T12,$V12,$X12,$Z12,$AB12,$AD12,$AF12,$AH12,$AJ12,$AL12,$AN12,$AP12,$AR12,$AT12,$AV12,$AX12,$AZ12) -> 0 | BE12: =MEDIAN($C12,$E12,$G12,$I12,$K12,$M12,$O12,$Q12,$S12,$U12,$W12,$Y12,$AA12,$AC12,$AE12,$AG12,$AI12,$AK12,$AM12,$AO12,$AQ12,$AS12,$AU12,$AW12,$AY12,$BA12) -> 0 | BF12: =MAX($B12,$D12,$F12,$H12,$J12,$L12,$N12,$P12,$R12,$T12,$V12,$X12,$Z12,$AB12,$AD12,$AF12,$AH12,$AJ12,$AL12,$AN12,$AP12,$AR12,$AT12,$AV12,$AX12,$AZ12) -> 0 | BG12: =MAX($C12,$E12,$G12,$I12,$K12,$M12,$O12,$Q12,$S12,$U12,$W12,$Y12,$AA12,$AC12,$AE12,$AG12,$AI12,$AK12,$AM12,$AO12,$AQ12,$AS12,$AU12,$AW12,$AY12,$BA12) -> 0
A13: ./citybike-max200_user-input-n50 | B13: 1.77 | C13: 0 | D13: 1.65 | E13: 0 | F13: 2.1 | G13: 0 | H13: 11.27 | I13: 0 | J13: 10.68 | K13: 0 | L13: 10.58 | M13: 0 | N13: 1.68 | O13: 0 | P13: 1.65 | Q13: 0 | R13: 2.13 | S13: 0 | T13: 2.15 | U13: 0 | V13: 1.72 | W13: 0 | X13: 10.51 | Y13: 0 | Z13: 10.66 | AA13: 0 | AB13: 10.15 | AC13: 0 | AD13: 10.75 | AE13: 0 | AF13: 12.11 | AG13: 0 | AH13: 1.81 | AI13: 0 | AJ13: 1.66 | AK13: 0 | AL13: 1.82 | AM13: 0 | AN13: 1.84 | AO13: 0 | AP13: 2.24 | AQ13: 0 | AR13: 2.42 | AS13: 0 | AT13: 2.31 | AU13: 0 | AV13: 1.81 | AW13: 0 | AX13: 14.68 | AY13: 0 | AZ13: 55.82 | BA13: 0 | BB13: =MIN($B13,$D13,$F13,$H13,$J13,$L13,$N13,$P13,$R13,$T13,$V13,$X13,$Z13,$AB13,$AD13,$AF13,$AH13,$AJ13,$AL13,$AN13,$AP13,$AR13,$AT13,$AV13,$AX13,$AZ13) -> 0 | BC13: =MIN($C13,$E13,$G13,$I13,$K13,$M13,$O13,$Q13,$S13,$U13,$W13,$Y13,$AA13,$AC13,$AE13,$AG13,$AI13,$AK13,$AM13,$AO13,$AQ13,$AS13,$AU13,$AW13,$AY13,$BA13) -> 0 | BD13: =MEDIAN($B13,$D13,$F13,$H13,$J13,$L13,$N13,$P13,$R13,$T13,$V13,$X13,$Z13,$AB13,$AD13,$AF13,$AH13,$AJ13,$AL13,$AN13,$AP13,$AR13,$AT13,$AV13,$AX13,$AZ13) -> 0 | BE13: =MEDIAN($C13,$E13,$G13,$I13,$K13,$M13,$O13,$Q13,$S13,$U13,$W13,$Y13,$AA13,$AC13,$AE13,$AG13,$AI13,$AK13,$AM13,$AO13,$AQ13,$AS13,$AU13,$AW13,$AY13,$BA13) -> 0 | BF13: =MAX($B13,$D13,$F13,$H13,$J13,$L13,$N13,$P13,$R13,$T13,$V13,$X13,$Z13,$AB13,$AD13,$AF13,$AH13,$AJ13,$AL13,$AN13,$AP13,$AR13,$AT13,$AV13,$AX13,$AZ13) -> 0 | BG13: =MAX($C13,$E13,$G13,$I13,$K13,$M13,$O13,$Q13,$S13,$U13,$W13,$Y13,$AA13,$AC13,$AE13,$AG13,$AI13,$AK13,$AM13,$AO13,$AQ13,$AS13,$AU13,$AW13,$AY13,$BA13) -> 0
A14: ./citybike-max200_user-input-n66 | B14: 2.37 | C14: 0 | D14: 2.29 | E14: 0 | F14: 2.31 | G14: 0 | H14: 15.29 | I14: 0 | J14: 14.6 | K14: 0 | L14: 14.47 | M14: 0 | N14: 2.58 | O14: 0 | P14: 2.87 | Q14: 0 | R14: 2.33 | S14: 0 | T14: 2.62 | U14: 0 | V14: 2.35 | W14: 0 | X14: 14.76 | Y14: 0 | Z14: 14.49 | AA14: 0 | AB14: 14.53 | AC14: 0 | AD14: 15.75 | AE14: 0 | AF14: 15.89 | AG14: 0 | AH14: 2.57 | AI14: 0 | AJ14: 2.5 | AK14: 0 | AL14: 2.49 | AM14: 0 | AN14: 2.66 | AO14: 0 | AP14: 2.63 | AQ14: 0 | AR14: 2.52 | AS14: 0 | AT14: 2.85 | AU14: 0 | AV14: 2.54 | AW14: 0 | AX14: 14.63 | AY14: 0 | AZ14: 56.41 | BA14: 0 | BB14: =MIN($B14,$D14,$F14,$H14,$J14,$L14,$N14,$P14,$R14,$T14,$V14,$X14,$Z14,$AB14,$AD14,$AF14,$AH14,$AJ14,$AL14,$AN14,$AP14,$AR14,$AT14,$AV14,$AX14,$AZ14) -> 0 | BC14: =MIN($C14,$E14,$G14,$I14,$K14,$M14,$O14,$Q14,$S14,$U14,$W14,$Y14,$AA14,$AC14,$AE14,$AG14,$AI14,$AK14,$AM14,$AO14,$AQ14,$AS14,$AU14,$AW14,$AY14,$BA14) -> 0 | BD14: =MEDIAN($B14,$D14,$F14,$H14,$J14,$L14,$N14,$P14,$R14,$T14,$V14,$X14,$Z14,$AB14,$AD14,$AF14,$AH14,$AJ14,$AL14,$AN14,$AP14,$AR14,$AT14,$AV14,$AX14,$AZ14) -> 0 | BE14: =MEDIAN($C14,$E14,$G14,$I14,$K14,$M14,$O14,$Q14,$S14,$U14,$W14,$Y14,$AA14,$AC14,$AE14,$AG14,$AI14,$AK14,$AM14,$AO14,$AQ14,$AS14,$AU14,$AW14,$AY14,$BA14) -> 0 | BF14: =MAX($B14,$D14,$F14,$H14,$J14,$L14,$N14,$P14,$R14,$T14,$V14,$X14,$Z14,$AB14,$AD14,$AF14,$AH14,$AJ14,$AL14,$AN14,$AP14,$AR14,$AT14,$AV14,$AX14,$AZ14) -> 0 | BG14: =MAX($C14,$E14,$G14,$I14,$K14,$M14,$O14,$Q14,$S14,$U14,$W14,$Y14,$AA14,$AC14,$AE14,$AG14,$AI14,$AK14,$AM14,$AO14,$AQ14,$AS14,$AU14,$AW14,$AY14,$BA14) -> 0
... A53: ./travelbike-max5_user-input-p496-v356 | B53: 61.04 | C53: 0 | D53: 498.33 | E53: 0 | F53: 71.19 | G53: 0 | H53: 5.74 | I53: 0 | J53: 13.24 | K53: 0 | L53: 5.07 | M53: 0 | N53: 75.33 | O53: 0 | P53: 1200 | Q53: 1 | R53: 58.03 | S53: 0 | T53: 77.55 | U53: 0 | V53: 281.53 | W53: 0 | X53: 5.06 | Y53: 0 | Z53: 1200 | AA53: 1 | AB53: 4.44 | AC53: 0 | AD53: 4.53 | AE53: 0 | AF53: 9.3 | AG53: 0 | AH53: 212.63 | AI53: 0 | AJ53: 1200 | AK53: 1 | AL53: 1200 | AM53: 1 | AN53: 180.66 | AO53: 0 | AP53: 1200 | AQ53: 1 | AR53: 246.04 | AS53: 0 | AT53: 1200 | AU53: 1 | AV53: 1200 | AW53: 1 | AX53: 54.52 | AY53: 0 | AZ53: 2.55 | BA53: 0 | BB53: =MIN($B53,$D53,$F53,$H53,$J53,$L53,$N53,$P53,$R53,$T53,$V53,$X53,$Z53,$AB53,$AD53,$AF53,$AH53,$AJ53,$AL53,$AN53,$AP53,$AR53,$AT53,$AV53,$AX53,$AZ53) -> 0 | BC53: =MIN($C53,$E53,$G53,$I53,$K53,$M53,$O53,$Q53,$S53,$U53,$W53,$Y53,$AA53,$AC53,$AE53,$AG53,$AI53,$AK53,$AM53,$AO53,$AQ53,$AS53,$AU53,$AW53,$AY53,$BA53) -> 0 | BD53: =MEDIAN($B53,$D53,$F53,$H53,$J53,$L53,$N53,$P53,$R53,$T53,$V53,$X53,$Z53,$AB53,$AD53,$AF53,$AH53,$AJ53,$AL53,$AN53,$AP53,$AR53,$AT53,$AV53,$AX53,$AZ53) -> 0 | BE53: =MEDIAN($C53,$E53,$G53,$I53,$K53,$M53,$O53,$Q53,$S53,$U53,$W53,$Y53,$AA53,$AC53,$AE53,$AG53,$AI53,$AK53,$AM53,$AO53,$AQ53,$AS53,$AU53,$AW53,$AY53,$BA53) -> 0 | BF53: =MAX($B53,$D53,$F53,$H53,$J53,$L53,$N53,$P53,$R53,$T53,$V53,$X53,$Z53,$AB53,$AD53,$AF53,$AH53,$AJ53,$AL53,$AN53,$AP53,$AR53,$AT53,$AV53,$AX53,$AZ53) -> 0 | BG53: =MAX($C53,$E53,$G53,$I53,$K53,$M53,$O53,$Q53,$S53,$U53,$W53,$Y53,$AA53,$AC53,$AE53,$AG53,$AI53,$AK53,$AM53,$AO53,$AQ53,$AS53,$AU53,$AW53,$AY53,$BA53) -> 0
A54: ./cargobike-100_user-input-0 | B54: 0.61 | C54: 0 | D54: 0.36 | E54: 0 | F54: 0.48 | G54: 0 | H54: 1 | I54: 0 | J54: 0.7 | K54: 0 | L54: 1 | M54: 0 | N54: 0.49 | O54: 0 | P54: 574.2 | Q54: 0 | R54: 0.39 | S54: 0 | T54: 0.61 | U54: 0 | V54: 0.51 | W54: 0 | X54: 0.83 | Y54: 0 | Z54: 1.95 | AA54: 0 | AB54: 0.82 | AC54: 0 | AD54: 0.87 | AE54: 0 | AF54: 1.19 | AG54: 0 | AH54: 0.37 | AI54: 0 | AJ54: 0.38 | AK54: 0 | AL54: 0.35 | AM54: 0 | AN54: 0.3 | AO54: 0 | AP54: 0.95 | AQ54: 0 | AR54: 0.35 | AS54: 0 | AT54: 0.49 | AU54: 0 | AV54: 0.62 | AW54: 0 | BB54: =MIN($B54,$D54,$F54,$H54,$J54,$L54,$N54,$P54,$R54,$T54,$V54,$X54,$Z54,$AB54,$AD54,$AF54,$AH54,$AJ54,$AL54,$AN54,$AP54,$AR54,$AT54,$AV54,$AX54,$AZ54) -> 0 | BC54: =MIN($C54,$E54,$G54,$I54,$K54,$M54,$O54,$Q54,$S54,$U54,$W54,$Y54,$AA54,$AC54,$AE54,$AG54,$AI54,$AK54,$AM54,$AO54,$AQ54,$AS54,$AU54,$AW54,$AY54,$BA54) -> 0 | BD54: =MEDIAN($B54,$D54,$F54,$H54,$J54,$L54,$N54,$P54,$R54,$T54,$V54,$X54,$Z54,$AB54,$AD54,$AF54,$AH54,$AJ54,$AL54,$AN54,$AP54,$AR54,$AT54,$AV54,$AX54,$AZ54) -> 0 | BE54: =MEDIAN($C54,$E54,$G54,$I54,$K54,$M54,$O54,$Q54,$S54,$U54,$W54,$Y54,$AA54,$AC54,$AE54,$AG54,$AI54,$AK54,$AM54,$AO54,$AQ54,$AS54,$AU54,$AW54,$AY54,$BA54) -> 0 | BF54: =MAX($B54,$D54,$F54,$H54,$J54,$L54,$N54,$P54,$R54,$T54,$V54,$X54,$Z54,$AB54,$AD54,$AF54,$AH54,$AJ54,$AL54,$AN54,$AP54,$AR54,$AT54,$AV54,$AX54,$AZ54) -> 0 | BG54: =MAX($C54,$E54,$G54,$I54,$K54,$M54,$O54,$Q54,$S54,$U54,$W54,$Y54,$AA54,$AC54,$AE54,$AG54,$AI54,$AK54,$AM54,$AO54,$AQ54,$AS54,$AU54,$AW54,$AY54,$BA54) -> 0
A55: ./cargobike-100_user-input-1 | B55: 0.49 | C55: 0 | D55: 0.44 | E55: 0 | F55: 0.37 | G55: 0 | H55: 0.88 | I55: 0 | J55: 1.44 | K55: 0 | L55: 0.91 | M55: 0 | N55: 0.37 | O55: 0 | P55: 1200 | Q55: 1 | R55: 0.34 | S55: 0 | T55: 0.33 | U55: 0 | V55: 0.41 | W55: 0 | X55: 1.22 | Y55: 0 | Z55: 1.79 | AA55: 0 | AB55: 0.81 | AC55: 0 | AD55: 0.77 | AE55: 0 | AF55: 1.26 | AG55: 0 | AH55: 0.37 | AI55: 0 | AJ55: 0.58 | AK55: 0 | AL55: 0.33 | AM55: 0 | AN55: 0.34 | AO55: 0 | AP55: 0.97 | AQ55: 0 | AR55: 0.45 | AS55: 0 | AT55: 0.33 | AU55: 0 | AV55: 0.56 | AW55: 0 | BB55: =MIN($B55,$D55,$F55,$H55,$J55,$L55,$N55,$P55,$R55,$T55,$V55,$X55,$Z55,$AB55,$AD55,$AF55,$AH55,$AJ55,$AL55,$AN55,$AP55,$AR55,$AT55,$AV55,$AX55,$AZ55) -> 0 | BC55: =MIN($C55,$E55,$G55,$I55,$K55,$M55,$O55,$Q55,$S55,$U55,$W55,$Y55,$AA55,$AC55,$AE55,$AG55,$AI55,$AK55,$AM55,$AO55,$AQ55,$AS55,$AU55,$AW55,$AY55,$BA55) -> 0 | BD55: =MEDIAN($B55,$D55,$F55,$H55,$J55,$L55,$N55,$P55,$R55,$T55,$V55,$X55,$Z55,$AB55,$AD55,$AF55,$AH55,$AJ55,$AL55,$AN55,$AP55,$AR55,$AT55,$AV55,$AX55,$AZ55) -> 0 | BE55: =MEDIAN($C55,$E55,$G55,$I55,$K55,$M55,$O55,$Q55,$S55,$U55,$W55,$Y55,$AA55,$AC55,$AE55,$AG55,$AI55,$AK55,$AM55,$AO55,$AQ55,$AS55,$AU55,$AW55,$AY55,$BA55) -> 0 | BF55: =MAX($B55,$D55,$F55,$H55,$J55,$L55,$N55,$P55,$R55,$T55,$V55,$X55,$Z55,$AB55,$AD55,$AF55,$AH55,$AJ55,$AL55,$AN55,$AP55,$AR55,$AT55,$AV55,$AX55,$AZ55) -> 0 | BG55: =MAX($C55,$E55,$G55,$I55,$K55,$M55,$O55,$Q55,$S55,$U55,$W55,$Y55,$AA55,$AC55,$AE55,$AG55,$AI55,$AK55,$AM55,$AO55,$AQ55,$AS55,$AU55,$AW55,$AY55,$BA55) -> 0
A56: ./cargobike-100_user-input-2 | B56: 0.37 | C56: 0 | D56: 0.57 | E56: 0 | F56: 0.48 | G56: 0 | H56: 0.88 | I56: 0 | J56: 1.5 | K56: 0 | L56: 0.88 | M56: 0 | N56: 0.36 | O56: 0 | P56: 646.07 | Q56: 0 | R56: 0.34 | S56: 0 | T56: 0.34 | U56: 0 | V56: 0.42 | W56: 0 | X56: 0.88 | Y56: 0 | Z56: 1.83 | AA56: 0 | AB56: 0.84 | AC56: 0 | AD56: 0.81 | AE56: 0 | AF56: 1.61 | AG56: 0 | AH56: 0.33 | AI56: 0 | AJ56: 0.93 | AK56: 0 | AL56: 0.34 | AM56: 0 | AN56: 0.33 | AO56: 0 | AP56: 0.98 | AQ56: 0 | AR56: 0.33 | AS56: 0 | AT56: 0.33 | AU56: 0 | AV56: 0.67 | AW56: 0 | BB56: =MIN($B56,$D56,$F56,$H56,$J56,$L56,$N56,$P56,$R56,$T56,$V56,$X56,$Z56,$AB56,$AD56,$AF56,$AH56,$AJ56,$AL56,$AN56,$AP56,$AR56,$AT56,$AV56,$AX56,$AZ56) -> 0 | BC56: =MIN($C56,$E56,$G56,$I56,$K56,$M56,$O56,$Q56,$S56,$U56,$W56,$Y56,$AA56,$AC56,$AE56,$AG56,$AI56,$AK56,$AM56,$AO56,$AQ56,$AS56,$AU56,$AW56,$AY56,$BA56) -> 0 | BD56: =MEDIAN($B56,$D56,$F56,$H56,$J56,$L56,$N56,$P56,$R56,$T56,$V56,$X56,$Z56,$AB56,$AD56,$AF56,$AH56,$AJ56,$AL56,$AN56,$AP56,$AR56,$AT56,$AV56,$AX56,$AZ56) -> 0 | BE56: =MEDIAN($C56,$E56,$G56,$I56,$K56,$M56,$O56,$Q56,$S56,$U56,$W56,$Y56,$AA56,$AC56,$AE56,$AG56,$AI56,$AK56,$AM56,$AO56,$AQ56,$AS56,$AU56,$AW56,$AY56,$BA56) -> 0 | BF56: =MAX($B56,$D56,$F56,$H56,$J56,$L56,$N56,$P56,$R56,$T56,$V56,$X56,$Z56,$AB56,$AD56,$AF56,$AH56,$AJ56,$AL56,$AN56,$AP56,$AR56,$AT56,$AV56,$AX56,$AZ56) -> 0 | BG56: =MAX($C56,$E56,$G56,$I56,$K56,$M56,$O56,$Q56,$S56,$U56,$W56,$Y56,$AA56,$AC56,$AE56,$AG56,$AI56,$AK56,$AM56,$AO56,$AQ56,$AS56,$AU56,$AW56,$AY56,$BA56) -> 0
A57: ./cargobike-100_user-input-3 | B57: 0.86 | C57: 0 | D57: 0.59 | E57: 0 | F57: 1200 | G57: 1 | H57: 1.69 | I57: 0 | J57: 1.84 | K57: 0 | L57: 2.49 | M57: 0 | N57: 0.54 | O57: 0 | P57: 1200 | Q57: 1 | R57: 0.75 | S57: 0 | T57: 0.53 | U57: 0 | V57: 0.55 | W57: 0 | X57: 1.27 | Y57: 0 | Z57: 2.16 | AA57: 0 | AB57: 1.2 | AC57: 0 | AD57: 1.43 | AE57: 0 | AF57: 1.55 | AG57: 0 | AH57: 0.5 | AI57: 0 | AJ57: 0.54 | AK57: 0 | AL57: 1.08 | AM57: 0 | AN57: 0.4 | AO57: 0 | AP57: 1.09 | AQ57: 0 | AR57: 0.53 | AS57: 0 | AT57: 0.53 | AU57: 0 | AV57: 0.61 | AW57: 0 | BB57: =MIN($B57,$D57,$F57,$H57,$J57,$L57,$N57,$P57,$R57,$T57,$V57,$X57,$Z57,$AB57,$AD57,$AF57,$AH57,$AJ57,$AL57,$AN57,$AP57,$AR57,$AT57,$AV57,$AX57,$AZ57) -> 0 | BC57: =MIN($C57,$E57,$G57,$I57,$K57,$M57,$O57,$Q57,$S57,$U57,$W57,$Y57,$AA57,$AC57,$AE57,$AG57,$AI57,$AK57,$AM57,$AO57,$AQ57,$AS57,$AU57,$AW57,$AY57,$BA57) -> 0 | BD57: =MEDIAN($B57,$D57,$F57,$H57,$J57,$L57,$N57,$P57,$R57,$T57,$V57,$X57,$Z57,$AB57,$AD57,$AF57,$AH57,$AJ57,$AL57,$AN57,$AP57,$AR57,$AT57,$AV57,$AX57,$AZ57) -> 0 | BE57: =MEDIAN($C57,$E57,$G57,$I57,$K57,$M57,$O57,$Q57,$S57,$U57,$W57,$Y57,$AA57,$AC57,$AE57,$AG57,$AI57,$AK57,$AM57,$AO57,$AQ57,$AS57,$AU57,$AW57,$AY57,$BA57) -> 0 | BF57: =MAX($B57,$D57,$F57,$H57,$J57,$L57,$N57,$P57,$R57,$T57,$V57,$X57,$Z57,$AB57,$AD57,$AF57,$AH57,$AJ57,$AL57,$AN57,$AP57,$AR57,$AT57,$AV57,$AX57,$AZ57) -> 0 | BG57: =MAX($C57,$E57,$G57,$I57,$K57,$M57,$O57,$Q57,$S57,$U57,$W57,$Y57,$AA57,$AC57,$AE57,$AG57,$AI57,$AK57,$AM57,$AO57,$AQ57,$AS57,$AU57,$AW57,$AY57,$BA57) -> 0
A58: ./cargobike-100_user-input-4 | B58: 0.49 | C58: 0 | D58: 0.48 | E58: 0 | F58: 170.62 | G58: 0 | H58: 1.64 | I58: 0 | J58: 1.7 | K58: 0 | L58: 2.85 | M58: 0 | N58: 0.41 | O58: 0 | P58: 150.38 | Q58: 0 | R58: 0.4 | S58: 0 | T58: 0.42 | U58: 0 | V58: 0.42 | W58: 0 | X58: 1.15 | Y58: 0 | Z58: 2.13 | AA58: 0 | AB58: 1.16 | AC58: 0 | AD58: 1.41 | AE58: 0 | AF58: 1.43 | AG58: 0 | AH58: 0.5 | AI58: 0 | AJ58: 0.52 | AK58: 0 | AL58: 1 | AM58: 0 | AN58: 0.4 | AO58: 0 | AP58: 0.96 | AQ58: 0 | AR58: 0.39 | AS58: 0 | AT58: 0.5 | AU58: 0 | AV58: 0.66 | AW58: 0 | BB58: =MIN($B58,$D58,$F58,$H58,$J58,$L58,$N58,$P58,$R58,$T58,$V58,$X58,$Z58,$AB58,$AD58,$AF58,$AH58,$AJ58,$AL58,$AN58,$AP58,$AR58,$AT58,$AV58,$AX58,$AZ58) -> 0 | BC58: =MIN($C58,$E58,$G58,$I58,$K58,$M58,$O58,$Q58,$S58,$U58,$W58,$Y58,$AA58,$AC58,$AE58,$AG58,$AI58,$AK58,$AM58,$AO58,$AQ58,$AS58,$AU58,$AW58,$AY58,$BA58) -> 0 | BD58: =MEDIAN($B58,$D58,$F58,$H58,$J58,$L58,$N58,$P58,$R58,$T58,$V58,$X58,$Z58,$AB58,$AD58,$AF58,$AH58,$AJ58,$AL58,$AN58,$AP58,$AR58,$AT58,$AV58,$AX58,$AZ58) -> 0 | BE58: =MEDIAN($C58,$E58,$G58,$I58,$K58,$M58,$O58,$Q58,$S58,$U58,$W58,$Y58,$AA58,$AC58,$AE58,$AG58,$AI58,$AK58,$AM58,$AO58,$AQ58,$AS58,$AU58,$AW58,$AY58,$BA58) -> 0 | BF58: =MAX($B58,$D58,$F58,$H58,$J58,$L58,$N58,$P58,$R58,$T58,$V58,$X58,$Z58,$AB58,$AD58,$AF58,$AH58,$AJ58,$AL58,$AN58,$AP58,$AR58,$AT58,$AV58,$AX58,$AZ58) -> 0 | BG58: =MAX($C58,$E58,$G58,$I58,$K58,$M58,$O58,$Q58,$S58,$U58,$W58,$Y58,$AA58,$AC58,$AE58,$AG58,$AI58,$AK58,$AM58,$AO58,$AQ58,$AS58,$AU58,$AW58,$AY58,$BA58) -> 0
A59: ./cargobike-200_user-input-0 | B59: 1.18 | C59: 0 | D59: 1.15 | E59: 0 | F59: 1.22 | G59: 0 | H59: 1.65 | I59: 0 | J59: 1.73 | K59: 0 | L59: 2.32 | M59: 0 | N59: 1 | O59: 0 | P59: 1.01 | Q59: 0 | R59: 0.89 | S59: 0 | T59: 1.12 | U59: 0 | V59: 0.79 | W59: 0 | X59: 1.47 | Y59: 0 | Z59: 2.1 | AA59: 0 | AB59: 1.18 | AC59: 0 | AD59: 1.41 | AE59: 0 | AF59: 1.61 | AG59: 0 | AH59: 0.63 | AI59: 0 | AJ59: 0.63 | AK59: 0 | AL59: 1.02 | AM59: 0 | AN59: 0.62 | AO59: 0 | AP59: 1.1 | AQ59: 0 | AR59: 0.55 | AS59: 0 | AT59: 0.55 | AU59: 0 | AV59: 0.72 | AW59: 0 | BB59: =MIN($B59,$D59,$F59,$H59,$J59,$L59,$N59,$P59,$R59,$T59,$V59,$X59,$Z59,$AB59,$AD59,$AF59,$AH59,$AJ59,$AL59,$AN59,$AP59,$AR59,$AT59,$AV59,$AX59,$AZ59) -> 0 | BC59: =MIN($C59,$E59,$G59,$I59,$K59,$M59,$O59,$Q59,$S59,$U59,$W59,$Y59,$AA59,$AC59,$AE59,$AG59,$AI59,$AK59,$AM59,$AO59,$AQ59,$AS59,$AU59,$AW59,$AY59,$BA59) -> 0 | BD59: =MEDIAN($B59,$D59,$F59,$H59,$J59,$L59,$N59,$P59,$R59,$T59,$V59,$X59,$Z59,$AB59,$AD59,$AF59,$AH59,$AJ59,$AL59,$AN59,$AP59,$AR59,$AT59,$AV59,$AX59,$AZ59) -> 0 | BE59: =MEDIAN($C59,$E59,$G59,$I59,$K59,$M59,$O59,$Q59,$S59,$U59,$W59,$Y59,$AA59,$AC59,$AE59,$AG59,$AI59,$AK59,$AM59,$AO59,$AQ59,$AS59,$AU59,$AW59,$AY59,$BA59) -> 0 | BF59: =MAX($B59,$D59,$F59,$H59,$J59,$L59,$N59,$P59,$R59,$T59,$V59,$X59,$Z59,$AB59,$AD59,$AF59,$AH59,$AJ59,$AL59,$AN59,$AP59,$AR59,$AT59,$AV59,$AX59,$AZ59) -> 0 | BG59: =MAX($C59,$E59,$G59,$I59,$K59,$M59,$O59,$Q59,$S59,$U59,$W59,$Y59,$AA59,$AC59,$AE59,$AG59,$AI59,$AK59,$AM59,$AO59,$AQ59,$AS59,$AU59,$AW59,$AY59,$BA59) -> 0
A60: ./cargobike-200_user-input-1 | B60: 1.03 | C60: 0 | D60: 0.92 | E60: 0 | F60: 1.49 | G60: 0 | H60: 1.72 | I60: 0 | J60: 1.66 | K60: 0 | L60: 2.62 | M60: 0 | N60: 1.14 | O60: 0 | P60: 1.23 | Q60: 0 | R60: 0.96 | S60: 0 | T60: 0.81 | U60: 0 | V60: 0.83 | W60: 0 | X60: 1.78 | Y60: 0 | Z60: 2.15 | AA60: 0 | AB60: 1.63 | AC60: 0 | AD60: 1.5 | AE60: 0 | AF60: 1.42 | AG60: 0 | AH60: 0.58 | AI60: 0 | AJ60: 0.61 | AK60: 0 | AL60: 1.09 | AM60: 0 | AN60: 0.54 | AO60: 0 | AP60: 1.07 | AQ60: 0 | AR60: 0.6 | AS60: 0 | AT60: 0.57 | AU60: 0 | AV60: 0.78 | AW60: 0 | BB60: =MIN($B60,$D60,$F60,$H60,$J60,$L60,$N60,$P60,$R60,$T60,$V60,$X60,$Z60,$AB60,$AD60,$AF60,$AH60,$AJ60,$AL60,$AN60,$AP60,$AR60,$AT60,$AV60,$AX60,$AZ60) -> 0 | BC60: =MIN($C60,$E60,$G60,$I60,$K60,$M60,$O60,$Q60,$S60,$U60,$W60,$Y60,$AA60,$AC60,$AE60,$AG60,$AI60,$AK60,$AM60,$AO60,$AQ60,$AS60,$AU60,$AW60,$AY60,$BA60) -> 0 | BD60: =MEDIAN($B60,$D60,$F60,$H60,$J60,$L60,$N60,$P60,$R60,$T60,$V60,$X60,$Z60,$AB60,$AD60,$AF60,$AH60,$AJ60,$AL60,$AN60,$AP60,$AR60,$AT60,$AV60,$AX60,$AZ60) -> 0 | BE60: =MEDIAN($C60,$E60,$G60,$I60,$K60,$M60,$O60,$Q60,$S60,$U60,$W60,$Y60,$AA60,$AC60,$AE60,$AG60,$AI60,$AK60,$AM60,$AO60,$AQ60,$AS60,$AU60,$AW60,$AY60,$BA60) -> 0 | BF60: =MAX($B60,$D60,$F60,$H60,$J60,$L60,$N60,$P60,$R60,$T60,$V60,$X60,$Z60,$AB60,$AD60,$AF60,$AH60,$AJ60,$AL60,$AN60,$AP60,$AR60,$AT60,$AV60,$AX60,$AZ60) -> 0 | BG60: =MAX($C60,$E60,$G60,$I60,$K60,$M60,$O60,$Q60,$S60,$U60,$W60,$Y60,$AA60,$AC60,$AE60,$AG60,$AI60,$AK60,$AM60,$AO60,$AQ60,$AS60,$AU60,$AW60,$AY60,$BA60) -> 0
A61: ./cargobike-200_user-input-2 | B61: 1.11 | C61: 0 | D61: 1.28 | E61: 0 | F61: 1.2 | G61: 0 | H61: 1.68 | I61: 0 | J61: 2.17 | K61: 0 | L61: 2.42 | M61: 0 | N61: 1.34 | O61: 0 | P61: 1.08 | Q61: 0 | R61: 1.01 | S61: 0 | T61: 0.89 | U61: 0 | V61: 0.86 | W61: 0 | X61: 2.13 | Y61: 0 | Z61: 2.17 | AA61: 0 | AB61: 1.6 | AC61: 0 | AD61: 1.46 | AE61: 0 | AF61: 1.46 | AG61: 0 | AH61: 0.59 | AI61: 0 | AJ61: 0.68 | AK61: 0 | AL61: 1.12 | AM61: 0 | AN61: 0.57 | AO61: 0 | AP61: 1.14 | AQ61: 0 | AR61: 0.56 | AS61: 0 | AT61: 0.56 | AU61: 0 | AV61: 0.79 | AW61: 0 | BB61: =MIN($B61,$D61,$F61,$H61,$J61,$L61,$N61,$P61,$R61,$T61,$V61,$X61,$Z61,$AB61,$AD61,$AF61,$AH61,$AJ61,$AL61,$AN61,$AP61,$AR61,$AT61,$AV61,$AX61,$AZ61) -> 0 | BC61: =MIN($C61,$E61,$G61,$I61,$K61,$M61,$O61,$Q61,$S61,$U61,$W61,$Y61,$AA61,$AC61,$AE61,$AG61,$AI61,$AK61,$AM61,$AO61,$AQ61,$AS61,$AU61,$AW61,$AY61,$BA61) -> 0 | BD61: =MEDIAN($B61,$D61,$F61,$H61,$J61,$L61,$N61,$P61,$R61,$T61,$V61,$X61,$Z61,$AB61,$AD61,$AF61,$AH61,$AJ61,$AL61,$AN61,$AP61,$AR61,$AT61,$AV61,$AX61,$AZ61) -> 0 | BE61: =MEDIAN($C61,$E61,$G61,$I61,$K61,$M61,$O61,$Q61,$S61,$U61,$W61,$Y61,$AA61,$AC61,$AE61,$AG61,$AI61,$AK61,$AM61,$AO61,$AQ61,$AS61,$AU61,$AW61,$AY61,$BA61) -> 0 | BF61: =MAX($B61,$D61,$F61,$H61,$J61,$L61,$N61,$P61,$R61,$T61,$V61,$X61,$Z61,$AB61,$AD61,$AF61,$AH61,$AJ61,$AL61,$AN61,$AP61,$AR61,$AT61,$AV61,$AX61,$AZ61) -> 0 | BG61: =MAX($C61,$E61,$G61,$I61,$K61,$M61,$O61,$Q61,$S61,$U61,$W61,$Y61,$AA61,$AC61,$AE61,$AG61,$AI61,$AK61,$AM61,$AO61,$AQ61,$AS61,$AU61,$AW61,$AY61,$BA61) -> 0
A62: ./cargobike-200_user-input-3 | B62: 1.81 | C62: 0 | D62: 1.48 | E62: 0 | F62: 1.66 | G62: 0 | H62: 3.27 | I62: 0 | J62: 2.83 | K62: 0 | L62: 2.83 | M62: 0 | N62: 1.88 | O62: 0 | P62: 1.41 | Q62: 0 | R62: 1.63 | S62: 0 | T62: 1.38 | U62: 0 | V62: 1.42 | W62: 0 | X62: 2.57 | Y62: 0 | Z62: 2.74 | AA62: 0 | AB62: 2.15 | AC62: 0 | AD62: 2.22 | AE62: 0 | AF62: 2.73 | AG62: 0 | AH62: 1.04 | AI62: 0 | AJ62: 0.64 | AK62: 0 | AL62: 1.12 | AM62: 0 | AN62: 0.61 | AO62: 0 | AP62: 1.13 | AQ62: 0 | AR62: 0.66 | AS62: 0 | AT62: 1.12 | AU62: 0 | AV62: 1.25 | AW62: 0 | BB62: =MIN($B62,$D62,$F62,$H62,$J62,$L62,$N62,$P62,$R62,$T62,$V62,$X62,$Z62,$AB62,$AD62,$AF62,$AH62,$AJ62,$AL62,$AN62,$AP62,$AR62,$AT62,$AV62,$AX62,$AZ62) -> 0 | BC62: =MIN($C62,$E62,$G62,$I62,$K62,$M62,$O62,$Q62,$S62,$U62,$W62,$Y62,$AA62,$AC62,$AE62,$AG62,$AI62,$AK62,$AM62,$AO62,$AQ62,$AS62,$AU62,$AW62,$AY62,$BA62) -> 0 | BD62: =MEDIAN($B62,$D62,$F62,$H62,$J62,$L62,$N62,$P62,$R62,$T62,$V62,$X62,$Z62,$AB62,$AD62,$AF62,$AH62,$AJ62,$AL62,$AN62,$AP62,$AR62,$AT62,$AV62,$AX62,$AZ62) -> 0 | BE62: =MEDIAN($C62,$E62,$G62,$I62,$K62,$M62,$O62,$Q62,$S62,$U62,$W62,$Y62,$AA62,$AC62,$AE62,$AG62,$AI62,$AK62,$AM62,$AO62,$AQ62,$AS62,$AU62,$AW62,$AY62,$BA62) -> 0 | BF62: =MAX($B62,$D62,$F62,$H62,$J62,$L62,$N62,$P62,$R62,$T62,$V62,$X62,$Z62,$AB62,$AD62,$AF62,$AH62,$AJ62,$AL62,$AN62,$AP62,$AR62,$AT62,$AV62,$AX62,$AZ62) -> 0 | BG62: =MAX($C62,$E62,$G62,$I62,$K62,$M62,$O62,$Q62,$S62,$U62,$W62,$Y62,$AA62,$AC62,$AE62,$AG62,$AI62,$AK62,$AM62,$AO62,$AQ62,$AS62,$AU62,$AW62,$AY62,$BA62) -> 0
A63: ./cargobike-200_user-input-4 | B63: 2.08 | C63: 0 | D63: 1200 | E63: 1 | F63: 1.99 | G63: 0 | H63: 3.14 | I63: 0 | J63: 4.6 | K63: 0 | L63: 2.86 | M63: 0 | N63: 2.25 | O63: 0 | P63: 1.73 | Q63: 0 | R63: 1.8 | S63: 0 | T63: 1.65 | U63: 0 | V63: 1.87 | W63: 0 | X63: 3.04 | Y63: 0 | Z63: 2.71 | AA63: 0 | AB63: 2.11 | AC63: 0 | AD63: 2.23 | AE63: 0 | AF63: 3.12 | AG63: 0 | AH63: 1.06 | AI63: 0 | AJ63: 2.4 | AK63: 0 | AL63: 1.04 | AM63: 0 | AN63: 0.68 | AO63: 0 | AP63: 1.12 | AQ63: 0 | AR63: 0.85 | AS63: 0 | AT63: 0.75 | AU63: 0 | AV63: 1.45 | AW63: 0 | BB63: =MIN($B63,$D63,$F63,$H63,$J63,$L63,$N63,$P63,$R63,$T63,$V63,$X63,$Z63,$AB63,$AD63,$AF63,$AH63,$AJ63,$AL63,$AN63,$AP63,$AR63,$AT63,$AV63,$AX63,$AZ63) -> 0 | BC63: =MIN($C63,$E63,$G63,$I63,$K63,$M63,$O63,$Q63,$S63,$U63,$W63,$Y63,$AA63,$AC63,$AE63,$AG63,$AI63,$AK63,$AM63,$AO63,$AQ63,$AS63,$AU63,$AW63,$AY63,$BA63) -> 0 | BD63: =MEDIAN($B63,$D63,$F63,$H63,$J63,$L63,$N63,$P63,$R63,$T63,$V63,$X63,$Z63,$AB63,$AD63,$AF63,$AH63,$AJ63,$AL63,$AN63,$AP63,$AR63,$AT63,$AV63,$AX63,$AZ63) -> 0 | BE63: =MEDIAN($C63,$E63,$G63,$I63,$K63,$M63,$O63,$Q63,$S63,$U63,$W63,$Y63,$AA63,$AC63,$AE63,$AG63,$AI63,$AK63,$AM63,$AO63,$AQ63,$AS63,$AU63,$AW63,$AY63,$BA63) -> 0 | BF63: =MAX($B63,$D63,$F63,$H63,$J63,$L63,$N63,$P63,$R63,$T63,$V63,$X63,$Z63,$AB63,$AD63,$AF63,$AH63,$AJ63,$AL63,$AN63,$AP63,$AR63,$AT63,$AV63,$AX63,$AZ63) -> 0 | BG63: =MAX($C63,$E63,$G63,$I63,$K63,$M63,$O63,$Q63,$S63,$U63,$W63,$Y63,$AA63,$AC63,$AE63,$AG63,$AI63,$AK63,$AM63,$AO63,$AQ63,$AS63,$AU63,$AW63,$AY63,$BA63) -> 0
A64: ./cargobike-300_user-input-0 | B64: 3.2 | C64: 0 | D64: 3.36 | E64: 0 | F64: 3.42 | G64: 0 | H64: 1.72 | I64: 0 | J64: 2.09 | K64: 0 | L64: 2.62 | M64: 0 | N64: 4.16 | O64: 0 | P64: 3 | Q64: 0 | R64: 2.99 | S64: 0 | T64: 2.51 | U64: 0 | V64: 2.69 | W64: 0 | X64: 2.12 | Y64: 0 | Z64: 2.17 | AA64: 0 | AB64: 1.58 | AC64: 0 | AD64: 1.47 | AE64: 0 | AF64: 1.64 | AG64: 0 | AH64: 0.88 | AI64: 0 | AJ64: 1.07 | AK64: 0 | AL64: 1.37 | AM64: 0 | AN64: 0.87 | AO64: 0 | AP64: 1.42 | AQ64: 0 | AR64: 0.92 | AS64: 0 | AT64: 0.91 | AU64: 0 | AV64: 1.23 | AW64: 0 | BB64: =MIN($B64,$D64,$F64,$H64,$J64,$L64,$N64,$P64,$R64,$T64,$V64,$X64,$Z64,$AB64,$AD64,$AF64,$AH64,$AJ64,$AL64,$AN64,$AP64,$AR64,$AT64,$AV64,$AX64,$AZ64) -> 0 | BC64: =MIN($C64,$E64,$G64,$I64,$K64,$M64,$O64,$Q64,$S64,$U64,$W64,$Y64,$AA64,$AC64,$AE64,$AG64,$AI64,$AK64,$AM64,$AO64,$AQ64,$AS64,$AU64,$AW64,$AY64,$BA64) -> 0 | BD64: =MEDIAN($B64,$D64,$F64,$H64,$J64,$L64,$N64,$P64,$R64,$T64,$V64,$X64,$Z64,$AB64,$AD64,$AF64,$AH64,$AJ64,$AL64,$AN64,$AP64,$AR64,$AT64,$AV64,$AX64,$AZ64) -> 0 | BE64: =MEDIAN($C64,$E64,$G64,$I64,$K64,$M64,$O64,$Q64,$S64,$U64,$W64,$Y64,$AA64,$AC64,$AE64,$AG64,$AI64,$AK64,$AM64,$AO64,$AQ64,$AS64,$AU64,$AW64,$AY64,$BA64) -> 0 | BF64: =MAX($B64,$D64,$F64,$H64,$J64,$L64,$N64,$P64,$R64,$T64,$V64,$X64,$Z64,$AB64,$AD64,$AF64,$AH64,$AJ64,$AL64,$AN64,$AP64,$AR64,$AT64,$AV64,$AX64,$AZ64) -> 0 | BG64: =MAX($C64,$E64,$G64,$I64,$K64,$M64,$O64,$Q64,$S64,$U64,$W64,$Y64,$AA64,$AC64,$AE64,$AG64,$AI64,$AK64,$AM64,$AO64,$AQ64,$AS64,$AU64,$AW64,$AY64,$BA64) -> 0
A65: ./cargobike-300_user-input-1 | B65: 4.91 | C65: 0 | D65: 4.96 | E65: 0 | F65: 4.62 | G65: 0 | H65: 3.18 | I65: 0 | J65: 4.48 | K65: 0 | L65: 2.93 | M65: 0 | N65: 7.24 | O65: 0 | P65: 3.78 | Q65: 0 | R65: 3.94 | S65: 0 | T65: 3.61 | U65: 0 | V65: 3.76 | W65: 0 | X65: 3.01 | Y65: 0 | Z65: 2.69 | AA65: 0 | AB65: 2.13 | AC65: 0 | AD65: 2.17 | AE65: 0 | AF65: 3 | AG65: 0 | AH65: 1.39 | AI65: 0 | AJ65: 2.38 | AK65: 0 | AL65: 1.4 | AM65: 0 | AN65: 0.95 | AO65: 0 | AP65: 1.46 | AQ65: 0 | AR65: 0.99 | AS65: 0 | AT65: 1.08 | AU65: 0 | AV65: 1.93 | AW65: 0 | BB65: =MIN($B65,$D65,$F65,$H65,$J65,$L65,$N65,$P65,$R65,$T65,$V65,$X65,$Z65,$AB65,$AD65,$AF65,$AH65,$AJ65,$AL65,$AN65,$AP65,$AR65,$AT65,$AV65,$AX65,$AZ65) -> 0 | BC65: =MIN($C65,$E65,$G65,$I65,$K65,$M65,$O65,$Q65,$S65,$U65,$W65,$Y65,$AA65,$AC65,$AE65,$AG65,$AI65,$AK65,$AM65,$AO65,$AQ65,$AS65,$AU65,$AW65,$AY65,$BA65) -> 0 | BD65: =MEDIAN($B65,$D65,$F65,$H65,$J65,$L65,$N65,$P65,$R65,$T65,$V65,$X65,$Z65,$AB65,$AD65,$AF65,$AH65,$AJ65,$AL65,$AN65,$AP65,$AR65,$AT65,$AV65,$AX65,$AZ65) -> 0 | BE65: =MEDIAN($C65,$E65,$G65,$I65,$K65,$M65,$O65,$Q65,$S65,$U65,$W65,$Y65,$AA65,$AC65,$AE65,$AG65,$AI65,$AK65,$AM65,$AO65,$AQ65,$AS65,$AU65,$AW65,$AY65,$BA65) -> 0 | BF65: =MAX($B65,$D65,$F65,$H65,$J65,$L65,$N65,$P65,$R65,$T65,$V65,$X65,$Z65,$AB65,$AD65,$AF65,$AH65,$AJ65,$AL65,$AN65,$AP65,$AR65,$AT65,$AV65,$AX65,$AZ65) -> 0 | BG65: =MAX($C65,$E65,$G65,$I65,$K65,$M65,$O65,$Q65,$S65,$U65,$W65,$Y65,$AA65,$AC65,$AE65,$AG65,$AI65,$AK65,$AM65,$AO65,$AQ65,$AS65,$AU65,$AW65,$AY65,$BA65) -> 0
... A103: ./cargobike-nested-500_user-input-4 | B103: 1200 | C103: 1 | D103: 1200 | E103: 1 | F103: 1200 | G103: 1 | H103: 101.3 | I103: 0 | J103: 69.93 | K103: 0 | L103: 231.6 | M103: 0 | N103: 1200 | O103: 1 | P103: 1200 | Q103: 1 | R103: 1200 | S103: 1 | T103: 1200 | U103: 1 | V103: 1200 | W103: 1 | X103: 136.24 | Y103: 0 | Z103: 91.13 | AA103: 0 | AB103: 95.37 | AC103: 0 | AD103: 83.04 | AE103: 0 | AF103: 93.49 | AG103: 0 | AH103: 23.5 | AI103: 0 | AJ103: 15 | AK103: 0 | AL103: 207.3 | AM103: 0 | AN103: 11.05 | AO103: 0 | AP103: 21.95 | AQ103: 0 | AR103: 12.17 | AS103: 0 | AT103: 23.2 | AU103: 0 | AV103: 24.75 | AW103: 0 | BB103: =MIN($B103,$D103,$F103,$H103,$J103,$L103,$N103,$P103,$R103,$T103,$V103,$X103,$Z103,$AB103,$AD103,$AF103,$AH103,$AJ103,$AL103,$AN103,$AP103,$AR103,$AT103,$AV103,$AX103,$AZ103) -> 0 | BC103: =MIN($C103,$E103,$G103,$I103,$K103,$M103,$O103,$Q103,$S103,$U103,$W103,$Y103,$AA103,$AC103,$AE103,$AG103,$AI103,$AK103,$AM103,$AO103,$AQ103,$AS103,$AU103,$AW103,$AY103,$BA103) -> 0 | BD103: =MEDIAN($B103,$D103,$F103,$H103,$J103,$L103,$N103,$P103,$R103,$T103,$V103,$X103,$Z103,$AB103,$AD103,$AF103,$AH103,$AJ103,$AL103,$AN103,$AP103,$AR103,$AT103,$AV103,$AX103,$AZ103) -> 0 | BE103: =MEDIAN($C103,$E103,$G103,$I103,$K103,$M103,$O103,$Q103,$S103,$U103,$W103,$Y103,$AA103,$AC103,$AE103,$AG103,$AI103,$AK103,$AM103,$AO103,$AQ103,$AS103,$AU103,$AW103,$AY103,$BA103) -> 0 | BF103: =MAX($B103,$D103,$F103,$H103,$J103,$L103,$N103,$P103,$R103,$T103,$V103,$X103,$Z103,$AB103,$AD103,$AF103,$AH103,$AJ103,$AL103,$AN103,$AP103,$AR103,$AT103,$AV103,$AX103,$AZ103) -> 0 | BG103: =MAX($C103,$E103,$G103,$I103,$K103,$M103,$O103,$Q103,$S103,$U103,$W103,$Y103,$AA103,$AC103,$AE103,$AG103,$AI103,$AK103,$AM103,$AO103,$AQ103,$AS103,$AU103,$AW103,$AY103,$BA103) -> 0
A105: SUM | B105: =SUM(B$3:B$103) -> 0 | C105: =SUM(C$3:C$103) -> 0 | D105: =SUM(D$3:D$103) -> 0 | E105: =SUM(E$3:E$103) -> 0 | F105: =SUM(F$3:F$103) -> 0 | G105: =SUM(G$3:G$103) -> 0 | H105: =SUM(H$3:H$103) -> 0 | I105: =SUM(I$3:I$103) -> 0 | ... BG105: =SUM(BG$3:BG$103) -> 0
A106: AVG | B106: =AVERAGE(B$3:B$103) -> 0 | C106: =AVERAGE(C$3:C$103) -> 0 | D106: =AVERAGE(D$3:D$103) -> 0 | E106: =AVERAGE(E$3:E$103) -> 0 | F106: =AVERAGE(F$3:F$103) -> 0 | G106: =AVERAGE(G$3:G$103) -> 0 | H106: =AVERAGE(H$3:H$103) -> 0 | I106: =AVERAGE(I$3:I$103) -> 0 | ... BG106: =AVERAGE(BG$3:BG$103) -> 0
A107: DEV | B107: =STDEV(B$3:B$103) -> 0 | C107: =STDEV(C$3:C$103) -> 0 | D107: =STDEV(D$3:D$103) -> 0 | E107: =STDEV(E$3:E$103) -> 0 | F107: =STDEV(F$3:F$103) -> 0 | G107: =STDEV(G$3:G$103) -> 0 | H107: =STDEV(H$3:H$103) -> 0 | I107: =STDEV(I$3:I$103) -> 0 | ... BG107: =STDEV(BG$3:BG$103) -> 0
A108: DST | B108: =SUMPRODUCT(--(B$3:B$103-$BB$3:$BB$103)^2)^0.5 -> 0 | C108: =SUMPRODUCT(--(C$3:C$103-$BC$3:$BC$103)^2)^0.5 -> 0 | D108: =SUMPRODUCT(--(D$3:D$103-$BB$3:$BB$103)^2)^0.5 -> 0 | E108: =SUMPRODUCT(--(E$3:E$103-$BC$3:$BC$103)^2)^0.5 -> 0 | F108: =SUMPRODUCT(--(F$3:F$103-$BB$3:$BB$103)^2)^0.5 -> 0 | G108: =SUMPRODUCT(--(G$3:G$103-$BC$3:$BC$103)^2)^0.5 -> 0 | H108: =SUMPRODUCT(--(H$3:H$103-$BB$3:$BB$103)^2)^0.5 -> 0 | I108: =SUMPRODUCT(--(I$3:I$103-$BC$3:$BC$103)^2)^0.5 -> 0 | J108: =SUMPRODUCT(--(J$3:J$103-$BB$3:$BB$103)^2)^0.5 -> 0 | K108: =SUMPRODUCT(--(K$3:K$103-$BC$3:$BC$103)^2)^0.5 -> 0 | L108: =SUMPRODUCT(--(L$3:L$103-$BB$3:$BB$103)^2)^0.5 -> 0 | M108: =SUMPRODUCT(--(M$3:M$103-$BC$3:$BC$103)^2)^0.5 -> 0 | N108: =SUMPRODUCT(--(N$3:N$103-$BB$3:$BB$103)^2)^0.5 -> 0 | O108: =SUMPRODUCT(--(O$3:O$103-$BC$3:$BC$103)^2)^0.5 -> 0 | P108: =SUMPRODUCT(--(P$3:P$103-$BB$3:$BB$103)^2)^0.5 -> 0 | Q108: =SUMPRODUCT(--(Q$3:Q$103-$BC$3:$BC$103)^2)^0.5 -> 0 | R108: =SUMPRODUCT(--(R$3:R$103-$BB$3:$BB$103)^2)^0.5 -> 0 | S108: =SUMPRODUCT(--(S$3:S$103-$BC$3:$BC$103)^2)^0.5 -> 0 | T108: =SUMPRODUCT(--(T$3:T$103-$BB$3:$BB$103)^2)^0.5 -> 0 | U108: =SUMPRODUCT(--(U$3:U$103-$BC$3:$BC$103)^2)^0.5 -> 0 | V108: =SUMPRODUCT(--(V$3:V$103-$BB$3:$BB$103)^2)^0.5 -> 0 | W108: =SUMPRODUCT(--(W$3:W$103-$BC$3:$BC$103)^2)^0.5 -> 0 | X108: =SUMPRODUCT(--(X$3:X$103-$BB$3:$BB$103)^2)^0.5 -> 0 | Y108: =SUMPRODUCT(--(Y$3:Y$103-$BC$3:$BC$103)^2)^0.5 -> 0 | Z108: =SUMPRODUCT(--(Z$3:Z$103-$BB$3:$BB$103)^2)^0.5 -> 0 | AA108: =SUMPRODUCT(--(AA$3:AA$103-$BC$3:$BC$103)^2)^0.5 -> 0 | AB108: =SUMPRODUCT(--(AB$3:AB$103-$BB$3:$BB$103)^2)^0.5 -> 0 | AC108: =SUMPRODUCT(--(AC$3:AC$103-$BC$3:$BC$103)^2)^0.5 -> 0 | AD108: =SUMPRODUCT(--(AD$3:AD$103-$BB$3:$BB$103)^2)^0.5 -> 0 | AE108: =SUMPRODUCT(--(AE$3:AE$103-$BC$3:$BC$103)^2)^0.5 -> 0 | AF108: =SUMPRODUCT(--(AF$3:AF$103-$BB$3:$BB$103)^2)^0.5 -> 0 | AG108: =SUMPRODUCT(--(AG$3:AG$103-$BC$3:$BC$103)^2)^0.5 -> 0 | AH108: =SUMPRODUCT(--(AH$3:AH$103-$BB$3:$BB$103)^2)^0.5 -> 0 | AI108: =SUMPRODUCT(--(AI$3:AI$103-$BC$3:$BC$103)^2)^0.5 -> 0 | AJ108: =SUMPRODUCT(--(AJ$3:AJ$103-$BB$3:$BB$103)^2)^0.5 -> 0 | AK108: =SUMPRODUCT(--(AK$3:AK$103-$BC$3:$BC$103)^2)^0.5 -> 0 | AL108: =SUMPRODUCT(--(AL$3:AL$103-$BB$3:$BB$103)^2)^0.5 -> 0 | AM108: =SUMPRODUCT(--(AM$3:AM$103-$BC$3:$BC$103)^2)^0.5 -> 0 | AN108: =SUMPRODUCT(--(AN$3:AN$103-$BB$3:$BB$103)^2)^0.5 -> 0 | AO108: =SUMPRODUCT(--(AO$3:AO$103-$BC$3:$BC$103)^2)^0.5 -> 0 | AP108: =SUMPRODUCT(--(AP$3:AP$103-$BB$3:$BB$103)^2)^0.5 -> 0 | AQ108: =SUMPRODUCT(--(AQ$3:AQ$103-$BC$3:$BC$103)^2)^0.5 -> 0 | AR108: =SUMPRODUCT(--(AR$3:AR$103-$BB$3:$BB$103)^2)^0.5 -> 0 | AS108: =SUMPRODUCT(--(AS$3:AS$103-$BC$3:$BC$103)^2)^0.5 -> 0 | AT108: =SUMPRODUCT(--(AT$3:AT$103-$BB$3:$BB$103)^2)^0.5 -> 0 | AU108: =SUMPRODUCT(--(AU$3:AU$103-$BC$3:$BC$103)^2)^0.5 -> 0 | AV108: =SUMPRODUCT(--(AV$3:AV$103-$BB$3:$BB$103)^2)^0.5 -> 0 | AW108: =SUMPRODUCT(--(AW$3:AW$103-$BC$3:$BC$103)^2)^0.5 -> 0 | AX108: =SUMPRODUCT(--(AX$3:AX$103-$BB$3:$BB$103)^2)^0.5 -> 0 | AY108: =SUMPRODUCT(--(AY$3:AY$103-$BC$3:$BC$103)^2)^0.5 -> 0 | AZ108: =SUMPRODUCT(--(AZ$3:AZ$103-$BB$3:$BB$103)^2)^0.5 -> 0 | BA108: =SUMPRODUCT(--(BA$3:BA$103-$BC$3:$BC$103)^2)^0.5 -> 0
A109: BEST | B109: =SUMPRODUCT(NOT(ISBLANK(B$3:B$103))*(B$3:B$103=$BB$3:$BB$103)) -> 0 | C109: =SUMPRODUCT(NOT(ISBLANK(C$3:C$103))*(C$3:C$103=$BC$3:$BC$103)) -> 0 | D109: =SUMPRODUCT(NOT(ISBLANK(D$3:D$103))*(D$3:D$103=$BB$3:$BB$103)) -> 0 | E109: =SUMPRODUCT(NOT(ISBLANK(E$3:E$103))*(E$3:E$103=$BC$3:$BC$103)) -> 0 | F109: =SUMPRODUCT(NOT(ISBLANK(F$3:F$103))*(F$3:F$103=$BB$3:$BB$103)) -> 0 | G109: =SUMPRODUCT(NOT(ISBLANK(G$3:G$103))*(G$3:G$103=$BC$3:$BC$103)) -> 0 | H109: =SUMPRODUCT(NOT(ISBLANK(H$3:H$103))*(H$3:H$103=$BB$3:$BB$103)) -> 0 | I109: =SUMPRODUCT(NOT(ISBLANK(I$3:I$103))*(I$3:I$103=$BC$3:$BC$103)) -> 0 | J109: =SUMPRODUCT(NOT(ISBLANK(J$3:J$103))*(J$3:J$103=$BB$3:$BB$103)) -> 0 | K109: =SUMPRODUCT(NOT(ISBLANK(K$3:K$103))*(K$3:K$103=$BC$3:$BC$103)) -> 0 | L109: =SUMPRODUCT(NOT(ISBLANK(L$3:L$103))*(L$3:L$103=$BB$3:$BB$103)) -> 0 | M109: =SUMPRODUCT(NOT(ISBLANK(M$3:M$103))*(M$3:M$103=$BC$3:$BC$103)) -> 0 | N109: =SUMPRODUCT(NOT(ISBLANK(N$3:N$103))*(N$3:N$103=$BB$3:$BB$103)) -> 0 | O109: =SUMPRODUCT(NOT(ISBLANK(O$3:O$103))*(O$3:O$103=$BC$3:$BC$103)) -> 0 | P109: =SUMPRODUCT(NOT(ISBLANK(P$3:P$103))*(P$3:P$103=$BB$3:$BB$103)) -> 0 | Q109: =SUMPRODUCT(NOT(ISBLANK(Q$3:Q$103))*(Q$3:Q$103=$BC$3:$BC$103)) -> 0 | R109: =SUMPRODUCT(NOT(ISBLANK(R$3:R$103))*(R$3:R$103=$BB$3:$BB$103)) -> 0 | S109: =SUMPRODUCT(NOT(ISBLANK(S$3:S$103))*(S$3:S$103=$BC$3:$BC$103)) -> 0 | T109: =SUMPRODUCT(NOT(ISBLANK(T$3:T$103))*(T$3:T$103=$BB$3:$BB$103)) -> 0 | U109: =SUMPRODUCT(NOT(ISBLANK(U$3:U$103))*(U$3:U$103=$BC$3:$BC$103)) -> 0 | V109: =SUMPRODUCT(NOT(ISBLANK(V$3:V$103))*(V$3:V$103=$BB$3:$BB$103)) -> 0 | W109: =SUMPRODUCT(NOT(ISBLANK(W$3:W$103))*(W$3:W$103=$BC$3:$BC$103)) -> 0 | X109: =SUMPRODUCT(NOT(ISBLANK(X$3:X$103))*(X$3:X$103=$BB$3:$BB$103)) -> 0 | Y109: =SUMPRODUCT(NOT(ISBLANK(Y$3:Y$103))*(Y$3:Y$103=$BC$3:$BC$103)) -> 0 | Z109: =SUMPRODUCT(NOT(ISBLANK(Z$3:Z$103))*(Z$3:Z$103=$BB$3:$BB$103)) -> 0 | AA109: =SUMPRODUCT(NOT(ISBLANK(AA$3:AA$103))*(AA$3:AA$103=$BC$3:$BC$103)) -> 0 | AB109: =SUMPRODUCT(NOT(ISBLANK(AB$3:AB$103))*(AB$3:AB$103=$BB$3:$BB$103)) -> 0 | AC109: =SUMPRODUCT(NOT(ISBLANK(AC$3:AC$103))*(AC$3:AC$103=$BC$3:$BC$103)) -> 0 | AD109: =SUMPRODUCT(NOT(ISBLANK(AD$3:AD$103))*(AD$3:AD$103=$BB$3:$BB$103)) -> 0 | AE109: =SUMPRODUCT(NOT(ISBLANK(AE$3:AE$103))*(AE$3:AE$103=$BC$3:$BC$103)) -> 0 | AF109: =SUMPRODUCT(NOT(ISBLANK(AF$3:AF$103))*(AF$3:AF$103=$BB$3:$BB$103)) -> 0 | AG109: =SUMPRODUCT(NOT(ISBLANK(AG$3:AG$103))*(AG$3:AG$103=$BC$3:$BC$103)) -> 0 | AH109: =SUMPRODUCT(NOT(ISBLANK(AH$3:AH$103))*(AH$3:AH$103=$BB$3:$BB$103)) -> 0 | AI109: =SUMPRODUCT(NOT(ISBLANK(AI$3:AI$103))*(AI$3:AI$103=$BC$3:$BC$103)) -> 0 | AJ109: =SUMPRODUCT(NOT(ISBLANK(AJ$3:AJ$103))*(AJ$3:AJ$103=$BB$3:$BB$103)) -> 0 | AK109: =SUMPRODUCT(NOT(ISBLANK(AK$3:AK$103))*(AK$3:AK$103=$BC$3:$BC$103)) -> 0 | AL109: =SUMPRODUCT(NOT(ISBLANK(AL$3:AL$103))*(AL$3:AL$103=$BB$3:$BB$103)) -> 0 | AM109: =SUMPRODUCT(NOT(ISBLANK(AM$3:AM$103))*(AM$3:AM$103=$BC$3:$BC$103)) -> 0 | AN109: =SUMPRODUCT(NOT(ISBLANK(AN$3:AN$103))*(AN$3:AN$103=$BB$3:$BB$103)) -> 0 | AO109: =SUMPRODUCT(NOT(ISBLANK(AO$3:AO$103))*(AO$3:AO$103=$BC$3:$BC$103)) -> 0 | AP109: =SUMPRODUCT(NOT(ISBLANK(AP$3:AP$103))*(AP$3:AP$103=$BB$3:$BB$103)) -> 0 | AQ109: =SUMPRODUCT(NOT(ISBLANK(AQ$3:AQ$103))*(AQ$3:AQ$103=$BC$3:$BC$103)) -> 0 | AR109: =SUMPRODUCT(NOT(ISBLANK(AR$3:AR$103))*(AR$3:AR$103=$BB$3:$BB$103)) -> 0 | AS109: =SUMPRODUCT(NOT(ISBLANK(AS$3:AS$103))*(AS$3:AS$103=$BC$3:$BC$103)) -> 0 | AT109: =SUMPRODUCT(NOT(ISBLANK(AT$3:AT$103))*(AT$3:AT$103=$BB$3:$BB$103)) -> 0 | AU109: =SUMPRODUCT(NOT(ISBLANK(AU$3:AU$103))*(AU$3:AU$103=$BC$3:$BC$103)) -> 0 | AV109: =SUMPRODUCT(NOT(ISBLANK(AV$3:AV$103))*(AV$3:AV$103=$BB$3:$BB$103)) -> 0 | AW109: =SUMPRODUCT(NOT(ISBLANK(AW$3:AW$103))*(AW$3:AW$103=$BC$3:$BC$103)) -> 0 | AX109: =SUMPRODUCT(NOT(ISBLANK(AX$3:AX$103))*(AX$3:AX$103=$BB$3:$BB$103)) -> 0 | AY109: =SUMPRODUCT(NOT(ISBLANK(AY$3:AY$103))*(AY$3:AY$103=$BC$3:$BC$103)) -> 0 | AZ109: =SUMPRODUCT(NOT(ISBLANK(AZ$3:AZ$103))*(AZ$3:AZ$103=$BB$3:$BB$103)) -> 0 | BA109: =SUMPRODUCT(NOT(ISBLANK(BA$3:BA$103))*(BA$3:BA$103=$BC$3:$BC$103)) -> 0
A110: BETTER | B110: =SUMPRODUCT(NOT(ISBLANK(B$3:B$103))*(B$3:B$103<$BD$3:$BD$103)) -> 0 | C110: =SUMPRODUCT(NOT(ISBLANK(C$3:C$103))*(C$3:C$103<$BE$3:$BE$103)) -> 0 | D110: =SUMPRODUCT(NOT(ISBLANK(D$3:D$103))*(D$3:D$103<$BD$3:$BD$103)) -> 0 | E110: =SUMPRODUCT(NOT(ISBLANK(E$3:E$103))*(E$3:E$103<$BE$3:$BE$103)) -> 0 | F110: =SUMPRODUCT(NOT(ISBLANK(F$3:F$103))*(F$3:F$103<$BD$3:$BD$103)) -> 0 | G110: =SUMPRODUCT(NOT(ISBLANK(G$3:G$103))*(G$3:G$103<$BE$3:$BE$103)) -> 0 | H110: =SUMPRODUCT(NOT(ISBLANK(H$3:H$103))*(H$3:H$103<$BD$3:$BD$103)) -> 0 | I110: =SUMPRODUCT(NOT(ISBLANK(I$3:I$103))*(I$3:I$103<$BE$3:$BE$103)) -> 0 | J110: =SUMPRODUCT(NOT(ISBLANK(J$3:J$103))*(J$3:J$103<$BD$3:$BD$103)) -> 0 | K110: =SUMPRODUCT(NOT(ISBLANK(K$3:K$103))*(K$3:K$103<$BE$3:$BE$103)) -> 0 | L110: =SUMPRODUCT(NOT(ISBLANK(L$3:L$103))*(L$3:L$103<$BD$3:$BD$103)) -> 0 | M110: =SUMPRODUCT(NOT(ISBLANK(M$3:M$103))*(M$3:M$103<$BE$3:$BE$103)) -> 0 | N110: =SUMPRODUCT(NOT(ISBLANK(N$3:N$103))*(N$3:N$103<$BD$3:$BD$103)) -> 0 | O110: =SUMPRODUCT(NOT(ISBLANK(O$3:O$103))*(O$3:O$103<$BE$3:$BE$103)) -> 0 | P110: =SUMPRODUCT(NOT(ISBLANK(P$3:P$103))*(P$3:P$103<$BD$3:$BD$103)) -> 0 | Q110: =SUMPRODUCT(NOT(ISBLANK(Q$3:Q$103))*(Q$3:Q$103<$BE$3:$BE$103)) -> 0 | R110: =SUMPRODUCT(NOT(ISBLANK(R$3:R$103))*(R$3:R$103<$BD$3:$BD$103)) -> 0 | S110: =SUMPRODUCT(NOT(ISBLANK(S$3:S$103))*(S$3:S$103<$BE$3:$BE$103)) -> 0 | T110: =SUMPRODUCT(NOT(ISBLANK(T$3:T$103))*(T$3:T$103<$BD$3:$BD$103)) -> 0 | U110: =SUMPRODUCT(NOT(ISBLANK(U$3:U$103))*(U$3:U$103<$BE$3:$BE$103)) -> 0 | V110: =SUMPRODUCT(NOT(ISBLANK(V$3:V$103))*(V$3:V$103<$BD$3:$BD$103)) -> 0 | W110: =SUMPRODUCT(NOT(ISBLANK(W$3:W$103))*(W$3:W$103<$BE$3:$BE$103)) -> 0 | X110: =SUMPRODUCT(NOT(ISBLANK(X$3:X$103))*(X$3:X$103<$BD$3:$BD$103)) -> 0 | Y110: =SUMPRODUCT(NOT(ISBLANK(Y$3:Y$103))*(Y$3:Y$103<$BE$3:$BE$103)) -> 0 | Z110: =SUMPRODUCT(NOT(ISBLANK(Z$3:Z$103))*(Z$3:Z$103<$BD$3:$BD$103)) -> 0 | AA110: =SUMPRODUCT(NOT(ISBLANK(AA$3:AA$103))*(AA$3:AA$103<$BE$3:$BE$103)) -> 0 | AB110: =SUMPRODUCT(NOT(ISBLANK(AB$3:AB$103))*(AB$3:AB$103<$BD$3:$BD$103)) -> 0 | AC110: =SUMPRODUCT(NOT(ISBLANK(AC$3:AC$103))*(AC$3:AC$103<$BE$3:$BE$103)) -> 0 | AD110: =SUMPRODUCT(NOT(ISBLANK(AD$3:AD$103))*(AD$3:AD$103<$BD$3:$BD$103)) -> 0 | AE110: =SUMPRODUCT(NOT(ISBLANK(AE$3:AE$103))*(AE$3:AE$103<$BE$3:$BE$103)) -> 0 | AF110: =SUMPRODUCT(NOT(ISBLANK(AF$3:AF$103))*(AF$3:AF$103<$BD$3:$BD$103)) -> 0 | AG110: =SUMPRODUCT(NOT(ISBLANK(AG$3:AG$103))*(AG$3:AG$103<$BE$3:$BE$103)) -> 0 | AH110: =SUMPRODUCT(NOT(ISBLANK(AH$3:AH$103))*(AH$3:AH$103<$BD$3:$BD$103)) -> 0 | AI110: =SUMPRODUCT(NOT(ISBLANK(AI$3:AI$103))*(AI$3:AI$103<$BE$3:$BE$103)) -> 0 | AJ110: =SUMPRODUCT(NOT(ISBLANK(AJ$3:AJ$103))*(AJ$3:AJ$103<$BD$3:$BD$103)) -> 0 | AK110: =SUMPRODUCT(NOT(ISBLANK(AK$3:AK$103))*(AK$3:AK$103<$BE$3:$BE$103)) -> 0 | AL110: =SUMPRODUCT(NOT(ISBLANK(AL$3:AL$103))*(AL$3:AL$103<$BD$3:$BD$103)) -> 0 | AM110: =SUMPRODUCT(NOT(ISBLANK(AM$3:AM$103))*(AM$3:AM$103<$BE$3:$BE$103)) -> 0 | AN110: =SUMPRODUCT(NOT(ISBLANK(AN$3:AN$103))*(AN$3:AN$103<$BD$3:$BD$103)) -> 0 | AO110: =SUMPRODUCT(NOT(ISBLANK(AO$3:AO$103))*(AO$3:AO$103<$BE$3:$BE$103)) -> 0 | AP110: =SUMPRODUCT(NOT(ISBLANK(AP$3:AP$103))*(AP$3:AP$103<$BD$3:$BD$103)) -> 0 | AQ110: =SUMPRODUCT(NOT(ISBLANK(AQ$3:AQ$103))*(AQ$3:AQ$103<$BE$3:$BE$103)) -> 0 | AR110: =SUMPRODUCT(NOT(ISBLANK(AR$3:AR$103))*(AR$3:AR$103<$BD$3:$BD$103)) -> 0 | AS110: =SUMPRODUCT(NOT(ISBLANK(AS$3:AS$103))*(AS$3:AS$103<$BE$3:$BE$103)) -> 0 | AT110: =SUMPRODUCT(NOT(ISBLANK(AT$3:AT$103))*(AT$3:AT$103<$BD$3:$BD$103)) -> 0 | AU110: =SUMPRODUCT(NOT(ISBLANK(AU$3:AU$103))*(AU$3:AU$103<$BE$3:$BE$103)) -> 0 | AV110: =SUMPRODUCT(NOT(ISBLANK(AV$3:AV$103))*(AV$3:AV$103<$BD$3:$BD$103)) -> 0 | AW110: =SUMPRODUCT(NOT(ISBLANK(AW$3:AW$103))*(AW$3:AW$103<$BE$3:$BE$103)) -> 0 | AX110: =SUMPRODUCT(NOT(ISBLANK(AX$3:AX$103))*(AX$3:AX$103<$BD$3:$BD$103)) -> 0 | AY110: =SUMPRODUCT(NOT(ISBLANK(AY$3:AY$103))*(AY$3:AY$103<$BE$3:$BE$103)) -> 0 | AZ110: =SUMPRODUCT(NOT(ISBLANK(AZ$3:AZ$103))*(AZ$3:AZ$103<$BD$3:$BD$103)) -> 0 | BA110: =SUMPRODUCT(NOT(ISBLANK(BA$3:BA$103))*(BA$3:BA$103<$BE$3:$BE$103)) -> 0
A111: WORSE | B111: =SUMPRODUCT((NOT(ISBLANK(B$3:B$103))*(B$3:B$103>$BD$3:$BD$103))+ISBLANK(B$3:B$103)) -> 0 | C111: =SUMPRODUCT((NOT(ISBLANK(C$3:C$103))*(C$3:C$103>$BE$3:$BE$103))+ISBLANK(C$3:C$103)) -> 0 | D111: =SUMPRODUCT((NOT(ISBLANK(D$3:D$103))*(D$3:D$103>$BD$3:$BD$103))+ISBLANK(D$3:D$103)) -> 0 | E111: =SUMPRODUCT((NOT(ISBLANK(E$3:E$103))*(E$3:E$103>$BE$3:$BE$103))+ISBLANK(E$3:E$103)) -> 0 | F111: =SUMPRODUCT((NOT(ISBLANK(F$3:F$103))*(F$3:F$103>$BD$3:$BD$103))+ISBLANK(F$3:F$103)) -> 0 | G111: =SUMPRODUCT((NOT(ISBLANK(G$3:G$103))*(G$3:G$103>$BE$3:$BE$103))+ISBLANK(G$3:G$103)) -> 0 | H111: =SUMPRODUCT((NOT(ISBLANK(H$3:H$103))*(H$3:H$103>$BD$3:$BD$103))+ISBLANK(H$3:H$103)) -> 0 | I111: =SUMPRODUCT((NOT(ISBLANK(I$3:I$103))*(I$3:I$103>$BE$3:$BE$103))+ISBLANK(I$3:I$103)) -> 0 | J111: =SUMPRODUCT((NOT(ISBLANK(J$3:J$103))*(J$3:J$103>$BD$3:$BD$103))+ISBLANK(J$3:J$103)) -> 0 | K111: =SUMPRODUCT((NOT(ISBLANK(K$3:K$103))*(K$3:K$103>$BE$3:$BE$103))+ISBLANK(K$3:K$103)) -> 0 | L111: =SUMPRODUCT((NOT(ISBLANK(L$3:L$103))*(L$3:L$103>$BD$3:$BD$103))+ISBLANK(L$3:L$103)) -> 0 | M111: =SUMPRODUCT((NOT(ISBLANK(M$3:M$103))*(M$3:M$103>$BE$3:$BE$103))+ISBLANK(M$3:M$103)) -> 0 | N111: =SUMPRODUCT((NOT(ISBLANK(N$3:N$103))*(N$3:N$103>$BD$3:$BD$103))+ISBLANK(N$3:N$103)) -> 0 | O111: =SUMPRODUCT((NOT(ISBLANK(O$3:O$103))*(O$3:O$103>$BE$3:$BE$103))+ISBLANK(O$3:O$103)) -> 0 | P111: =SUMPRODUCT((NOT(ISBLANK(P$3:P$103))*(P$3:P$103>$BD$3:$BD$103))+ISBLANK(P$3:P$103)) -> 0 | Q111: =SUMPRODUCT((NOT(ISBLANK(Q$3:Q$103))*(Q$3:Q$103>$BE$3:$BE$103))+ISBLANK(Q$3:Q$103)) -> 0 | R111: =SUMPRODUCT((NOT(ISBLANK(R$3:R$103))*(R$3:R$103>$BD$3:$BD$103))+ISBLANK(R$3:R$103)) -> 0 | S111: =SUMPRODUCT((NOT(ISBLANK(S$3:S$103))*(S$3:S$103>$BE$3:$BE$103))+ISBLANK(S$3:S$103)) -> 0 | T111: =SUMPRODUCT((NOT(ISBLANK(T$3:T$103))*(T$3:T$103>$BD$3:$BD$103))+ISBLANK(T$3:T$103)) -> 0 | U111: =SUMPRODUCT((NOT(ISBLANK(U$3:U$103))*(U$3:U$103>$BE$3:$BE$103))+ISBLANK(U$3:U$103)) -> 0 | V111: =SUMPRODUCT((NOT(ISBLANK(V$3:V$103))*(V$3:V$103>$BD$3:$BD$103))+ISBLANK(V$3:V$103)) -> 0 | W111: =SUMPRODUCT((NOT(ISBLANK(W$3:W$103))*(W$3:W$103>$BE$3:$BE$103))+ISBLANK(W$3:W$103)) -> 0 | X111: =SUMPRODUCT((NOT(ISBLANK(X$3:X$103))*(X$3:X$103>$BD$3:$BD$103))+ISBLANK(X$3:X$103)) -> 0 | Y111: =SUMPRODUCT((NOT(ISBLANK(Y$3:Y$103))*(Y$3:Y$103>$BE$3:$BE$103))+ISBLANK(Y$3:Y$103)) -> 0 | Z111: =SUMPRODUCT((NOT(ISBLANK(Z$3:Z$103))*(Z$3:Z$103>$BD$3:$BD$103))+ISBLANK(Z$3:Z$103)) -> 0 | AA111: =SUMPRODUCT((NOT(ISBLANK(AA$3:AA$103))*(AA$3:AA$103>$BE$3:$BE$103))+ISBLANK(AA$3:AA$103)) -> 0 | AB111: =SUMPRODUCT((NOT(ISBLANK(AB$3:AB$103))*(AB$3:AB$103>$BD$3:$BD$103))+ISBLANK(AB$3:AB$103)) -> 0 | AC111: =SUMPRODUCT((NOT(ISBLANK(AC$3:AC$103))*(AC$3:AC$103>$BE$3:$BE$103))+ISBLANK(AC$3:AC$103)) -> 0 | AD111: =SUMPRODUCT((NOT(ISBLANK(AD$3:AD$103))*(AD$3:AD$103>$BD$3:$BD$103))+ISBLANK(AD$3:AD$103)) -> 0 | AE111: =SUMPRODUCT((NOT(ISBLANK(AE$3:AE$103))*(AE$3:AE$103>$BE$3:$BE$103))+ISBLANK(AE$3:AE$103)) -> 0 | AF111: =SUMPRODUCT((NOT(ISBLANK(AF$3:AF$103))*(AF$3:AF$103>$BD$3:$BD$103))+ISBLANK(AF$3:AF$103)) -> 0 | AG111: =SUMPRODUCT((NOT(ISBLANK(AG$3:AG$103))*(AG$3:AG$103>$BE$3:$BE$103))+ISBLANK(AG$3:AG$103)) -> 0 | AH111: =SUMPRODUCT((NOT(ISBLANK(AH$3:AH$103))*(AH$3:AH$103>$BD$3:$BD$103))+ISBLANK(AH$3:AH$103)) -> 0 | AI111: =SUMPRODUCT((NOT(ISBLANK(AI$3:AI$103))*(AI$3:AI$103>$BE$3:$BE$103))+ISBLANK(AI$3:AI$103)) -> 0 | AJ111: =SUMPRODUCT((NOT(ISBLANK(AJ$3:AJ$103))*(AJ$3:AJ$103>$BD$3:$BD$103))+ISBLANK(AJ$3:AJ$103)) -> 0 | AK111: =SUMPRODUCT((NOT(ISBLANK(AK$3:AK$103))*(AK$3:AK$103>$BE$3:$BE$103))+ISBLANK(AK$3:AK$103)) -> 0 | AL111: =SUMPRODUCT((NOT(ISBLANK(AL$3:AL$103))*(AL$3:AL$103>$BD$3:$BD$103))+ISBLANK(AL$3:AL$103)) -> 0 | AM111: =SUMPRODUCT((NOT(ISBLANK(AM$3:AM$103))*(AM$3:AM$103>$BE$3:$BE$103))+ISBLANK(AM$3:AM$103)) -> 0 | AN111: =SUMPRODUCT((NOT(ISBLANK(AN$3:AN$103))*(AN$3:AN$103>$BD$3:$BD$103))+ISBLANK(AN$3:AN$103)) -> 0 | AO111: =SUMPRODUCT((NOT(ISBLANK(AO$3:AO$103))*(AO$3:AO$103>$BE$3:$BE$103))+ISBLANK(AO$3:AO$103)) -> 0 | AP111: =SUMPRODUCT((NOT(ISBLANK(AP$3:AP$103))*(AP$3:AP$103>$BD$3:$BD$103))+ISBLANK(AP$3:AP$103)) -> 0 | AQ111: =SUMPRODUCT((NOT(ISBLANK(AQ$3:AQ$103))*(AQ$3:AQ$103>$BE$3:$BE$103))+ISBLANK(AQ$3:AQ$103)) -> 0 | AR111: =SUMPRODUCT((NOT(ISBLANK(AR$3:AR$103))*(AR$3:AR$103>$BD$3:$BD$103))+ISBLANK(AR$3:AR$103)) -> 0 | AS111: =SUMPRODUCT((NOT(ISBLANK(AS$3:AS$103))*(AS$3:AS$103>$BE$3:$BE$103))+ISBLANK(AS$3:AS$103)) -> 0 | AT111: =SUMPRODUCT((NOT(ISBLANK(AT$3:AT$103))*(AT$3:AT$103>$BD$3:$BD$103))+ISBLANK(AT$3:AT$103)) -> 0 | AU111: =SUMPRODUCT((NOT(ISBLANK(AU$3:AU$103))*(AU$3:AU$103>$BE$3:$BE$103))+ISBLANK(AU$3:AU$103)) -> 0 | AV111: =SUMPRODUCT((NOT(ISBLANK(AV$3:AV$103))*(AV$3:AV$103>$BD$3:$BD$103))+ISBLANK(AV$3:AV$103)) -> 0 | AW111: =SUMPRODUCT((NOT(ISBLANK(AW$3:AW$103))*(AW$3:AW$103>$BE$3:$BE$103))+ISBLANK(AW$3:AW$103)) -> 0 | AX111: =SUMPRODUCT((NOT(ISBLANK(AX$3:AX$103))*(AX$3:AX$103>$BD$3:$BD$103))+ISBLANK(AX$3:AX$103)) -> 0 | AY111: =SUMPRODUCT((NOT(ISBLANK(AY$3:AY$103))*(AY$3:AY$103>$BE$3:$BE$103))+ISBLANK(AY$3:AY$103)) -> 0 | AZ111: =SUMPRODUCT((NOT(ISBLANK(AZ$3:AZ$103))*(AZ$3:AZ$103>$BD$3:$BD$103))+ISBLANK(AZ$3:AZ$103)) -> 0 | BA111: =SUMPRODUCT((NOT(ISBLANK(BA$3:BA$103))*(BA$3:BA$103>$BE$3:$BE$103))+ISBLANK(BA$3:BA$103)) -> 0
A112: WORST | B112: =SUMPRODUCT((NOT(ISBLANK(B$3:B$103))*(B$3:B$103=$BF$3:$BF$103))+ISBLANK(B$3:B$103)) -> 0 | C112: =SUMPRODUCT((NOT(ISBLANK(C$3:C$103))*(C$3:C$103=$BG$3:$BG$103))+ISBLANK(C$3:C$103)) -> 0 | D112: =SUMPRODUCT((NOT(ISBLANK(D$3:D$103))*(D$3:D$103=$BF$3:$BF$103))+ISBLANK(D$3:D$103)) -> 0 | E112: =SUMPRODUCT((NOT(ISBLANK(E$3:E$103))*(E$3:E$103=$BG$3:$BG$103))+ISBLANK(E$3:E$103)) -> 0 | F112: =SUMPRODUCT((NOT(ISBLANK(F$3:F$103))*(F$3:F$103=$BF$3:$BF$103))+ISBLANK(F$3:F$103)) -> 0 | G112: =SUMPRODUCT((NOT(ISBLANK(G$3:G$103))*(G$3:G$103=$BG$3:$BG$103))+ISBLANK(G$3:G$103)) -> 0 | H112: =SUMPRODUCT((NOT(ISBLANK(H$3:H$103))*(H$3:H$103=$BF$3:$BF$103))+ISBLANK(H$3:H$103)) -> 0 | I112: =SUMPRODUCT((NOT(ISBLANK(I$3:I$103))*(I$3:I$103=$BG$3:$BG$103))+ISBLANK(I$3:I$103)) -> 0 | J112: =SUMPRODUCT((NOT(ISBLANK(J$3:J$103))*(J$3:J$103=$BF$3:$BF$103))+ISBLANK(J$3:J$103)) -> 0 | K112: =SUMPRODUCT((NOT(ISBLANK(K$3:K$103))*(K$3:K$103=$BG$3:$BG$103))+ISBLANK(K$3:K$103)) -> 0 | L112: =SUMPRODUCT((NOT(ISBLANK(L$3:L$103))*(L$3:L$103=$BF$3:$BF$103))+ISBLANK(L$3:L$103)) -> 0 | M112: =SUMPRODUCT((NOT(ISBLANK(M$3:M$103))*(M$3:M$103=$BG$3:$BG$103))+ISBLANK(M$3:M$103)) -> 0 | N112: =SUMPRODUCT((NOT(ISBLANK(N$3:N$103))*(N$3:N$103=$BF$3:$BF$103))+ISBLANK(N$3:N$103)) -> 0 | O112: =SUMPRODUCT((NOT(ISBLANK(O$3:O$103))*(O$3:O$103=$BG$3:$BG$103))+ISBLANK(O$3:O$103)) -> 0 | P112: =SUMPRODUCT((NOT(ISBLANK(P$3:P$103))*(P$3:P$103=$BF$3:$BF$103))+ISBLANK(P$3:P$103)) -> 0 | Q112: =SUMPRODUCT((NOT(ISBLANK(Q$3:Q$103))*(Q$3:Q$103=$BG$3:$BG$103))+ISBLANK(Q$3:Q$103)) -> 0 | R112: =SUMPRODUCT((NOT(ISBLANK(R$3:R$103))*(R$3:R$103=$BF$3:$BF$103))+ISBLANK(R$3:R$103)) -> 0 | S112: =SUMPRODUCT((NOT(ISBLANK(S$3:S$103))*(S$3:S$103=$BG$3:$BG$103))+ISBLANK(S$3:S$103)) -> 0 | T112: =SUMPRODUCT((NOT(ISBLANK(T$3:T$103))*(T$3:T$103=$BF$3:$BF$103))+ISBLANK(T$3:T$103)) -> 0 | U112: =SUMPRODUCT((NOT(ISBLANK(U$3:U$103))*(U$3:U$103=$BG$3:$BG$103))+ISBLANK(U$3:U$103)) -> 0 | V112: =SUMPRODUCT((NOT(ISBLANK(V$3:V$103))*(V$3:V$103=$BF$3:$BF$103))+ISBLANK(V$3:V$103)) -> 0 | W112: =SUMPRODUCT((NOT(ISBLANK(W$3:W$103))*(W$3:W$103=$BG$3:$BG$103))+ISBLANK(W$3:W$103)) -> 0 | X112: =SUMPRODUCT((NOT(ISBLANK(X$3:X$103))*(X$3:X$103=$BF$3:$BF$103))+ISBLANK(X$3:X$103)) -> 0 | Y112: =SUMPRODUCT((NOT(ISBLANK(Y$3:Y$103))*(Y$3:Y$103=$BG$3:$BG$103))+ISBLANK(Y$3:Y$103)) -> 0 | Z112: =SUMPRODUCT((NOT(ISBLANK(Z$3:Z$103))*(Z$3:Z$103=$BF$3:$BF$103))+ISBLANK(Z$3:Z$103)) -> 0 | AA112: =SUMPRODUCT((NOT(ISBLANK(AA$3:AA$103))*(AA$3:AA$103=$BG$3:$BG$103))+ISBLANK(AA$3:AA$103)) -> 0 | AB112: =SUMPRODUCT((NOT(ISBLANK(AB$3:AB$103))*(AB$3:AB$103=$BF$3:$BF$103))+ISBLANK(AB$3:AB$103)) -> 0 | AC112: =SUMPRODUCT((NOT(ISBLANK(AC$3:AC$103))*(AC$3:AC$103=$BG$3:$BG$103))+ISBLANK(AC$3:AC$103)) -> 0 | AD112: =SUMPRODUCT((NOT(ISBLANK(AD$3:AD$103))*(AD$3:AD$103=$BF$3:$BF$103))+ISBLANK(AD$3:AD$103)) -> 0 | AE112: =SUMPRODUCT((NOT(ISBLANK(AE$3:AE$103))*(AE$3:AE$103=$BG$3:$BG$103))+ISBLANK(AE$3:AE$103)) -> 0 | AF112: =SUMPRODUCT((NOT(ISBLANK(AF$3:AF$103))*(AF$3:AF$103=$BF$3:$BF$103))+ISBLANK(AF$3:AF$103)) -> 0 | AG112: =SUMPRODUCT((NOT(ISBLANK(AG$3:AG$103))*(AG$3:AG$103=$BG$3:$BG$103))+ISBLANK(AG$3:AG$103)) -> 0 | AH112: =SUMPRODUCT((NOT(ISBLANK(AH$3:AH$103))*(AH$3:AH$103=$BF$3:$BF$103))+ISBLANK(AH$3:AH$103)) -> 0 | AI112: =SUMPRODUCT((NOT(ISBLANK(AI$3:AI$103))*(AI$3:AI$103=$BG$3:$BG$103))+ISBLANK(AI$3:AI$103)) -> 0 | AJ112: =SUMPRODUCT((NOT(ISBLANK(AJ$3:AJ$103))*(AJ$3:AJ$103=$BF$3:$BF$103))+ISBLANK(AJ$3:AJ$103)) -> 0 | AK112: =SUMPRODUCT((NOT(ISBLANK(AK$3:AK$103))*(AK$3:AK$103=$BG$3:$BG$103))+ISBLANK(AK$3:AK$103)) -> 0 | AL112: =SUMPRODUCT((NOT(ISBLANK(AL$3:AL$103))*(AL$3:AL$103=$BF$3:$BF$103))+ISBLANK(AL$3:AL$103)) -> 0 | AM112: =SUMPRODUCT((NOT(ISBLANK(AM$3:AM$103))*(AM$3:AM$103=$BG$3:$BG$103))+ISBLANK(AM$3:AM$103)) -> 0 | AN112: =SUMPRODUCT((NOT(ISBLANK(AN$3:AN$103))*(AN$3:AN$103=$BF$3:$BF$103))+ISBLANK(AN$3:AN$103)) -> 0 | AO112: =SUMPRODUCT((NOT(ISBLANK(AO$3:AO$103))*(AO$3:AO$103=$BG$3:$BG$103))+ISBLANK(AO$3:AO$103)) -> 0 | AP112: =SUMPRODUCT((NOT(ISBLANK(AP$3:AP$103))*(AP$3:AP$103=$BF$3:$BF$103))+ISBLANK(AP$3:AP$103)) -> 0 | AQ112: =SUMPRODUCT((NOT(ISBLANK(AQ$3:AQ$103))*(AQ$3:AQ$103=$BG$3:$BG$103))+ISBLANK(AQ$3:AQ$103)) -> 0 | AR112: =SUMPRODUCT((NOT(ISBLANK(AR$3:AR$103))*(AR$3:AR$103=$BF$3:$BF$103))+ISBLANK(AR$3:AR$103)) -> 0 | AS112: =SUMPRODUCT((NOT(ISBLANK(AS$3:AS$103))*(AS$3:AS$103=$BG$3:$BG$103))+ISBLANK(AS$3:AS$103)) -> 0 | AT112: =SUMPRODUCT((NOT(ISBLANK(AT$3:AT$103))*(AT$3:AT$103=$BF$3:$BF$103))+ISBLANK(AT$3:AT$103)) -> 0 | AU112: =SUMPRODUCT((NOT(ISBLANK(AU$3:AU$103))*(AU$3:AU$103=$BG$3:$BG$103))+ISBLANK(AU$3:AU$103)) -> 0 | AV112: =SUMPRODUCT((NOT(ISBLANK(AV$3:AV$103))*(AV$3:AV$103=$BF$3:$BF$103))+ISBLANK(AV$3:AV$103)) -> 0 | AW112: =SUMPRODUCT((NOT(ISBLANK(AW$3:AW$103))*(AW$3:AW$103=$BG$3:$BG$103))+ISBLANK(AW$3:AW$103)) -> 0 | AX112: =SUMPRODUCT((NOT(ISBLANK(AX$3:AX$103))*(AX$3:AX$103=$BF$3:$BF$103))+ISBLANK(AX$3:AX$103)) -> 0 | AY112: =SUMPRODUCT((NOT(ISBLANK(AY$3:AY$103))*(AY$3:AY$103=$BG$3:$BG$103))+ISBLANK(AY$3:AY$103)) -> 0 | AZ112: =SUMPRODUCT((NOT(ISBLANK(AZ$3:AZ$103))*(AZ$3:AZ$103=$BF$3:$BF$103))+ISBLANK(AZ$3:AZ$103)) -> 0 | BA112: =SUMPRODUCT((NOT(ISBLANK(BA$3:BA$103))*(BA$3:BA$103=$BG$3:$BG$103))+ISBLANK(BA$3:BA$103)) -> 0

Sheet Merged Runs
A1: Merge criteria: | B1: coomsuite-1.1.0/incremental-exponential_clingo_2 | D1: coomsuite-1.1.0/incremental-exponential_clingo_3 | F1: coomsuite-1.1.0/incremental-exponential_clingo_4 | H1: coomsuite-1.1.0/incremental-exponential_flingo_2 | J1: coomsuite-1.1.0/incremental-exponential_flingo_3 | L1: coomsuite-1.1.0/incremental-exponential_flingo_4 | N1: coomsuite-1.1.0/incremental-linear_clingo_1 | P1: coomsuite-1.1.0/incremental-linear_clingo_16 | R1: coomsuite-1.1.0/incremental-linear_clingo_2 | T1: coomsuite-1.1.0/incremental-linear_clingo_4 | V1: coomsuite-1.1.0/incremental-linear_clingo_8 | X1: coomsuite-1.1.0/incremental-linear_flingo_1 | Z1: coomsuite-1.1.0/incremental-linear_flingo_16 | AB1: coomsuite-1.1.0/incremental-linear_flingo_2 | AD1: coomsuite-1.1.0/incremental-linear_flingo_4 | AF1: coomsuite-1.1.0/incremental-linear_flingo_8 | AH1: coomsuite-1.1.0/multishot-exponential_2 | AJ1: coomsuite-1.1.0/multishot-exponential_3 | AL1: coomsuite-1.1.0/multishot-exponential_4 | AN1: coomsuite-1.1.0/multishot-linear_1 | AP1: coomsuite-1.1.0/multishot-linear_16 | AR1: coomsuite-1.1.0/multishot-linear_2 | AT1: coomsuite-1.1.0/multishot-linear_4 | AV1: coomsuite-1.1.0/multishot-linear_8 | AX1: coomsuite-1.1.0/singleshot_clingo | AZ1: coomsuite-1.1.0/singleshot_flingo | BB1: min | BD1: median | BF1: max
A2: median | B2: time | C2: timeout | D2: time | E2: timeout | F2: time | G2: timeout | H2: time | I2: timeout | J2: time | K2: timeout | L2: time | M2: timeout | N2: time | O2: timeout | P2: time | Q2: timeout | R2: time | S2: timeout | T2: time | U2: timeout | V2: time | W2: timeout | X2: time | Y2: timeout | Z2: time | AA2: timeout | AB2: time | AC2: timeout | AD2: time | AE2: timeout | AF2: time | AG2: timeout | AH2: time | AI2: timeout | AJ2: time | AK2: timeout | AL2: time | AM2: timeout | AN2: time | AO2: timeout | AP2: time | AQ2: timeout | AR2: time | AS2: timeout | AT2: time | AU2: timeout | AV2: time | AW2: timeout | AX2: time | AY2: timeout | AZ2: time | BA2: timeout | BB2: time | BC2: timeout | BD2: time | BE2: timeout | BF2: time | BG2: timeout
A3: ./citybike-max100_user-input-n100 | B3: {=_xlfn.SWITCH($A$2,"average", AVERAGE(Instances!B3:Instances!B3),"median", MEDIAN(Instances!B3:Instances!B3),"min", MIN(Instances!B3:Instances!B3),"max", MAX(Instances!B3:Instances!B3),"diff", MAX(Instances!B3:Instances!B3)-MIN(Instances!B3:Instances!B3))} -> 0 | C3: {=_xlfn.SWITCH($A$2,"average", AVERAGE(Instances!C3:Instances!C3),"median", MEDIAN(Instances!C3:Instances!C3),"min", MIN(Instances!C3:Instances!C3),"max", MAX(Instances!C3:Instances!C3),"diff", MAX(Instances!C3:Instances!C3)-MIN(Instances!C3:Instances!C3))} -> 0 | D3: {=_xlfn.SWITCH($A$2,"average", AVERAGE(Instances!D3:Instances!D3),"median", MEDIAN(Instances!D3:Instances!D3),"min", MIN(Instances!D3:Instances!D3),"max", MAX(Instances!D3:Instances!D3),"diff", MAX(Instances!D3:Instances!D3)-MIN(Instances!D3:Instances!D3))} -> 0 | E3: {=_xlfn.SWITCH($A$2,"average", AVERAGE(Instances!E3:Instances!E3),"median", MEDIAN(Instances!E3:Instances!E3),"min", MIN(Instances!E3:Instances!E3),"max", MAX(Instances!E3:Instances!E3),"diff", MAX(Instances!E3:Instances!E3)-MIN(Instances!E3:Instances!E3))} -> 0 | F3: {=_xlfn.SWITCH($A$2,"average", AVERAGE(Instances!F3:Instances!F3),"median", MEDIAN(Instances!F3:Instances!F3),"min", MIN(Instances!F3:Instances!F3),"max", MAX(Instances!F3:Instances!F3),"diff", MAX(Instances!F3:Instances!F3)-MIN(Instances!F3:Instances!F3))} -> 0 | G3: {=_xlfn.SWITCH($A$2,"average", AVERAGE(Instances!G3:Instances!G3),"median", MEDIAN(Instances!G3:Instances!G3),"min", MIN(Instances!G3:Instances!G3),"max", MAX(Instances!G3:Instances!G3),"diff", MAX(Instances!G3:Instances!G3)-MIN(Instances!G3:Instances!G3))} -> 0 | H3: {=_xlfn.SWITCH($A$2,"average", AVERAGE(Instances!H3:Instances!H3),"median", MEDIAN(Instances!H3:Instances!H3),"min", MIN(Instances!H3:Instances!H3),"max", MAX(Instances!H3:Instances!H3),"diff", MAX(Instances!H3:Instances!H3)-MIN(Instances!H3:Instances!H3))} -> 0 | I3: {=_xlfn.SWITCH($A$2,"average", AVERAGE(Instances!I3:Instances!I3),"median", MEDIAN(Instances!I3:Instances!I3),"min", MIN(Instances!I3:Instances!I3),"max", MAX(Instances!I3:Instances!I3),"diff", MAX(Instances!I3:Instances!I3)-MIN(Instances!I3:Instances!I3))} -> 0 | ... BA3: {=_xlfn.SWITCH($A$2,"average", AVERAGE(Instances!BA3:Instances!BA3),"median", MEDIAN(Instances!BA3:Instances!BA3),"min", MIN(Instances!BA3:Instances!BA3),"max", MAX(Instances!BA3:Instances!BA3),"diff", MAX(Instances!BA3:Instances!BA3)-MIN(Instances!BA3:Instances!BA3))} -> 0 | BB3: =MIN($B3,$D3,$F3,$H3,$J3,$L3,$N3,$P3,$R3,$T3,$V3,$X3,$Z3,$AB3,$AD3,$AF3,$AH3,$AJ3,$AL3,$AN3,$AP3,$AR3,$AT3,$AV3,$AX3,$AZ3) -> 0 | BC3: =MIN($C3,$E3,$G3,$I3,$K3,$M3,$O3,$Q3,$S3,$U3,$W3,$Y3,$AA3,$AC3,$AE3,$AG3,$AI3,$AK3,$AM3,$AO3,$AQ3,$AS3,$AU3,$AW3,$AY3,$BA3) -> 0 | BD3: =MEDIAN($B3,$D3,$F3,$H3,$J3,$L3,$N3,$P3,$R3,$T3,$V3,$X3,$Z3,$AB3,$AD3,$AF3,$AH3,$AJ3,$AL3,$AN3,$AP3,$AR3,$AT3,$AV3,$AX3,$AZ3) -> 0 | BE3: =MEDIAN($C3,$E3,$G3,$I3,$K3,$M3,$O3,$Q3,$S3,$U3,$W3,$Y3,$AA3,$AC3,$AE3,$AG3,$AI3,$AK3,$AM3,$AO3,$AQ3,$AS3,$AU3,$AW3,$AY3,$BA3) -> 0 | BF3: =MAX($B3,$D3,$F3,$H3,$J3,$L3,$N3,$P3,$R3,$T3,$V3,$X3,$Z3,$AB3,$AD3,$AF3,$AH3,$AJ3,$AL3,$AN3,$AP3,$AR3,$AT3,$AV3,$AX3,$AZ3) -> 0 | BG3: =MAX($C3,$E3,$G3,$I3,$K3,$M3,$O3,$Q3,$S3,$U3,$W3,$Y3,$AA3,$AC3,$AE3,$AG3,$AI3,$AK3,$AM3,$AO3,$AQ3,$AS3,$AU3,$AW3,$AY3,$BA3) -> 0
A4: ./citybike-max100_user-input-n25 | B4: {=_xlfn.SWITCH($A$2,"average", AVERAGE(Instances!B4:Instances!B4),"median", MEDIAN(Instances!B4:Instances!B4),"min", MIN(Instances!B4:Instances!B4),"max", MAX(Instances!B4:Instances!B4),"diff", MAX(Instances!B4:Instances!B4)-MIN(Instances!B4:Instances!B4))} -> 0 | C4: {=_xlfn.SWITCH($A$2,"average", AVERAGE(Instances!C4:Instances!C4),"median", MEDIAN(Instances!C4:Instances!C4),"min", MIN(Instances!C4:Instances!C4),"max", MAX(Instances!C4:Instances!C4),"diff", MAX(Instances!C4:Instances!C4)-MIN(Instances!C4:Instances!C4))} -> 0 | D4: {=_xlfn.SWITCH($A$2,"average", AVERAGE(Instances!D4:Instances!D4),"median", MEDIAN(Instances!D4:Instances!D4),"min", MIN(Instances!D4:Instances!D4),"max", MAX(Instances!D4:Instances!D4),"diff", MAX(Instances!D4:Instances!D4)-MIN(Instances!D4:Instances!D4))} -> 0 | E4: {=_xlfn.SWITCH($A$2,"average", AVERAGE(Instances!E4:Instances!E4),"median", MEDIAN(Instances!E4:Instances!E4),"min", MIN(Instances!E4:Instances!E4),"max", MAX(Instances!E4:Instances!E4),"diff", MAX(Instances!E4:Instances!E4)-MIN(Instances!E4:Instances!E4))} -> 0 | F4: {=_xlfn.SWITCH($A$2,"average", AVERAGE(Instances!F4:Instances!F4),"median", MEDIAN(Instances!F4:Instances!F4),"min", MIN(Instances!F4:Instances!F4),"max", MAX(Instances!F4:Instances!F4),"diff", MAX(Instances!F4:Instances!F4)-MIN(Instances!F4:Instances!F4))} -> 0 | G4: {=_xlfn.SWITCH($A$2,"average", AVERAGE(Instances!G4:Instances!G4),"median", MEDIAN(Instances!G4:Instances!G4),"min", MIN(Instances!G4:Instances!G4),"max", MAX(Instances!G4:Instances!G4),"diff", MAX(Instances!G4:Instances!G4)-MIN(Instances!G4:Instances!G4))} -> 0 | H4: {=_xlfn.SWITCH($A$2,"average", AVERAGE(Instances!H4:Instances!H4),"median", MEDIAN(Instances!H4:Instances!H4),"min", MIN(Instances!H4:Instances!H4),"max", MAX(Instances!H4:Instances!H4),"diff", MAX(Instances!H4:Instances!H4)-MIN(Instances!H4:Instances!H4))} -> 0 | I4: {=_xlfn.SWITCH($A$2,"average", AVERAGE(Instances!I4:Instances!I4),"median", MEDIAN(Instances!I4:Instances!I4),"min", MIN(Instances!I4:Instances!I4),"max", MAX(Instances!I4:Instances!I4),"diff", MAX(Instances!I4:Instances!I4)-MIN(Instances!I4:Instances!I4))} -> 0 | ... BA4: {=_xlfn.SWITCH($A$2,"average", AVERAGE(Instances!BA4:Instances!BA4),"median", MEDIAN(Instances!BA4:Instances!BA4),"min", MIN(Instances!BA4:Instances!BA4),"max", MAX(Instances!BA4:Instances!BA4),"diff", MAX(Instances!BA4:Instances!BA4)-MIN(Instances!BA4:Instances!BA4))} -> 0 | BB4: =MIN($B4,$D4,$F4,$H4,$J4,$L4,$N4,$P4,$R4,$T4,$V4,$X4,$Z4,$AB4,$AD4,$AF4,$AH4,$AJ4,$AL4,$AN4,$AP4,$AR4,$AT4,$AV4,$AX4,$AZ4) -> 0 | BC4: =MIN($C4,$E4,$G4,$I4,$K4,$M4,$O4,$Q4,$S4,$U4,$W4,$Y4,$AA4,$AC4,$AE4,$AG4,$AI4,$AK4,$AM4,$AO4,$AQ4,$AS4,$AU4,$AW4,$AY4,$BA4) -> 0 | BD4: =MEDIAN($B4,$D4,$F4,$H4,$J4,$L4,$N4,$P4,$R4,$T4,$V4,$X4,$Z4,$AB4,$AD4,$AF4,$AH4,$AJ4,$AL4,$AN4,$AP4,$AR4,$AT4,$AV4,$AX4,$AZ4) -> 0 | BE4: =MEDIAN($C4,$E4,$G4,$I4,$K4,$M4,$O4,$Q4,$S4,$U4,$W4,$Y4,$AA4,$AC4,$AE4,$AG4,$AI4,$AK4,$AM4,$AO4,$AQ4,$AS4,$AU4,$AW4,$AY4,$BA4) -> 0 | BF4: =MAX($B4,$D4,$F4,$H4,$J4,$L4,$N4,$P4,$R4,$T4,$V4,$X4,$Z4,$AB4,$AD4,$AF4,$AH4,$AJ4,$AL4,$AN4,$AP4,$AR4,$AT4,$AV4,$AX4,$AZ4) -> 0 | BG4: =MAX($C4,$E4,$G4,$I4,$K4,$M4,$O4,$Q4,$S4,$U4,$W4,$Y4,$AA4,$AC4,$AE4,$AG4,$AI4,$AK4,$AM4,$AO4,$AQ4,$AS4,$AU4,$AW4,$AY4,$BA4) -> 0
A5: ./citybike-max100_user-input-n33 | B5: {=_xlfn.SWITCH($A$2,"average", AVERAGE(Instances!B5:Instances!B5),"median", MEDIAN(Instances!B5:Instances!B5),"min", MIN(Instances!B5:Instances!B5),"max", MAX(Instances!B5:Instances!B5),"diff", MAX(Instances!B5:Instances!B5)-MIN(Instances!B5:Instances!B5))} -> 0 | C5: {=_xlfn.SWITCH($A$2,"average", AVERAGE(Instances!C5:Instances!C5),"median", MEDIAN(Instances!C5:Instances!C5),"min", MIN(Instances!C5:Instances!C5),"max", MAX(Instances!C5:Instances!C5),"diff", MAX(Instances!C5:Instances!C5)-MIN(Instances!C5:Instances!C5))} -> 0 | D5: {=_xlfn.SWITCH($A$2,"average", AVERAGE(Instances!D5:Instances!D5),"median", MEDIAN(Instances!D5:Instances!D5),"min", MIN(Instances!D5:Instances!D5),"max", MAX(Instances!D5:Instances!D5),"diff", MAX(Instances!D5:Instances!D5)-MIN(Instances!D5:Instances!D5))} -> 0 | E5: {=_xlfn.SWITCH($A$2,"average", AVERAGE(Instances!E5:Instances!E5),"median", MEDIAN(Instances!E5:Instances!E5),"min", MIN(Instances!E5:Instances!E5),"max", MAX(Instances!E5:Instances!E5),"diff", MAX(Instances!E5:Instances!E5)-MIN(Instances!E5:Instances!E5))} -> 0 | F5: {=_xlfn.SWITCH($A$2,"average", AVERAGE(Instances!F5:Instances!F5),"median", MEDIAN(Instances!F5:Instances!F5),"min", MIN(Instances!F5:Instances!F5),"max", MAX(Instances!F5:Instances!F5),"diff", MAX(Instances!F5:Instances!F5)-MIN(Instances!F5:Instances!F5))} -> 0 | G5: {=_xlfn.SWITCH($A$2,"average", AVERAGE(Instances!G5:Instances!G5),"median", MEDIAN(Instances!G5:Instances!G5),"min", MIN(Instances!G5:Instances!G5),"max", MAX(Instances!G5:Instances!G5),"diff", MAX(Instances!G5:Instances!G5)-MIN(Instances!G5:Instances!G5))} -> 0 | H5: {=_xlfn.SWITCH($A$2,"average", AVERAGE(Instances!H5:Instances!H5),"median", MEDIAN(Instances!H5:Instances!H5),"min", MIN(Instances!H5:Instances!H5),"max", MAX(Instances!H5:Instances!H5),"diff", MAX(Instances!H5:Instances!H5)-MIN(Instances!H5:Instances!H5))} -> 0 | I5: {=_xlfn.SWITCH($A$2,"average", AVERAGE(Instances!I5:Instances!I5),"median", MEDIAN(Instances!I5:Instances!I5),"min", MIN(Instances!I5:Instances!I5),"max", MAX(Instances!I5:Instances!I5),"diff", MAX(Instances!I5:Instances!I5)-MIN(Instances!I5:Instances!I5))} -> 0 | ... BA5: {=_xlfn.SWITCH($A$2,"average", AVERAGE(Instances!BA5:Instances!BA5),"median", MEDIAN(Instances!BA5:Instances!BA5),"min", MIN(Instances!BA5:Instances!BA5),"max", MAX(Instances!BA5:Instances!BA5),"diff", MAX(Instances!BA5:Instances!BA5)-MIN(Instances!BA5:Instances!BA5))} -> 0 | BB5: =MIN($B5,$D5,$F5,$H5,$J5,$L5,$N5,$P5,$R5,$T5,$V5,$X5,$Z5,$AB5,$AD5,$AF5,$AH5,$AJ5,$AL5,$AN5,$AP5,$AR5,$AT5,$AV5,$AX5,$AZ5) -> 0 | BC5: =MIN($C5,$E5,$G5,$I5,$K5,$M5,$O5,$Q5,$S5,$U5,$W5,$Y5,$AA5,$AC5,$AE5,$AG5,$AI5,$AK5,$AM5,$AO5,$AQ5,$AS5,$AU5,$AW5,$AY5,$BA5) -> 0 | BD5: =MEDIAN($B5,$D5,$F5,$H5,$J5,$L5,$N5,$P5,$R5,$T5,$V5,$X5,$Z5,$AB5,$AD5,$AF5,$AH5,$AJ5,$AL5,$AN5,$AP5,$AR5,$AT5,$AV5,$AX5,$AZ5) -> 0 | BE5: =MEDIAN($C5,$E5,$G5,$I5,$K5,$M5,$O5,$Q5,$S5,$U5,$W5,$Y5,$AA5,$AC5,$AE5,$AG5,$AI5,$AK5,$AM5,$AO5,$AQ5,$AS5,$AU5,$AW5,$AY5,$BA5) -> 0 | BF5: =MAX($B5,$D5,$F5,$H5,$J5,$L5,$N5,$P5,$R5,$T5,$V5,$X5,$Z5,$AB5,$AD5,$AF5,$AH5,$AJ5,$AL5,$AN5,$AP5,$AR5,$AT5,$AV5,$AX5,$AZ5) -> 0 | BG5: =MAX($C5,$E5,$G5,$I5,$K5,$M5,$O5,$Q5,$S5,$U5,$W5,$Y5,$AA5,$AC5,$AE5,$AG5,$AI5,$AK5,$AM5,$AO5,$AQ5,$AS5,$AU5,$AW5,$AY5,$BA5) -> 0
A6: ./citybike-max100_user-input-n50 | B6: {=_xlfn.SWITCH($A$2,"average", AVERAGE(Instances!B6:Instances!B6),"median", MEDIAN(Instances!B6:Instances!B6),"min", MIN(Instances!B6:Instances!B6),"max", MAX(Instances!B6:Instances!B6),"diff", MAX(Instances!B6:Instances!B6)-MIN(Instances!B6:Instances!B6))} -> 0 | C6: {=_xlfn.SWITCH($A$2,"average", AVERAGE(Instances!C6:Instances!C6),"median", MEDIAN(Instances!C6:Instances!C6),"min", MIN(Instances!C6:Instances!C6),"max", MAX(Instances!C6:Instances!C6),"diff", MAX(Instances!C6:Instances!C6)-MIN(Instances!C6:Instances!C6))} -> 0 | D6: {=_xlfn.SWITCH($A$2,"average", AVERAGE(Instances!D6:Instances!D6),"median", MEDIAN(Instances!D6:Instances!D6),"min", MIN(Instances!D6:Instances!D6),"max", MAX(Instances!D6:Instances!D6),"diff", MAX(Instances!D6:Instances!D6)-MIN(Instances!D6:Instances!D6))} -> 0 | E6: {=_xlfn.SWITCH($A$2,"average", AVERAGE(Instances!E6:Instances!E6),"median", MEDIAN(Instances!E6:Instances!E6),"min", MIN(Instances!E6:Instances!E6),"max", MAX(Instances!E6:Instances!E6),"diff", MAX(Instances!E6:Instances!E6)-MIN(Instances!E6:Instances!E6))} -> 0 | F6: {=_xlfn.SWITCH($A$2,"average", AVERAGE(Instances!F6:Instances!F6),"median", MEDIAN(Instances!F6:Instances!F6),"min", MIN(Instances!F6:Instances!F6),"max", MAX(Instances!F6:Instances!F6),"diff", MAX(Instances!F6:Instances!F6)-MIN(Instances!F6:Instances!F6))} -> 0 | G6: {=_xlfn.SWITCH($A$2,"average", AVERAGE(Instances!G6:Instances!G6),"median", MEDIAN(Instances!G6:Instances!G6),"min", MIN(Instances!G6:Instances!G6),"max", MAX(Instances!G6:Instances!G6),"diff", MAX(Instances!G6:Instances!G6)-MIN(Instances!G6:Instances!G6))} -> 0 | H6: {=_xlfn.SWITCH($A$2,"average", AVERAGE(Instances!H6:Instances!H6),"median", MEDIAN(Instances!H6:Instances!H6),"min", MIN(Instances!H6:Instances!H6),"max", MAX(Instances!H6:Instances!H6),"diff", MAX(Instances!H6:Instances!H6)-MIN(Instances!H6:Instances!H6))} -> 0 | I6: {=_xlfn.SWITCH($A$2,"average", AVERAGE(Instances!I6:Instances!I6),"median", MEDIAN(Instances!I6:Instances!I6),"min", MIN(Instances!I6:Instances!I6),"max", MAX(Instances!I6:Instances!I6),"diff", MAX(Instances!I6:Instances!I6)-MIN(Instances!I6:Instances!I6))} -> 0 | ... BA6: {=_xlfn.SWITCH($A$2,"average", AVERAGE(Instances!BA6:Instances!BA6),"median", MEDIAN(Instances!BA6:Instances!BA6),"min", MIN(Instances!BA6:Instances!BA6),"max", MAX(Instances!BA6:Instances!BA6),"diff", MAX(Instances!BA6:Instances!BA6)-MIN(Instances!BA6:Instances!BA6))} -> 0 | BB6: =MIN($B6,$D6,$F6,$H6,$J6,$L6,$N6,$P6,$R6,$T6,$V6,$X6,$Z6,$AB6,$AD6,$AF6,$AH6,$AJ6,$AL6,$AN6,$AP6,$AR6,$AT6,$AV6,$AX6,$AZ6) -> 0 | BC6: =MIN($C6,$E6,$G6,$I6,$K6,$M6,$O6,$Q6,$S6,$U6,$W6,$Y6,$AA6,$AC6,$AE6,$AG6,$AI6,$AK6,$AM6,$AO6,$AQ6,$AS6,$AU6,$AW6,$AY6,$BA6) -> 0 | BD6: =MEDIAN($B6,$D6,$F6,$H6,$J6,$L6,$N6,$P6,$R6,$T6,$V6,$X6,$Z6,$AB6,$AD6,$AF6,$AH6,$AJ6,$AL6,$AN6,$AP6,$AR6,$AT6,$AV6,$AX6,$AZ6) -> 0 | BE6: =MEDIAN($C6,$E6,$G6,$I6,$K6,$M6,$O6,$Q6,$S6,$U6,$W6,$Y6,$AA6,$AC6,$AE6,$AG6,$AI6,$AK6,$AM6,$AO6,$AQ6,$AS6,$AU6,$AW6,$AY6,$BA6) -> 0 | BF6: =MAX($B6,$D6,$F6,$H6,$J6,$L6,$N6,$P6,$R6,$T6,$V6,$X6,$Z6,$AB6,$AD6,$AF6,$AH6,$AJ6,$AL6,$AN6,$AP6,$AR6,$AT6,$AV6,$AX6,$AZ6) -> 0 | BG6: =MAX($C6,$E6,$G6,$I6,$K6,$M6,$O6,$Q6,$S6,$U6,$W6,$Y6,$AA6,$AC6,$AE6,$AG6,$AI6,$AK6,$AM6,$AO6,$AQ6,$AS6,$AU6,$AW6,$AY6,$BA6) -> 0
A7: ./citybike-max150_user-input-n150 | B7: {=_xlfn.SWITCH($A$2,"average", AVERAGE(Instances!B7:Instances!B7),"median", MEDIAN(Instances!B7:Instances!B7),"min", MIN(Instances!B7:Instances!B7),"max", MAX(Instances!B7:Instances!B7),"diff", MAX(Instances!B7:Instances!B7)-MIN(Instances!B7:Instances!B7))} -> 0 | C7: {=_xlfn.SWITCH($A$2,"average", AVERAGE(Instances!C7:Instances!C7),"median", MEDIAN(Instances!C7:Instances!C7),"min", MIN(Instances!C7:Instances!C7),"max", MAX(Instances!C7:Instances!C7),"diff", MAX(Instances!C7:Instances!C7)-MIN(Instances!C7:Instances!C7))} -> 0 | D7: {=_xlfn.SWITCH($A$2,"average", AVERAGE(Instances!D7:Instances!D7),"median", MEDIAN(Instances!D7:Instances!D7),"min", MIN(Instances!D7:Instances!D7),"max", MAX(Instances!D7:Instances!D7),"diff", MAX(Instances!D7:Instances!D7)-MIN(Instances!D7:Instances!D7))} -> 0 | E7: {=_xlfn.SWITCH($A$2,"average", AVERAGE(Instances!E7:Instances!E7),"median", MEDIAN(Instances!E7:Instances!E7),"min", MIN(Instances!E7:Instances!E7),"max", MAX(Instances!E7:Instances!E7),"diff", MAX(Instances!E7:Instances!E7)-MIN(Instances!E7:Instances!E7))} -> 0 | F7: {=_xlfn.SWITCH($A$2,"average", AVERAGE(Instances!F7:Instances!F7),"median", MEDIAN(Instances!F7:Instances!F7),"min", MIN(Instances!F7:Instances!F7),"max", MAX(Instances!F7:Instances!F7),"diff", MAX(Instances!F7:Instances!F7)-MIN(Instances!F7:Instances!F7))} -> 0 | G7: {=_xlfn.SWITCH($A$2,"average", AVERAGE(Instances!G7:Instances!G7),"median", MEDIAN(Instances!G7:Instances!G7),"min", MIN(Instances!G7:Instances!G7),"max", MAX(Instances!G7:Instances!G7),"diff", MAX(Instances!G7:Instances!G7)-MIN(Instances!G7:Instances!G7))} -> 0 | H7: {=_xlfn.SWITCH($A$2,"average", AVERAGE(Instances!H7:Instances!H7),"median", MEDIAN(Instances!H7:Instances!H7),"min", MIN(Instances!H7:Instances!H7),"max", MAX(Instances!H7:Instances!H7),"diff", MAX(Instances!H7:Instances!H7)-MIN(Instances!H7:Instances!H7))} -> 0 | I7: {=_xlfn.SWITCH($A$2,"average", AVERAGE(Instances!I7:Instances!I7),"median", MEDIAN(Instances!I7:Instances!I7),"min", MIN(Instances!I7:Instances!I7),"max", MAX(Instances!I7:Instances!I7),"diff", MAX(Instances!I7:Instances!I7)-MIN(Instances!I7:Instances!I7))} -> 0 | ... BA7: {=_xlfn.SWITCH($A$2,"average", AVERAGE(Instances!BA7:Instances!BA7),"median", MEDIAN(Instances!BA7:Instances!BA7),"min", MIN(Instances!BA7:Instances!BA7),"max", MAX(Instances!BA7:Instances!BA7),"diff", MAX(Instances!BA7:Instances!BA7)-MIN(Instances!BA7:Instances!BA7))} -> 0 | BB7: =MIN($B7,$D7,$F7,$H7,$J7,$L7,$N7,$P7,$R7,$T7,$V7,$X7,$Z7,$AB7,$AD7,$AF7,$AH7,$AJ7,$AL7,$AN7,$AP7,$AR7,$AT7,$AV7,$AX7,$AZ7) -> 0 | BC7: =MIN($C7,$E7,$G7,$I7,$K7,$M7,$O7,$Q7,$S7,$U7,$W7,$Y7,$AA7,$AC7,$AE7,$AG7,$AI7,$AK7,$AM7,$AO7,$AQ7,$AS7,$AU7,$AW7,$AY7,$BA7) -> 0 | BD7: =MEDIAN($B7,$D7,$F7,$H7,$J7,$L7,$N7,$P7,$R7,$T7,$V7,$X7,$Z7,$AB7,$AD7,$AF7,$AH7,$AJ7,$AL7,$AN7,$AP7,$AR7,$AT7,$AV7,$AX7,$AZ7) -> 0 | BE7: =MEDIAN($C7,$E7,$G7,$I7,$K7,$M7,$O7,$Q7,$S7,$U7,$W7,$Y7,$AA7,$AC7,$AE7,$AG7,$AI7,$AK7,$AM7,$AO7,$AQ7,$AS7,$AU7,$AW7,$AY7,$BA7) -> 0 | BF7: =MAX($B7,$D7,$F7,$H7,$J7,$L7,$N7,$P7,$R7,$T7,$V7,$X7,$Z7,$AB7,$AD7,$AF7,$AH7,$AJ7,$AL7,$AN7,$AP7,$AR7,$AT7,$AV7,$AX7,$AZ7) -> 0 | BG7: =MAX($C7,$E7,$G7,$I7,$K7,$M7,$O7,$Q7,$S7,$U7,$W7,$Y7,$AA7,$AC7,$AE7,$AG7,$AI7,$AK7,$AM7,$AO7,$AQ7,$AS7,$AU7,$AW7,$AY7,$BA7) -> 0
A8: ./citybike-max150_user-input-n37 | B8: {=_xlfn.SWITCH($A$2,"average", AVERAGE(Instances!B8:Instances!B8),"median", MEDIAN(Instances!B8:Instances!B8),"min", MIN(Instances!B8:Instances!B8),"max", MAX(Instances!B8:Instances!B8),"diff", MAX(Instances!B8:Instances!B8)-MIN(Instances!B8:Instances!B8))} -> 0 | C8: {=_xlfn.SWITCH($A$2,"average", AVERAGE(Instances!C8:Instances!C8),"median", MEDIAN(Instances!C8:Instances!C8),"min", MIN(Instances!C8:Instances!C8),"max", MAX(Instances!C8:Instances!C8),"diff", MAX(Instances!C8:Instances!C8)-MIN(Instances!C8:Instances!C8))} -> 0 | D8: {=_xlfn.SWITCH($A$2,"average", AVERAGE(Instances!D8:Instances!D8),"median", MEDIAN(Instances!D8:Instances!D8),"min", MIN(Instances!D8:Instances!D8),"max", MAX(Instances!D8:Instances!D8),"diff", MAX(Instances!D8:Instances!D8)-MIN(Instances!D8:Instances!D8))} -> 0 | E8: {=_xlfn.SWITCH($A$2,"average", AVERAGE(Instances!E8:Instances!E8),"median", MEDIAN(Instances!E8:Instances!E8),"min", MIN(Instances!E8:Instances!E8),"max", MAX(Instances!E8:Instances!E8),"diff", MAX(Instances!E8:Instances!E8)-MIN(Instances!E8:Instances!E8))} -> 0 | F8: {=_xlfn.SWITCH($A$2,"average", AVERAGE(Instances!F8:Instances!F8),"median", MEDIAN(Instances!F8:Instances!F8),"min", MIN(Instances!F8:Instances!F8),"max", MAX(Instances!F8:Instances!F8),"diff", MAX(Instances!F8:Instances!F8)-MIN(Instances!F8:Instances!F8))} -> 0 | G8: {=_xlfn.SWITCH($A$2,"average", AVERAGE(Instances!G8:Instances!G8),"median", MEDIAN(Instances!G8:Instances!G8),"min", MIN(Instances!G8:Instances!G8),"max", MAX(Instances!G8:Instances!G8),"diff", MAX(Instances!G8:Instances!G8)-MIN(Instances!G8:Instances!G8))} -> 0 | H8: {=_xlfn.SWITCH($A$2,"average", AVERAGE(Instances!H8:Instances!H8),"median", MEDIAN(Instances!H8:Instances!H8),"min", MIN(Instances!H8:Instances!H8),"max", MAX(Instances!H8:Instances!H8),"diff", MAX(Instances!H8:Instances!H8)-MIN(Instances!H8:Instances!H8))} -> 0 | I8: {=_xlfn.SWITCH($A$2,"average", AVERAGE(Instances!I8:Instances!I8),"median", MEDIAN(Instances!I8:Instances!I8),"min", MIN(Instances!I8:Instances!I8),"max", MAX(Instances!I8:Instances!I8),"diff", MAX(Instances!I8:Instances!I8)-MIN(Instances!I8:Instances!I8))} -> 0 | ... BA8: {=_xlfn.SWITCH($A$2,"average", AVERAGE(Instances!BA8:Instances!BA8),"median", MEDIAN(Instances!BA8:Instances!BA8),"min", MIN(Instances!BA8:Instances!BA8),"max", MAX(Instances!BA8:Instances!BA8),"diff", MAX(Instances!BA8:Instances!BA8)-MIN(Instances!BA8:Instances!BA8))} -> 0 | BB8: =MIN($B8,$D8,$F8,$H8,$J8,$L8,$N8,$P8,$R8,$T8,$V8,$X8,$Z8,$AB8,$AD8,$AF8,$AH8,$AJ8,$AL8,$AN8,$AP8,$AR8,$AT8,$AV8,$AX8,$AZ8) -> 0 | BC8: =MIN($C8,$E8,$G8,$I8,$K8,$M8,$O8,$Q8,$S8,$U8,$W8,$Y8,$AA8,$AC8,$AE8,$AG8,$AI8,$AK8,$AM8,$AO8,$AQ8,$AS8,$AU8,$AW8,$AY8,$BA8) -> 0 | BD8: =MEDIAN($B8,$D8,$F8,$H8,$J8,$L8,$N8,$P8,$R8,$T8,$V8,$X8,$Z8,$AB8,$AD8,$AF8,$AH8,$AJ8,$AL8,$AN8,$AP8,$AR8,$AT8,$AV8,$AX8,$AZ8) -> 0 | BE8: =MEDIAN($C8,$E8,$G8,$I8,$K8,$M8,$O8,$Q8,$S8,$U8,$W8,$Y8,$AA8,$AC8,$AE8,$AG8,$AI8,$AK8,$AM8,$AO8,$AQ8,$AS8,$AU8,$AW8,$AY8,$BA8) -> 0 | BF8: =MAX($B8,$D8,$F8,$H8,$J8,$L8,$N8,$P8,$R8,$T8,$V8,$X8,$Z8,$AB8,$AD8,$AF8,$AH8,$AJ8,$AL8,$AN8,$AP8,$AR8,$AT8,$AV8,$AX8,$AZ8) -> 0 | BG8: =MAX($C8,$E8,$G8,$I8,$K8,$M8,$O8,$Q8,$S8,$U8,$W8,$Y8,$AA8,$AC8,$AE8,$AG8,$AI8,$AK8,$AM8,$AO8,$AQ8,$AS8,$AU8,$AW8,$AY8,$BA8) -> 0
A9: ./citybike-max150_user-input-n50 | B9: {=_xlfn.SWITCH($A$2,"average", AVERAGE(Instances!B9:Instances!B9),"median", MEDIAN(Instances!B9:Instances!B9),"min", MIN(Instances!B9:Instances!B9),"max", MAX(Instances!B9:Instances!B9),"diff", MAX(Instances!B9:Instances!B9)-MIN(Instances!B9:Instances!B9))} -> 0 | C9: {=_xlfn.SWITCH($A$2,"average", AVERAGE(Instances!C9:Instances!C9),"median", MEDIAN(Instances!C9:Instances!C9),"min", MIN(Instances!C9:Instances!C9),"max", MAX(Instances!C9:Instances!C9),"diff", MAX(Instances!C9:Instances!C9)-MIN(Instances!C9:Instances!C9))} -> 0 | D9: {=_xlfn.SWITCH($A$2,"average", AVERAGE(Instances!D9:Instances!D9),"median", MEDIAN(Instances!D9:Instances!D9),"min", MIN(Instances!D9:Instances!D9),"max", MAX(Instances!D9:Instances!D9),"diff", MAX(Instances!D9:Instances!D9)-MIN(Instances!D9:Instances!D9))} -> 0 | E9: {=_xlfn.SWITCH($A$2,"average", AVERAGE(Instances!E9:Instances!E9),"median", MEDIAN(Instances!E9:Instances!E9),"min", MIN(Instances!E9:Instances!E9),"max", MAX(Instances!E9:Instances!E9),"diff", MAX(Instances!E9:Instances!E9)-MIN(Instances!E9:Instances!E9))} -> 0 | F9: {=_xlfn.SWITCH($A$2,"average", AVERAGE(Instances!F9:Instances!F9),"median", MEDIAN(Instances!F9:Instances!F9),"min", MIN(Instances!F9:Instances!F9),"max", MAX(Instances!F9:Instances!F9),"diff", MAX(Instances!F9:Instances!F9)-MIN(Instances!F9:Instances!F9))} -> 0 | G9: {=_xlfn.SWITCH($A$2,"average", AVERAGE(Instances!G9:Instances!G9),"median", MEDIAN(Instances!G9:Instances!G9),"min", MIN(Instances!G9:Instances!G9),"max", MAX(Instances!G9:Instances!G9),"diff", MAX(Instances!G9:Instances!G9)-MIN(Instances!G9:Instances!G9))} -> 0 | H9: {=_xlfn.SWITCH($A$2,"average", AVERAGE(Instances!H9:Instances!H9),"median", MEDIAN(Instances!H9:Instances!H9),"min", MIN(Instances!H9:Instances!H9),"max", MAX(Instances!H9:Instances!H9),"diff", MAX(Instances!H9:Instances!H9)-MIN(Instances!H9:Instances!H9))} -> 0 | I9: {=_xlfn.SWITCH($A$2,"average", AVERAGE(Instances!I9:Instances!I9),"median", MEDIAN(Instances!I9:Instances!I9),"min", MIN(Instances!I9:Instances!I9),"max", MAX(Instances!I9:Instances!I9),"diff", MAX(Instances!I9:Instances!I9)-MIN(Instances!I9:Instances!I9))} -> 0 | ... BA9: {=_xlfn.SWITCH($A$2,"average", AVERAGE(Instances!BA9:Instances!BA9),"median", MEDIAN(Instances!BA9:Instances!BA9),"min", MIN(Instances!BA9:Instances!BA9),"max", MAX(Instances!BA9:Instances!BA9),"diff", MAX(Instances!BA9:Instances!BA9)-MIN(Instances!BA9:Instances!BA9))} -> 0 | BB9: =MIN($B9,$D9,$F9,$H9,$J9,$L9,$N9,$P9,$R9,$T9,$V9,$X9,$Z9,$AB9,$AD9,$AF9,$AH9,$AJ9,$AL9,$AN9,$AP9,$AR9,$AT9,$AV9,$AX9,$AZ9) -> 0 | BC9: =MIN($C9,$E9,$G9,$I9,$K9,$M9,$O9,$Q9,$S9,$U9,$W9,$Y9,$AA9,$AC9,$AE9,$AG9,$AI9,$AK9,$AM9,$AO9,$AQ9,$AS9,$AU9,$AW9,$AY9,$BA9) -> 0 | BD9: =MEDIAN($B9,$D9,$F9,$H9,$J9,$L9,$N9,$P9,$R9,$T9,$V9,$X9,$Z9,$AB9,$AD9,$AF9,$AH9,$AJ9,$AL9,$AN9,$AP9,$AR9,$AT9,$AV9,$AX9,$AZ9) -> 0 | BE9: =MEDIAN($C9,$E9,$G9,$I9,$K9,$M9,$O9,$Q9,$S9,$U9,$W9,$Y9,$AA9,$AC9,$AE9,$AG9,$AI9,$AK9,$AM9,$AO9,$AQ9,$AS9,$AU9,$AW9,$AY9,$BA9) -> 0 | BF9: =MAX($B9,$D9,$F9,$H9,$J9,$L9,$N9,$P9,$R9,$T9,$V9,$X9,$Z9,$AB9,$AD9,$AF9,$AH9,$AJ9,$AL9,$AN9,$AP9,$AR9,$AT9,$AV9,$AX9,$AZ9) -> 0 | BG9: =MAX($C9,$E9,$G9,$I9,$K9,$M9,$O9,$Q9,$S9,$U9,$W9,$Y9,$AA9,$AC9,$AE9,$AG9,$AI9,$AK9,$AM9,$AO9,$AQ9,$AS9,$AU9,$AW9,$AY9,$BA9) -> 0
A10: ./citybike-max150_user-input-n75 | B10: {=_xlfn.SWITCH($A$2,"average", AVERAGE(Instances!B10:Instances!B10),"median", MEDIAN(Instances!B10:Instances!B10),"min", MIN(Instances!B10:Instances!B10),"max", MAX(Instances!B10:Instances!B10),"diff", MAX(Instances!B10:Instances!B10)-MIN(Instances!B10:Instances!B10))} -> 0 | C10: {=_xlfn.SWITCH($A$2,"average", AVERAGE(Instances!C10:Instances!C10),"median", MEDIAN(Instances!C10:Instances!C10),"min", MIN(Instances!C10:Instances!C10),"max", MAX(Instances!C10:Instances!C10),"diff", MAX(Instances!C10:Instances!C10)-MIN(Instances!C10:Instances!C10))} -> 0 | D10: {=_xlfn.SWITCH($A$2,"average", AVERAGE(Instances!D10:Instances!D10),"median", MEDIAN(Instances!D10:Instances!D10),"min", MIN(Instances!D10:Instances!D10),"max", MAX(Instances!D10:Instances!D10),"diff", MAX(Instances!D10:Instances!D10)-MIN(Instances!D10:Instances!D10))} -> 0 | E10: {=_xlfn.SWITCH($A$2,"average", AVERAGE(Instances!E10:Instances!E10),"median", MEDIAN(Instances!E10:Instances!E10),"min", MIN(Instances!E10:Instances!E10),"max", MAX(Instances!E10:Instances!E10),"diff", MAX(Instances!E10:Instances!E10)-MIN(Instances!E10:Instances!E10))} -> 0 | F10: {=_xlfn.SWITCH($A$2,"average", AVERAGE(Instances!F10:Instances!F10),"median", MEDIAN(Instances!F10:Instances!F10),"min", MIN(Instances!F10:Instances!F10),"max", MAX(Instances!F10:Instances!F10),"diff", MAX(Instances!F10:Instances!F10)-MIN(Instances!F10:Instances!F10))} -> 0 | G10: {=_xlfn.SWITCH($A$2,"average", AVERAGE(Instances!G10:Instances!G10),"median", MEDIAN(Instances!G10:Instances!G10),"min", MIN(Instances!G10:Instances!G10),"max", MAX(Instances!G10:Instances!G10),"diff", MAX(Instances!G10:Instances!G10)-MIN(Instances!G10:Instances!G10))} -> 0 | H10: {=_xlfn.SWITCH($A$2,"average", AVERAGE(Instances!H10:Instances!H10),"median", MEDIAN(Instances!H10:Instances!H10),"min", MIN(Instances!H10:Instances!H10),"max", MAX(Instances!H10:Instances!H10),"diff", MAX(Instances!H10:Instances!H10)-MIN(Instances!H10:Instances!H10))} -> 0 | I10: {=_xlfn.SWITCH($A$2,"average", AVERAGE(Instances!I10:Instances!I10),"median", MEDIAN(Instances!I10:Instances!I10),"min", MIN(Instances!I10:Instances!I10),"max", MAX(Instances!I10:Instances!I10),"diff", MAX(Instances!I10:Instances!I10)-MIN(Instances!I10:Instances!I10))} -> 0 | ... BA10: {=_xlfn.SWITCH($A$2,"average", AVERAGE(Instances!BA10:Instances!BA10),"median", MEDIAN(Instances!BA10:Instances!BA10),"min", MIN(Instances!BA10:Instances!BA10),"max", MAX(Instances!BA10:Instances!BA10),"diff", MAX(Instances!BA10:Instances!BA10)-MIN(Instances!BA10:Instances!BA10))} -> 0 | BB10: =MIN($B10,$D10,$F10,$H10,$J10,$L10,$N10,$P10,$R10,$T10,$V10,$X10,$Z10,$AB10,$AD10,$AF10,$AH10,$AJ10,$AL10,$AN10,$AP10,$AR10,$AT10,$AV10,$AX10,$AZ10) -> 0 | BC10: =MIN($C10,$E10,$G10,$I10,$K10,$M10,$O10,$Q10,$S10,$U10,$W10,$Y10,$AA10,$AC10,$AE10,$AG10,$AI10,$AK10,$AM10,$AO10,$AQ10,$AS10,$AU10,$AW10,$AY10,$BA10) -> 0 | BD10: =MEDIAN($B10,$D10,$F10,$H10,$J10,$L10,$N10,$P10,$R10,$T10,$V10,$X10,$Z10,$AB10,$AD10,$AF10,$AH10,$AJ10,$AL10,$AN10,$AP10,$AR10,$AT10,$AV10,$AX10,$AZ10) -> 0 | BE10: =MEDIAN($C10,$E10,$G10,$I10,$K10,$M10,$O10,$Q10,$S10,$U10,$W10,$Y10,$AA10,$AC10,$AE10,$AG10,$AI10,$AK10,$AM10,$AO10,$AQ10,$AS10,$AU10,$AW10,$AY10,$BA10) -> 0 | BF10: =MAX($B10,$D10,$F10,$H10,$J10,$L10,$N10,$P10,$R10,$T10,$V10,$X10,$Z10,$AB10,$AD10,$AF10,$AH10,$AJ10,$AL10,$AN10,$AP10,$AR10,$AT10,$AV10,$AX10,$AZ10) -> 0 | BG10: =MAX($C10,$E10,$G10,$I10,$K10,$M10,$O10,$Q10,$S10,$U10,$W10,$Y10,$AA10,$AC10,$AE10,$AG10,$AI10,$AK10,$AM10,$AO10,$AQ10,$AS10,$AU10,$AW10,$AY10,$BA10) -> 0
A11: ./citybike-max200_user-input-n100 | B11: {=_xlfn.SWITCH($A$2,"average", AVERAGE(Instances!B11:Instances!B11),"median", MEDIAN(Instances!B11:Instances!B11),"min", MIN(Instances!B11:Instances!B11),"max", MAX(Instances!B11:Instances!B11),"diff", MAX(Instances!B11:Instances!B11)-MIN(Instances!B11:Instances!B11))} -> 0 | C11: {=_xlfn.SWITCH($A$2,"average", AVERAGE(Instances!C11:Instances!C11),"median", MEDIAN(Instances!C11:Instances!C11),"min", MIN(Instances!C11:Instances!C11),"max", MAX(Instances!C11:Instances!C11),"diff", MAX(Instances!C11:Instances!C11)-MIN(Instances!C11:Instances!C11))} -> 0 | D11: {=_xlfn.SWITCH($A$2,"average", AVERAGE(Instances!D11:Instances!D11),"median", MEDIAN(Instances!D11:Instances!D11),"min", MIN(Instances!D11:Instances!D11),"max", MAX(Instances!D11:Instances!D11),"diff", MAX(Instances!D11:Instances!D11)-MIN(Instances!D11:Instances!D11))} -> 0 | E11: {=_xlfn.SWITCH($A$2,"average", AVERAGE(Instances!E11:Instances!E11),"median", MEDIAN(Instances!E11:Instances!E11),"min", MIN(Instances!E11:Instances!E11),"max", MAX(Instances!E11:Instances!E11),"diff", MAX(Instances!E11:Instances!E11)-MIN(Instances!E11:Instances!E11))} -> 0 | F11: {=_xlfn.SWITCH($A$2,"average", AVERAGE(Instances!F11:Instances!F11),"median", MEDIAN(Instances!F11:Instances!F11),"min", MIN(Instances!F11:Instances!F11),"max", MAX(Instances!F11:Instances!F11),"diff", MAX(Instances!F11:Instances!F11)-MIN(Instances!F11:Instances!F11))} -> 0 | G11: {=_xlfn.SWITCH($A$2,"average", AVERAGE(Instances!G11:Instances!G11),"median", MEDIAN(Instances!G11:Instances!G11),"min", MIN(Instances!G11:Instances!G11),"max", MAX(Instances!G11:Instances!G11),"diff", MAX(Instances!G11:Instances!G11)-MIN(Instances!G11:Instances!G11))} -> 0 | H11: {=_xlfn.SWITCH($A$2,"average", AVERAGE(Instances!H11:Instances!H11),"median", MEDIAN(Instances!H11:Instances!H11),"min", MIN(Instances!H11:Instances!H11),"max", MAX(Instances!H11:Instances!H11),"diff", MAX(Instances!H11:Instances!H11)-MIN(Instances!H11:Instances!H11))} -> 0 | I11: {=_xlfn.SWITCH($A$2,"average", AVERAGE(Instances!I11:Instances!I11),"median", MEDIAN(Instances!I11:Instances!I11),"min", MIN(Instances!I11:Instances!I11),"max", MAX(Instances!I11:Instances!I11),"diff", MAX(Instances!I11:Instances!I11)-MIN(Instances!I11:Instances!I11))} -> 0 | ... BA11: {=_xlfn.SWITCH($A$2,"average", AVERAGE(Instances!BA11:Instances!BA11),"median", MEDIAN(Instances!BA11:Instances!BA11),"min", MIN(Instances!BA11:Instances!BA11),"max", MAX(Instances!BA11:Instances!BA11),"diff", MAX(Instances!BA11:Instances!BA11)-MIN(Instances!BA11:Instances!BA11))} -> 0 | BB11: =MIN($B11,$D11,$F11,$H11,$J11,$L11,$N11,$P11,$R11,$T11,$V11,$X11,$Z11,$AB11,$AD11,$AF11,$AH11,$AJ11,$AL11,$AN11,$AP11,$AR11,$AT11,$AV11,$AX11,$AZ11) -> 0 | BC11: =MIN($C11,$E11,$G11,$I11,$K11,$M11,$O11,$Q11,$S11,$U11,$W11,$Y11,$AA11,$AC11,$AE11,$AG11,$AI11,$AK11,$AM11,$AO11,$AQ11,$AS11,$AU11,$AW11,$AY11,$BA11) -> 0 | BD11: =MEDIAN($B11,$D11,$F11,$H11,$J11,$L11,$N11,$P11,$R11,$T11,$V11,$X11,$Z11,$AB11,$AD11,$AF11,$AH11,$AJ11,$AL11,$AN11,$AP11,$AR11,$AT11,$AV11,$AX11,$AZ11) -> 0 | BE11: =MEDIAN($C11,$E11,$G11,$I11,$K11,$M11,$O11,$Q11,$S11,$U11,$W11,$Y11,$AA11,$AC11,$AE11,$AG11,$AI11,$AK11,$AM11,$AO11,$AQ11,$AS11,$AU11,$AW11,$AY11,$BA11) -> 0 | BF11: =MAX($B11,$D11,$F11,$H11,$J11,$L11,$N11,$P11,$R11,$T11,$V11,$X11,$Z11,$AB11,$AD11,$AF11,$AH11,$AJ11,$AL11,$AN11,$AP11,$AR11,$AT11,$AV11,$AX11,$AZ11) -> 0 | BG11: =MAX($C11,$E11,$G11,$I11,$K11,$M11,$O11,$Q11,$S11,$U11,$W11,$Y11,$AA11,$AC11,$AE11,$AG11,$AI11,$AK11,$AM11,$AO11,$AQ11,$AS11,$AU11,$AW11,$AY11,$BA11) -> 0
A12: ./citybike-max200_user-input-n200 | B12: {=_xlfn.SWITCH($A$2,"average", AVERAGE(Instances!B12:Instances!B12),"median", MEDIAN(Instances!B12:Instances!B12),"min", MIN(Instances!B12:Instances!B12),"max", MAX(Instances!B12:Instances!B12),"diff", MAX(Instances!B12:Instances!B12)-MIN(Instances!B12:Instances!B12))} -> 0 | C12: {=_xlfn.SWITCH($A$2,"average", AVERAGE(Instances!C12:Instances!C12),"median", MEDIAN(Instances!C12:Instances!C12),"min", MIN(Instances!C12:Instances!C12),"max", MAX(Instances!C12:Instances!C12),"diff", MAX(Instances!C12:Instances!C12)-MIN(Instances!C12:Instances!C12))} -> 0 | D12: {=_xlfn.SWITCH($A$2,"average", AVERAGE(Instances!D12:Instances!D12),"median", MEDIAN(Instances!D12:Instances!D12),"min", MIN(Instances!D12:Instances!D12),"max", MAX(Instances!D12:Instances!D12),"diff", MAX(Instances!D12:Instances!D12)-MIN(Instances!D12:Instances!D12))} -> 0 | E12: {=_xlfn.SWITCH($A$2,"average", AVERAGE(Instances!E12:Instances!E12),"median", MEDIAN(Instances!E12:Instances!E12),"min", MIN(Instances!E12:Instances!E12),"max", MAX(Instances!E12:Instances!E12),"diff", MAX(Instances!E12:Instances!E12)-MIN(Instances!E12:Instances!E12))} -> 0 | F12: {=_xlfn.SWITCH($A$2,"average", AVERAGE(Instances!F12:Instances!F12),"median", MEDIAN(Instances!F12:Instances!F12),"min", MIN(Instances!F12:Instances!F12),"max", MAX(Instances!F12:Instances!F12),"diff", MAX(Instances!F12:Instances!F12)-MIN(Instances!F12:Instances!F12))} -> 0 | G12: {=_xlfn.SWITCH($A$2,"average", AVERAGE(Instances!G12:Instances!G12),"median", MEDIAN(Instances!G12:Instances!G12),"min", MIN(Instances!G12:Instances!G12),"max", MAX(Instances!G12:Instances!G12),"diff", MAX(Instances!G12:Instances!G12)-MIN(Instances!G12:Instances!G12))} -> 0 | H12: {=_xlfn.SWITCH($A$2,"average", AVERAGE(Instances!H12:Instances!H12),"median", MEDIAN(Instances!H12:Instances!H12),"min", MIN(Instances!H12:Instances!H12),"max", MAX(Instances!H12:Instances!H12),"diff", MAX(Instances!H12:Instances!H12)-MIN(Instances!H12:Instances!H12))} -> 0 | I12: {=_xlfn.SWITCH($A$2,"average", AVERAGE(Instances!I12:Instances!I12),"median", MEDIAN(Instances!I12:Instances!I12),"min", MIN(Instances!I12:Instances!I12),"max", MAX(Instances!I12:Instances!I12),"diff", MAX(Instances!I12:Instances!I12)-MIN(Instances!I12:Instances!I12))} -> 0 | ... BA12: {=_xlfn.SWITCH($A$2,"average", AVERAGE(Instances!BA12:Instances!BA12),"median", MEDIAN(Instances!BA12:Instances!BA12),"min", MIN(Instances!BA12:Instances!BA12),"max", MAX(Instances!BA12:Instances!BA12),"diff", MAX(Instances!BA12:Instances!BA12)-MIN(Instances!BA12:Instances!BA12))} -> 0 | BB12: =MIN($B12,$D12,$F12,$H12,$J12,$L12,$N12,$P12,$R12,$T12,$V12,$X12,$Z12,$AB12,$AD12,$AF12,$AH12,$AJ12,$AL12,$AN12,$AP12,$AR12,$AT12,$AV12,$AX12,$AZ12) -> 0 | BC12: =MIN($C12,$E12,$G12,$I12,$K12,$M12,$O12,$Q12,$S12,$U12,$W12,$Y12,$AA12,$AC12,$AE12,$AG12,$AI12,$AK12,$AM12,$AO12,$AQ12,$AS12,$AU12,$AW12,$AY12,$BA12) -> 0 | BD12: =MEDIAN($B12,$D12,$F12,$H12,$J12,$L12,$N12,$P12,$R12,$T12,$V12,$X12,$Z12,$AB12,$AD12,$AF12,$AH12,$AJ12,$AL12,$AN12,$AP12,$AR12,$AT12,$AV12,$AX12,$AZ12) -> 0 | BE12: =MEDIAN($C12,$E12,$G12,$I12,$K12,$M12,$O12,$Q12,$S12,$U12,$W12,$Y12,$AA12,$AC12,$AE12,$AG12,$AI12,$AK12,$AM12,$AO12,$AQ12,$AS12,$AU12,$AW12,$AY12,$BA12) -> 0 | BF12: =MAX($B12,$D12,$F12,$H12,$J12,$L12,$N12,$P12,$R12,$T12,$V12,$X12,$Z12,$AB12,$AD12,$AF12,$AH12,$AJ12,$AL12,$AN12,$AP12,$AR12,$AT12,$AV12,$AX12,$AZ12) -> 0 | BG12: =MAX($C12,$E12,$G12,$I12,$K12,$M12,$O12,$Q12,$S12,$U12,$W12,$Y12,$AA12,$AC12,$AE12,$AG12,$AI12,$AK12,$AM12,$AO12,$AQ12,$AS12,$AU12,$AW12,$AY12,$BA12) -> 0
A13: ./citybike-max200_user-input-n50 | B13: {=_xlfn.SWITCH($A$2,"average", AVERAGE(Instances!B13:Instances!B13),"median", MEDIAN(Instances!B13:Instances!B13),"min", MIN(Instances!B13:Instances!B13),"max", MAX(Instances!B13:Instances!B13),"diff", MAX(Instances!B13:Instances!B13)-MIN(Instances!B13:Instances!B13))} -> 0 | C13: {=_xlfn.SWITCH($A$2,"average", AVERAGE(Instances!C13:Instances!C13),"median", MEDIAN(Instances!C13:Instances!C13),"min", MIN(Instances!C13:Instances!C13),"max", MAX(Instances!C13:Instances!C13),"diff", MAX(Instances!C13:Instances!C13)-MIN(Instances!C13:Instances!C13))} -> 0 | D13: {=_xlfn.SWITCH($A$2,"average", AVERAGE(Instances!D13:Instances!D13),"median", MEDIAN(Instances!D13:Instances!D13),"min", MIN(Instances!D13:Instances!D13),"max", MAX(Instances!D13:Instances!D13),"diff", MAX(Instances!D13:Instances!D13)-MIN(Instances!D13:Instances!D13))} -> 0 | E13: {=_xlfn.SWITCH($A$2,"average", AVERAGE(Instances!E13:Instances!E13),"median", MEDIAN(Instances!E13:Instances!E13),"min", MIN(Instances!E13:Instances!E13),"max", MAX(Instances!E13:Instances!E13),"diff", MAX(Instances!E13:Instances!E13)-MIN(Instances!E13:Instances!E13))} -> 0 | F13: {=_xlfn.SWITCH($A$2,"average", AVERAGE(Instances!F13:Instances!F13),"median", MEDIAN(Instances!F13:Instances!F13),"min", MIN(Instances!F13:Instances!F13),"max", MAX(Instances!F13:Instances!F13),"diff", MAX(Instances!F13:Instances!F13)-MIN(Instances!F13:Instances!F13))} -> 0 | G13: {=_xlfn.SWITCH($A$2,"average", AVERAGE(Instances!G13:Instances!G13),"median", MEDIAN(Instances!G13:Instances!G13),"min", MIN(Instances!G13:Instances!G13),"max", MAX(Instances!G13:Instances!G13),"diff", MAX(Instances!G13:Instances!G13)-MIN(Instances!G13:Instances!G13))} -> 0 | H13: {=_xlfn.SWITCH($A$2,"average", AVERAGE(Instances!H13:Instances!H13),"median", MEDIAN(Instances!H13:Instances!H13),"min", MIN(Instances!H13:Instances!H13),"max", MAX(Instances!H13:Instances!H13),"diff", MAX(Instances!H13:Instances!H13)-MIN(Instances!H13:Instances!H13))} -> 0 | I13: {=_xlfn.SWITCH($A$2,"average", AVERAGE(Instances!I13:Instances!I13),"median", MEDIAN(Instances!I13:Instances!I13),"min", MIN(Instances!I13:Instances!I13),"max", MAX(Instances!I13:Instances!I13),"diff", MAX(Instances!I13:Instances!I13)-MIN(Instances!I13:Instances!I13))} -> 0 | ... BA13: {=_xlfn.SWITCH($A$2,"average", AVERAGE(Instances!BA13:Instances!BA13),"median", MEDIAN(Instances!BA13:Instances!BA13),"min", MIN(Instances!BA13:Instances!BA13),"max", MAX(Instances!BA13:Instances!BA13),"diff", MAX(Instances!BA13:Instances!BA13)-MIN(Instances!BA13:Instances!BA13))} -> 0 | BB13: =MIN($B13,$D13,$F13,$H13,$J13,$L13,$N13,$P13,$R13,$T13,$V13,$X13,$Z13,$AB13,$AD13,$AF13,$AH13,$AJ13,$AL13,$AN13,$AP13,$AR13,$AT13,$AV13,$AX13,$AZ13) -> 0 | BC13: =MIN($C13,$E13,$G13,$I13,$K13,$M13,$O13,$Q13,$S13,$U13,$W13,$Y13,$AA13,$AC13,$AE13,$AG13,$AI13,$AK13,$AM13,$AO13,$AQ13,$AS13,$AU13,$AW13,$AY13,$BA13) -> 0 | BD13: =MEDIAN($B13,$D13,$F13,$H13,$J13,$L13,$N13,$P13,$R13,$T13,$V13,$X13,$Z13,$AB13,$AD13,$AF13,$AH13,$AJ13,$AL13,$AN13,$AP13,$AR13,$AT13,$AV13,$AX13,$AZ13) -> 0 | BE13: =MEDIAN($C13,$E13,$G13,$I13,$K13,$M13,$O13,$Q13,$S13,$U13,$W13,$Y13,$AA13,$AC13,$AE13,$AG13,$AI13,$AK13,$AM13,$AO13,$AQ13,$AS13,$AU13,$AW13,$AY13,$BA13) -> 0 | BF13: =MAX($B13,$D13,$F13,$H13,$J13,$L13,$N13,$P13,$R13,$T13,$V13,$X13,$Z13,$AB13,$AD13,$AF13,$AH13,$AJ13,$AL13,$AN13,$AP13,$AR13,$AT13,$AV13,$AX13,$AZ13) -> 0 | BG13: =MAX($C13,$E13,$G13,$I13,$K13,$M13,$O13,$Q13,$S13,$U13,$W13,$Y13,$AA13,$AC13,$AE13,$AG13,$AI13,$AK13,$AM13,$AO13,$AQ13,$AS13,$AU13,$AW13,$AY13,$BA13) -> 0
A14: ./citybike-max200_user-input-n66 | B14: {=_xlfn.SWITCH($A$2,"average", AVERAGE(Instances!B14:Instances!B14),"median", MEDIAN(Instances!B14:Instances!B14),"min", MIN(Instances!B14:Instances!B14),"max", MAX(Instances!B14:Instances!B14),"diff", MAX(Instances!B14:Instances!B14)-MIN(Instances!B14:Instances!B14))} -> 0 | C14: {=_xlfn.SWITCH($A$2,"average", AVERAGE(Instances!C14:Instances!C14),"median", MEDIAN(Instances!C14:Instances!C14),"min", MIN(Instances!C14:Instances!C14),"max", MAX(Instances!C14:Instances!C14),"diff", MAX(Instances!C14:Instances!C14)-MIN(Instances!C14:Instances!C14))} -> 0 | D14: {=_xlfn.SWITCH($A$2,"average", AVERAGE(Instances!D14:Instances!D14),"median", MEDIAN(Instances!D14:Instances!D14),"min", MIN(Instances!D14:Instances!D14),"max", MAX(Instances!D14:Instances!D14),"diff", MAX(Instances!D14:Instances!D14)-MIN(Instances!D14:Instances!D14))} -> 0 | E14: {=_xlfn.SWITCH($A$2,"average", AVERAGE(Instances!E14:Instances!E14),"median", MEDIAN(Instances!E14:Instances!E14),"min", MIN(Instances!E14:Instances!E14),"max", MAX(Instances!E14:Instances!E14),"diff", MAX(Instances!E14:Instances!E14)-MIN(Instances!E14:Instances!E14))} -> 0 | F14: {=_xlfn.SWITCH($A$2,"average", AVERAGE(Instances!F14:Instances!F14),"median", MEDIAN(Instances!F14:Instances!F14),"min", MIN(Instances!F14:Instances!F14),"max", MAX(Instances!F14:Instances!F14),"diff", MAX(Instances!F14:Instances!F14)-MIN(Instances!F14:Instances!F14))} -> 0 | G14: {=_xlfn.SWITCH($A$2,"average", AVERAGE(Instances!G14:Instances!G14),"median", MEDIAN(Instances!G14:Instances!G14),"min", MIN(Instances!G14:Instances!G14),"max", MAX(Instances!G14:Instances!G14),"diff", MAX(Instances!G14:Instances!G14)-MIN(Instances!G14:Instances!G14))} -> 0 | H14: {=_xlfn.SWITCH($A$2,"average", AVERAGE(Instances!H14:Instances!H14),"median", MEDIAN(Instances!H14:Instances!H14),"min", MIN(Instances!H14:Instances!H14),"max", MAX(Instances!H14:Instances!H14),"diff", MAX(Instances!H14:Instances!H14)-MIN(Instances!H14:Instances!H14))} -> 0 | I14: {=_xlfn.SWITCH($A$2,"average", AVERAGE(Instances!I14:Instances!I14),"median", MEDIAN(Instances!I14:Instances!I14),"min", MIN(Instances!I14:Instances!I14),"max", MAX(Instances!I14:Instances!I14),"diff", MAX(Instances!I14:Instances!I14)-MIN(Instances!I14:Instances!I14))} -> 0 | ... BA14: {=_xlfn.SWITCH($A$2,"average", AVERAGE(Instances!BA14:Instances!BA14),"median", MEDIAN(Instances!BA14:Instances!BA14),"min", MIN(Instances!BA14:Instances!BA14),"max", MAX(Instances!BA14:Instances!BA14),"diff", MAX(Instances!BA14:Instances!BA14)-MIN(Instances!BA14:Instances!BA14))} -> 0 | BB14: =MIN($B14,$D14,$F14,$H14,$J14,$L14,$N14,$P14,$R14,$T14,$V14,$X14,$Z14,$AB14,$AD14,$AF14,$AH14,$AJ14,$AL14,$AN14,$AP14,$AR14,$AT14,$AV14,$AX14,$AZ14) -> 0 | BC14: =MIN($C14,$E14,$G14,$I14,$K14,$M14,$O14,$Q14,$S14,$U14,$W14,$Y14,$AA14,$AC14,$AE14,$AG14,$AI14,$AK14,$AM14,$AO14,$AQ14,$AS14,$AU14,$AW14,$AY14,$BA14) -> 0 | BD14: =MEDIAN($B14,$D14,$F14,$H14,$J14,$L14,$N14,$P14,$R14,$T14,$V14,$X14,$Z14,$AB14,$AD14,$AF14,$AH14,$AJ14,$AL14,$AN14,$AP14,$AR14,$AT14,$AV14,$AX14,$AZ14) -> 0 | BE14: =MEDIAN($C14,$E14,$G14,$I14,$K14,$M14,$O14,$Q14,$S14,$U14,$W14,$Y14,$AA14,$AC14,$AE14,$AG14,$AI14,$AK14,$AM14,$AO14,$AQ14,$AS14,$AU14,$AW14,$AY14,$BA14) -> 0 | BF14: =MAX($B14,$D14,$F14,$H14,$J14,$L14,$N14,$P14,$R14,$T14,$V14,$X14,$Z14,$AB14,$AD14,$AF14,$AH14,$AJ14,$AL14,$AN14,$AP14,$AR14,$AT14,$AV14,$AX14,$AZ14) -> 0 | BG14: =MAX($C14,$E14,$G14,$I14,$K14,$M14,$O14,$Q14,$S14,$U14,$W14,$Y14,$AA14,$AC14,$AE14,$AG14,$AI14,$AK14,$AM14,$AO14,$AQ14,$AS14,$AU14,$AW14,$AY14,$BA14) -> 0
... A53: ./travelbike-max5_user-input-p496-v356 | B53: {=_xlfn.SWITCH($A$2,"average", AVERAGE(Instances!B53:Instances!B53),"median", MEDIAN(Instances!B53:Instances!B53),"min", MIN(Instances!B53:Instances!B53),"max", MAX(Instances!B53:Instances!B53),"diff", MAX(Instances!B53:Instances!B53)-MIN(Instances!B53:Instances!B53))} -> 0 | C53: {=_xlfn.SWITCH($A$2,"average", AVERAGE(Instances!C53:Instances!C53),"median", MEDIAN(Instances!C53:Instances!C53),"min", MIN(Instances!C53:Instances!C53),"max", MAX(Instances!C53:Instances!C53),"diff", MAX(Instances!C53:Instances!C53)-MIN(Instances!C53:Instances!C53))} -> 0 | D53: {=_xlfn.SWITCH($A$2,"average", AVERAGE(Instances!D53:Instances!D53),"median", MEDIAN(Instances!D53:Instances!D53),"min", MIN(Instances!D53:Instances!D53),"max", MAX(Instances!D53:Instances!D53),"diff", MAX(Instances!D53:Instances!D53)-MIN(Instances!D53:Instances!D53))} -> 0 | E53: {=_xlfn.SWITCH($A$2,"average", AVERAGE(Instances!E53:Instances!E53),"median", MEDIAN(Instances!E53:Instances!E53),"min", MIN(Instances!E53:Instances!E53),"max", MAX(Instances!E53:Instances!E53),"diff", MAX(Instances!E53:Instances!E53)-MIN(Instances!E53:Instances!E53))} -> 0 | F53: {=_xlfn.SWITCH($A$2,"average", AVERAGE(Instances!F53:Instances!F53),"median", MEDIAN(Instances!F53:Instances!F53),"min", MIN(Instances!F53:Instances!F53),"max", MAX(Instances!F53:Instances!F53),"diff", MAX(Instances!F53:Instances!F53)-MIN(Instances!F53:Instances!F53))} -> 0 | G53: {=_xlfn.SWITCH($A$2,"average", AVERAGE(Instances!G53:Instances!G53),"median", MEDIAN(Instances!G53:Instances!G53),"min", MIN(Instances!G53:Instances!G53),"max", MAX(Instances!G53:Instances!G53),"diff", MAX(Instances!G53:Instances!G53)-MIN(Instances!G53:Instances!G53))} -> 0 | H53: {=_xlfn.SWITCH($A$2,"average", AVERAGE(Instances!H53:Instances!H53),"median", MEDIAN(Instances!H53:Instances!H53),"min", MIN(Instances!H53:Instances!H53),"max", MAX(Instances!H53:Instances!H53),"diff", MAX(Instances!H53:Instances!H53)-MIN(Instances!H53:Instances!H53))} -> 0 | I53: {=_xlfn.SWITCH($A$2,"average", AVERAGE(Instances!I53:Instances!I53),"median", MEDIAN(Instances!I53:Instances!I53),"min", MIN(Instances!I53:Instances!I53),"max", MAX(Instances!I53:Instances!I53),"diff", MAX(Instances!I53:Instances!I53)-MIN(Instances!I53:Instances!I53))} -> 0 | ... BA53: {=_xlfn.SWITCH($A$2,"average", AVERAGE(Instances!BA53:Instances!BA53),"median", MEDIAN(Instances!BA53:Instances!BA53),"min", MIN(Instances!BA53:Instances!BA53),"max", MAX(Instances!BA53:Instances!BA53),"diff", MAX(Instances!BA53:Instances!BA53)-MIN(Instances!BA53:Instances!BA53))} -> 0 | BB53: =MIN($B53,$D53,$F53,$H53,$J53,$L53,$N53,$P53,$R53,$T53,$V53,$X53,$Z53,$AB53,$AD53,$AF53,$AH53,$AJ53,$AL53,$AN53,$AP53,$AR53,$AT53,$AV53,$AX53,$AZ53) -> 0 | BC53: =MIN($C53,$E53,$G53,$I53,$K53,$M53,$O53,$Q53,$S53,$U53,$W53,$Y53,$AA53,$AC53,$AE53,$AG53,$AI53,$AK53,$AM53,$AO53,$AQ53,$AS53,$AU53,$AW53,$AY53,$BA53) -> 0 | BD53: =MEDIAN($B53,$D53,$F53,$H53,$J53,$L53,$N53,$P53,$R53,$T53,$V53,$X53,$Z53,$AB53,$AD53,$AF53,$AH53,$AJ53,$AL53,$AN53,$AP53,$AR53,$AT53,$AV53,$AX53,$AZ53) -> 0 | BE53: =MEDIAN($C53,$E53,$G53,$I53,$K53,$M53,$O53,$Q53,$S53,$U53,$W53,$Y53,$AA53,$AC53,$AE53,$AG53,$AI53,$AK53,$AM53,$AO53,$AQ53,$AS53,$AU53,$AW53,$AY53,$BA53) -> 0 | BF53: =MAX($B53,$D53,$F53,$H53,$J53,$L53,$N53,$P53,$R53,$T53,$V53,$X53,$Z53,$AB53,$AD53,$AF53,$AH53,$AJ53,$AL53,$AN53,$AP53,$AR53,$AT53,$AV53,$AX53,$AZ53) -> 0 | BG53: =MAX($C53,$E53,$G53,$I53,$K53,$M53,$O53,$Q53,$S53,$U53,$W53,$Y53,$AA53,$AC53,$AE53,$AG53,$AI53,$AK53,$AM53,$AO53,$AQ53,$AS53,$AU53,$AW53,$AY53,$BA53) -> 0
A54: ./cargobike-100_user-input-0 | B54: {=_xlfn.SWITCH($A$2,"average", AVERAGE(Instances!B54:Instances!B54),"median", MEDIAN(Instances!B54:Instances!B54),"min", MIN(Instances!B54:Instances!B54),"max", MAX(Instances!B54:Instances!B54),"diff", MAX(Instances!B54:Instances!B54)-MIN(Instances!B54:Instances!B54))} -> 0 | C54: {=_xlfn.SWITCH($A$2,"average", AVERAGE(Instances!C54:Instances!C54),"median", MEDIAN(Instances!C54:Instances!C54),"min", MIN(Instances!C54:Instances!C54),"max", MAX(Instances!C54:Instances!C54),"diff", MAX(Instances!C54:Instances!C54)-MIN(Instances!C54:Instances!C54))} -> 0 | D54: {=_xlfn.SWITCH($A$2,"average", AVERAGE(Instances!D54:Instances!D54),"median", MEDIAN(Instances!D54:Instances!D54),"min", MIN(Instances!D54:Instances!D54),"max", MAX(Instances!D54:Instances!D54),"diff", MAX(Instances!D54:Instances!D54)-MIN(Instances!D54:Instances!D54))} -> 0 | E54: {=_xlfn.SWITCH($A$2,"average", AVERAGE(Instances!E54:Instances!E54),"median", MEDIAN(Instances!E54:Instances!E54),"min", MIN(Instances!E54:Instances!E54),"max", MAX(Instances!E54:Instances!E54),"diff", MAX(Instances!E54:Instances!E54)-MIN(Instances!E54:Instances!E54))} -> 0 | F54: {=_xlfn.SWITCH($A$2,"average", AVERAGE(Instances!F54:Instances!F54),"median", MEDIAN(Instances!F54:Instances!F54),"min", MIN(Instances!F54:Instances!F54),"max", MAX(Instances!F54:Instances!F54),"diff", MAX(Instances!F54:Instances!F54)-MIN(Instances!F54:Instances!F54))} -> 0 | G54: {=_xlfn.SWITCH($A$2,"average", AVERAGE(Instances!G54:Instances!G54),"median", MEDIAN(Instances!G54:Instances!G54),"min", MIN(Instances!G54:Instances!G54),"max", MAX(Instances!G54:Instances!G54),"diff", MAX(Instances!G54:Instances!G54)-MIN(Instances!G54:Instances!G54))} -> 0 | H54: {=_xlfn.SWITCH($A$2,"average", AVERAGE(Instances!H54:Instances!H54),"median", MEDIAN(Instances!H54:Instances!H54),"min", MIN(Instances!H54:Instances!H54),"max", MAX(Instances!H54:Instances!H54),"diff", MAX(Instances!H54:Instances!H54)-MIN(Instances!H54:Instances!H54))} -> 0 | I54: {=_xlfn.SWITCH($A$2,"average", AVERAGE(Instances!I54:Instances!I54),"median", MEDIAN(Instances!I54:Instances!I54),"min", MIN(Instances!I54:Instances!I54),"max", MAX(Instances!I54:Instances!I54),"diff", MAX(Instances!I54:Instances!I54)-MIN(Instances!I54:Instances!I54))} -> 0 | ... AW54: {=_xlfn.SWITCH($A$2,"average", AVERAGE(Instances!AW54:Instances!AW54),"median", MEDIAN(Instances!AW54:Instances!AW54),"min", MIN(Instances!AW54:Instances!AW54),"max", MAX(Instances!AW54:Instances!AW54),"diff", MAX(Instances!AW54:Instances!AW54)-MIN(Instances!AW54:Instances!AW54))} -> 0 | BB54: =MIN($B54,$D54,$F54,$H54,$J54,$L54,$N54,$P54,$R54,$T54,$V54,$X54,$Z54,$AB54,$AD54,$AF54,$AH54,$AJ54,$AL54,$AN54,$AP54,$AR54,$AT54,$AV54,$AX54,$AZ54) -> 0 | BC54: =MIN($C54,$E54,$G54,$I54,$K54,$M54,$O54,$Q54,$S54,$U54,$W54,$Y54,$AA54,$AC54,$AE54,$AG54,$AI54,$AK54,$AM54,$AO54,$AQ54,$AS54,$AU54,$AW54,$AY54,$BA54) -> 0 | BD54: =MEDIAN($B54,$D54,$F54,$H54,$J54,$L54,$N54,$P54,$R54,$T54,$V54,$X54,$Z54,$AB54,$AD54,$AF54,$AH54,$AJ54,$AL54,$AN54,$AP54,$AR54,$AT54,$AV54,$AX54,$AZ54) -> 0 | BE54: =MEDIAN($C54,$E54,$G54,$I54,$K54,$M54,$O54,$Q54,$S54,$U54,$W54,$Y54,$AA54,$AC54,$AE54,$AG54,$AI54,$AK54,$AM54,$AO54,$AQ54,$AS54,$AU54,$AW54,$AY54,$BA54) -> 0 | BF54: =MAX($B54,$D54,$F54,$H54,$J54,$L54,$N54,$P54,$R54,$T54,$V54,$X54,$Z54,$AB54,$AD54,$AF54,$AH54,$AJ54,$AL54,$AN54,$AP54,$AR54,$AT54,$AV54,$AX54,$AZ54) -> 0 | BG54: =MAX($C54,$E54,$G54,$I54,$K54,$M54,$O54,$Q54,$S54,$U54,$W54,$Y54,$AA54,$AC54,$AE54,$AG54,$AI54,$AK54,$AM54,$AO54,$AQ54,$AS54,$AU54,$AW54,$AY54,$BA54) -> 0
A55: ./cargobike-100_user-input-1 | B55: {=_xlfn.SWITCH($A$2,"average", AVERAGE(Instances!B55:Instances!B55),"median", MEDIAN(Instances!B55:Instances!B55),"min", MIN(Instances!B55:Instances!B55),"max", MAX(Instances!B55:Instances!B55),"diff", MAX(Instances!B55:Instances!B55)-MIN(Instances!B55:Instances!B55))} -> 0 | C55: {=_xlfn.SWITCH($A$2,"average", AVERAGE(Instances!C55:Instances!C55),"median", MEDIAN(Instances!C55:Instances!C55),"min", MIN(Instances!C55:Instances!C55),"max", MAX(Instances!C55:Instances!C55),"diff", MAX(Instances!C55:Instances!C55)-MIN(Instances!C55:Instances!C55))} -> 0 | D55: {=_xlfn.SWITCH($A$2,"average", AVERAGE(Instances!D55:Instances!D55),"median", MEDIAN(Instances!D55:Instances!D55),"min", MIN(Instances!D55:Instances!D55),"max", MAX(Instances!D55:Instances!D55),"diff", MAX(Instances!D55:Instances!D55)-MIN(Instances!D55:Instances!D55))} -> 0 | E55: {=_xlfn.SWITCH($A$2,"average", AVERAGE(Instances!E55:Instances!E55),"median", MEDIAN(Instances!E55:Instances!E55),"min", MIN(Instances!E55:Instances!E55),"max", MAX(Instances!E55:Instances!E55),"diff", MAX(Instances!E55:Instances!E55)-MIN(Instances!E55:Instances!E55))} -> 0 | F55: {=_xlfn.SWITCH($A$2,"average", AVERAGE(Instances!F55:Instances!F55),"median", MEDIAN(Instances!F55:Instances!F55),"min", MIN(Instances!F55:Instances!F55),"max", MAX(Instances!F55:Instances!F55),"diff", MAX(Instances!F55:Instances!F55)-MIN(Instances!F55:Instances!F55))} -> 0 | G55: {=_xlfn.SWITCH($A$2,"average", AVERAGE(Instances!G55:Instances!G55),"median", MEDIAN(Instances!G55:Instances!G55),"min", MIN(Instances!G55:Instances!G55),"max", MAX(Instances!G55:Instances!G55),"diff", MAX(Instances!G55:Instances!G55)-MIN(Instances!G55:Instances!G55))} -> 0 | H55: {=_xlfn.SWITCH($A$2,"average", AVERAGE(Instances!H55:Instances!H55),"median", MEDIAN(Instances!H55:Instances!H55),"min", MIN(Instances!H55:Instances!H55),"max", MAX(Instances!H55:Instances!H55),"diff", MAX(Instances!H55:Instances!H55)-MIN(Instances!H55:Instances!H55))} -> 0 | I55: {=_xlfn.SWITCH($A$2,"average", AVERAGE(Instances!I55:Instances!I55),"median", MEDIAN(Instances!I55:Instances!I55),"min", MIN(Instances!I55:Instances!I55),"max", MAX(Instances!I55:Instances!I55),"diff", MAX(Instances!I55:Instances!I55)-MIN(Instances!I55:Instances!I55))} -> 0 | ... AW55: {=_xlfn.SWITCH($A$2,"average", AVERAGE(Instances!AW55:Instances!AW55),"median", MEDIAN(Instances!AW55:Instances!AW55),"min", MIN(Instances!AW55:Instances!AW55),"max", MAX(Instances!AW55:Instances!AW55),"diff", MAX(Instances!AW55:Instances!AW55)-MIN(Instances!AW55:Instances!AW55))} -> 0 | BB55: =MIN($B55,$D55,$F55,$H55,$J55,$L55,$N55,$P55,$R55,$T55,$V55,$X55,$Z55,$AB55,$AD55,$AF55,$AH55,$AJ55,$AL55,$AN55,$AP55,$AR55,$AT55,$AV55,$AX55,$AZ55) -> 0 | BC55: =MIN($C55,$E55,$G55,$I55,$K55,$M55,$O55,$Q55,$S55,$U55,$W55,$Y55,$AA55,$AC55,$AE55,$AG55,$AI55,$AK55,$AM55,$AO55,$AQ55,$AS55,$AU55,$AW55,$AY55,$BA55) -> 0 | BD55: =MEDIAN($B55,$D55,$F55,$H55,$J55,$L55,$N55,$P55,$R55,$T55,$V55,$X55,$Z55,$AB55,$AD55,$AF55,$AH55,$AJ55,$AL55,$AN55,$AP55,$AR55,$AT55,$AV55,$AX55,$AZ55) -> 0 | BE55: =MEDIAN($C55,$E55,$G55,$I55,$K55,$M55,$O55,$Q55,$S55,$U55,$W55,$Y55,$AA55,$AC55,$AE55,$AG55,$AI55,$AK55,$AM55,$AO55,$AQ55,$AS55,$AU55,$AW55,$AY55,$BA55) -> 0 | BF55: =MAX($B55,$D55,$F55,$H55,$J55,$L55,$N55,$P55,$R55,$T55,$V55,$X55,$Z55,$AB55,$AD55,$AF55,$AH55,$AJ55,$AL55,$AN55,$AP55,$AR55,$AT55,$AV55,$AX55,$AZ55) -> 0 | BG55: =MAX($C55,$E55,$G55,$I55,$K55,$M55,$O55,$Q55,$S55,$U55,$W55,$Y55,$AA55,$AC55,$AE55,$AG55,$AI55,$AK55,$AM55,$AO55,$AQ55,$AS55,$AU55,$AW55,$AY55,$BA55) -> 0
A56: ./cargobike-100_user-input-2 | B56: {=_xlfn.SWITCH($A$2,"average", AVERAGE(Instances!B56:Instances!B56),"median", MEDIAN(Instances!B56:Instances!B56),"min", MIN(Instances!B56:Instances!B56),"max", MAX(Instances!B56:Instances!B56),"diff", MAX(Instances!B56:Instances!B56)-MIN(Instances!B56:Instances!B56))} -> 0 | C56: {=_xlfn.SWITCH($A$2,"average", AVERAGE(Instances!C56:Instances!C56),"median", MEDIAN(Instances!C56:Instances!C56),"min", MIN(Instances!C56:Instances!C56),"max", MAX(Instances!C56:Instances!C56),"diff", MAX(Instances!C56:Instances!C56)-MIN(Instances!C56:Instances!C56))} -> 0 | D56: {=_xlfn.SWITCH($A$2,"average", AVERAGE(Instances!D56:Instances!D56),"median", MEDIAN(Instances!D56:Instances!D56),"min", MIN(Instances!D56:Instances!D56),"max", MAX(Instances!D56:Instances!D56),"diff", MAX(Instances!D56:Instances!D56)-MIN(Instances!D56:Instances!D56))} -> 0 | E56: {=_xlfn.SWITCH($A$2,"average", AVERAGE(Instances!E56:Instances!E56),"median", MEDIAN(Instances!E56:Instances!E56),"min", MIN(Instances!E56:Instances!E56),"max", MAX(Instances!E56:Instances!E56),"diff", MAX(Instances!E56:Instances!E56)-MIN(Instances!E56:Instances!E56))} -> 0 | F56: {=_xlfn.SWITCH($A$2,"average", AVERAGE(Instances!F56:Instances!F56),"median", MEDIAN(Instances!F56:Instances!F56),"min", MIN(Instances!F56:Instances!F56),"max", MAX(Instances!F56:Instances!F56),"diff", MAX(Instances!F56:Instances!F56)-MIN(Instances!F56:Instances!F56))} -> 0 | G56: {=_xlfn.SWITCH($A$2,"average", AVERAGE(Instances!G56:Instances!G56),"median", MEDIAN(Instances!G56:Instances!G56),"min", MIN(Instances!G56:Instances!G56),"max", MAX(Instances!G56:Instances!G56),"diff", MAX(Instances!G56:Instances!G56)-MIN(Instances!G56:Instances!G56))} -> 0 | H56: {=_xlfn.SWITCH($A$2,"average", AVERAGE(Instances!H56:Instances!H56),"median", MEDIAN(Instances!H56:Instances!H56),"min", MIN(Instances!H56:Instances!H56),"max", MAX(Instances!H56:Instances!H56),"diff", MAX(Instances!H56:Instances!H56)-MIN(Instances!H56:Instances!H56))} -> 0 | I56: {=_xlfn.SWITCH($A$2,"average", AVERAGE(Instances!I56:Instances!I56),"median", MEDIAN(Instances!I56:Instances!I56),"min", MIN(Instances!I56:Instances!I56),"max", MAX(Instances!I56:Instances!I56),"diff", MAX(Instances!I56:Instances!I56)-MIN(Instances!I56:Instances!I56))} -> 0 | ... AW56: {=_xlfn.SWITCH($A$2,"average", AVERAGE(Instances!AW56:Instances!AW56),"median", MEDIAN(Instances!AW56:Instances!AW56),"min", MIN(Instances!AW56:Instances!AW56),"max", MAX(Instances!AW56:Instances!AW56),"diff", MAX(Instances!AW56:Instances!AW56)-MIN(Instances!AW56:Instances!AW56))} -> 0 | BB56: =MIN($B56,$D56,$F56,$H56,$J56,$L56,$N56,$P56,$R56,$T56,$V56,$X56,$Z56,$AB56,$AD56,$AF56,$AH56,$AJ56,$AL56,$AN56,$AP56,$AR56,$AT56,$AV56,$AX56,$AZ56) -> 0 | BC56: =MIN($C56,$E56,$G56,$I56,$K56,$M56,$O56,$Q56,$S56,$U56,$W56,$Y56,$AA56,$AC56,$AE56,$AG56,$AI56,$AK56,$AM56,$AO56,$AQ56,$AS56,$AU56,$AW56,$AY56,$BA56) -> 0 | BD56: =MEDIAN($B56,$D56,$F56,$H56,$J56,$L56,$N56,$P56,$R56,$T56,$V56,$X56,$Z56,$AB56,$AD56,$AF56,$AH56,$AJ56,$AL56,$AN56,$AP56,$AR56,$AT56,$AV56,$AX56,$AZ56) -> 0 | BE56: =MEDIAN($C56,$E56,$G56,$I56,$K56,$M56,$O56,$Q56,$S56,$U56,$W56,$Y56,$AA56,$AC56,$AE56,$AG56,$AI56,$AK56,$AM56,$AO56,$AQ56,$AS56,$AU56,$AW56,$AY56,$BA56) -> 0 | BF56: =MAX($B56,$D56,$F56,$H56,$J56,$L56,$N56,$P56,$R56,$T56,$V56,$X56,$Z56,$AB56,$AD56,$AF56,$AH56,$AJ56,$AL56,$AN56,$AP56,$AR56,$AT56,$AV56,$AX56,$AZ56) -> 0 | BG56: =MAX($C56,$E56,$G56,$I56,$K56,$M56,$O56,$Q56,$S56,$U56,$W56,$Y56,$AA56,$AC56,$AE56,$AG56,$AI56,$AK56,$AM56,$AO56,$AQ56,$AS56,$AU56,$AW56,$AY56,$BA56) -> 0
A57: ./cargobike-100_user-input-3 | B57: {=_xlfn.SWITCH($A$2,"average", AVERAGE(Instances!B57:Instances!B57),"median", MEDIAN(Instances!B57:Instances!B57),"min", MIN(Instances!B57:Instances!B57),"max", MAX(Instances!B57:Instances!B57),"diff", MAX(Instances!B57:Instances!B57)-MIN(Instances!B57:Instances!B57))} -> 0 | C57: {=_xlfn.SWITCH($A$2,"average", AVERAGE(Instances!C57:Instances!C57),"median", MEDIAN(Instances!C57:Instances!C57),"min", MIN(Instances!C57:Instances!C57),"max", MAX(Instances!C57:Instances!C57),"diff", MAX(Instances!C57:Instances!C57)-MIN(Instances!C57:Instances!C57))} -> 0 | D57: {=_xlfn.SWITCH($A$2,"average", AVERAGE(Instances!D57:Instances!D57),"median", MEDIAN(Instances!D57:Instances!D57),"min", MIN(Instances!D57:Instances!D57),"max", MAX(Instances!D57:Instances!D57),"diff", MAX(Instances!D57:Instances!D57)-MIN(Instances!D57:Instances!D57))} -> 0 | E57: {=_xlfn.SWITCH($A$2,"average", AVERAGE(Instances!E57:Instances!E57),"median", MEDIAN(Instances!E57:Instances!E57),"min", MIN(Instances!E57:Instances!E57),"max", MAX(Instances!E57:Instances!E57),"diff", MAX(Instances!E57:Instances!E57)-MIN(Instances!E57:Instances!E57))} -> 0 | F57: {=_xlfn.SWITCH($A$2,"average", AVERAGE(Instances!F57:Instances!F57),"median", MEDIAN(Instances!F57:Instances!F57),"min", MIN(Instances!F57:Instances!F57),"max", MAX(Instances!F57:Instances!F57),"diff", MAX(Instances!F57:Instances!F57)-MIN(Instances!F57:Instances!F57))} -> 0 | G57: {=_xlfn.SWITCH($A$2,"average", AVERAGE(Instances!G57:Instances!G57),"median", MEDIAN(Instances!G57:Instances!G57),"min", MIN(Instances!G57:Instances!G57),"max", MAX(Instances!G57:Instances!G57),"diff", MAX(Instances!G57:Instances!G57)-MIN(Instances!G57:Instances!G57))} -> 0 | H57: {=_xlfn.SWITCH($A$2,"average", AVERAGE(Instances!H57:Instances!H57),"median", MEDIAN(Instances!H57:Instances!H57),"min", MIN(Instances!H57:Instances!H57),"max", MAX(Instances!H57:Instances!H57),"diff", MAX(Instances!H57:Instances!H57)-MIN(Instances!H57:Instances!H57))} -> 0 | I57: {=_xlfn.SWITCH($A$2,"average", AVERAGE(Instances!I57:Instances!I57),"median", MEDIAN(Instances!I57:Instances!I57),"min", MIN(Instances!I57:Instances!I57),"max", MAX(Instances!I57:Instances!I57),"diff", MAX(Instances!I57:Instances!I57)-MIN(Instances!I57:Instances!I57))} -> 0 | ... AW57: {=_xlfn.SWITCH($A$2,"average", AVERAGE(Instances!AW57:Instances!AW57),"median", MEDIAN(Instances!AW57:Instances!AW57),"min", MIN(Instances!AW57:Instances!AW57),"max", MAX(Instances!AW57:Instances!AW57),"diff", MAX(Instances!AW57:Instances!AW57)-MIN(Instances!AW57:Instances!AW57))} -> 0 | BB57: =MIN($B57,$D57,$F57,$H57,$J57,$L57,$N57,$P57,$R57,$T57,$V57,$X57,$Z57,$AB57,$AD57,$AF57,$AH57,$AJ57,$AL57,$AN57,$AP57,$AR57,$AT57,$AV57,$AX57,$AZ57) -> 0 | BC57: =MIN($C57,$E57,$G57,$I57,$K57,$M57,$O57,$Q57,$S57,$U57,$W57,$Y57,$AA57,$AC57,$AE57,$AG57,$AI57,$AK57,$AM57,$AO57,$AQ57,$AS57,$AU57,$AW57,$AY57,$BA57) -> 0 | BD57: =MEDIAN($B57,$D57,$F57,$H57,$J57,$L57,$N57,$P57,$R57,$T57,$V57,$X57,$Z57,$AB57,$AD57,$AF57,$AH57,$AJ57,$AL57,$AN57,$AP57,$AR57,$AT57,$AV57,$AX57,$AZ57) -> 0 | BE57: =MEDIAN($C57,$E57,$G57,$I57,$K57,$M57,$O57,$Q57,$S57,$U57,$W57,$Y57,$AA57,$AC57,$AE57,$AG57,$AI57,$AK57,$AM57,$AO57,$AQ57,$AS57,$AU57,$AW57,$AY57,$BA57) -> 0 | BF57: =MAX($B57,$D57,$F57,$H57,$J57,$L57,$N57,$P57,$R57,$T57,$V57,$X57,$Z57,$AB57,$AD57,$AF57,$AH57,$AJ57,$AL57,$AN57,$AP57,$AR57,$AT57,$AV57,$AX57,$AZ57) -> 0 | BG57: =MAX($C57,$E57,$G57,$I57,$K57,$M57,$O57,$Q57,$S57,$U57,$W57,$Y57,$AA57,$AC57,$AE57,$AG57,$AI57,$AK57,$AM57,$AO57,$AQ57,$AS57,$AU57,$AW57,$AY57,$BA57) -> 0
A58: ./cargobike-100_user-input-4 | B58: {=_xlfn.SWITCH($A$2,"average", AVERAGE(Instances!B58:Instances!B58),"median", MEDIAN(Instances!B58:Instances!B58),"min", MIN(Instances!B58:Instances!B58),"max", MAX(Instances!B58:Instances!B58),"diff", MAX(Instances!B58:Instances!B58)-MIN(Instances!B58:Instances!B58))} -> 0 | C58: {=_xlfn.SWITCH($A$2,"average", AVERAGE(Instances!C58:Instances!C58),"median", MEDIAN(Instances!C58:Instances!C58),"min", MIN(Instances!C58:Instances!C58),"max", MAX(Instances!C58:Instances!C58),"diff", MAX(Instances!C58:Instances!C58)-MIN(Instances!C58:Instances!C58))} -> 0 | D58: {=_xlfn.SWITCH($A$2,"average", AVERAGE(Instances!D58:Instances!D58),"median", MEDIAN(Instances!D58:Instances!D58),"min", MIN(Instances!D58:Instances!D58),"max", MAX(Instances!D58:Instances!D58),"diff", MAX(Instances!D58:Instances!D58)-MIN(Instances!D58:Instances!D58))} -> 0 | E58: {=_xlfn.SWITCH($A$2,"average", AVERAGE(Instances!E58:Instances!E58),"median", MEDIAN(Instances!E58:Instances!E58),"min", MIN(Instances!E58:Instances!E58),"max", MAX(Instances!E58:Instances!E58),"diff", MAX(Instances!E58:Instances!E58)-MIN(Instances!E58:Instances!E58))} -> 0 | F58: {=_xlfn.SWITCH($A$2,"average", AVERAGE(Instances!F58:Instances!F58),"median", MEDIAN(Instances!F58:Instances!F58),"min", MIN(Instances!F58:Instances!F58),"max", MAX(Instances!F58:Instances!F58),"diff", MAX(Instances!F58:Instances!F58)-MIN(Instances!F58:Instances!F58))} -> 0 | G58: {=_xlfn.SWITCH($A$2,"average", AVERAGE(Instances!G58:Instances!G58),"median", MEDIAN(Instances!G58:Instances!G58),"min", MIN(Instances!G58:Instances!G58),"max", MAX(Instances!G58:Instances!G58),"diff", MAX(Instances!G58:Instances!G58)-MIN(Instances!G58:Instances!G58))} -> 0 | H58: {=_xlfn.SWITCH($A$2,"average", AVERAGE(Instances!H58:Instances!H58),"median", MEDIAN(Instances!H58:Instances!H58),"min", MIN(Instances!H58:Instances!H58),"max", MAX(Instances!H58:Instances!H58),"diff", MAX(Instances!H58:Instances!H58)-MIN(Instances!H58:Instances!H58))} -> 0 | I58: {=_xlfn.SWITCH($A$2,"average", AVERAGE(Instances!I58:Instances!I58),"median", MEDIAN(Instances!I58:Instances!I58),"min", MIN(Instances!I58:Instances!I58),"max", MAX(Instances!I58:Instances!I58),"diff", MAX(Instances!I58:Instances!I58)-MIN(Instances!I58:Instances!I58))} -> 0 | ... AW58: {=_xlfn.SWITCH($A$2,"average", AVERAGE(Instances!AW58:Instances!AW58),"median", MEDIAN(Instances!AW58:Instances!AW58),"min", MIN(Instances!AW58:Instances!AW58),"max", MAX(Instances!AW58:Instances!AW58),"diff", MAX(Instances!AW58:Instances!AW58)-MIN(Instances!AW58:Instances!AW58))} -> 0 | BB58: =MIN($B58,$D58,$F58,$H58,$J58,$L58,$N58,$P58,$R58,$T58,$V58,$X58,$Z58,$AB58,$AD58,$AF58,$AH58,$AJ58,$AL58,$AN58,$AP58,$AR58,$AT58,$AV58,$AX58,$AZ58) -> 0 | BC58: =MIN($C58,$E58,$G58,$I58,$K58,$M58,$O58,$Q58,$S58,$U58,$W58,$Y58,$AA58,$AC58,$AE58,$AG58,$AI58,$AK58,$AM58,$AO58,$AQ58,$AS58,$AU58,$AW58,$AY58,$BA58) -> 0 | BD58: =MEDIAN($B58,$D58,$F58,$H58,$J58,$L58,$N58,$P58,$R58,$T58,$V58,$X58,$Z58,$AB58,$AD58,$AF58,$AH58,$AJ58,$AL58,$AN58,$AP58,$AR58,$AT58,$AV58,$AX58,$AZ58) -> 0 | BE58: =MEDIAN($C58,$E58,$G58,$I58,$K58,$M58,$O58,$Q58,$S58,$U58,$W58,$Y58,$AA58,$AC58,$AE58,$AG58,$AI58,$AK58,$AM58,$AO58,$AQ58,$AS58,$AU58,$AW58,$AY58,$BA58) -> 0 | BF58: =MAX($B58,$D58,$F58,$H58,$J58,$L58,$N58,$P58,$R58,$T58,$V58,$X58,$Z58,$AB58,$AD58,$AF58,$AH58,$AJ58,$AL58,$AN58,$AP58,$AR58,$AT58,$AV58,$AX58,$AZ58) -> 0 | BG58: =MAX($C58,$E58,$G58,$I58,$K58,$M58,$O58,$Q58,$S58,$U58,$W58,$Y58,$AA58,$AC58,$AE58,$AG58,$AI58,$AK58,$AM58,$AO58,$AQ58,$AS58,$AU58,$AW58,$AY58,$BA58) -> 0
A59: ./cargobike-200_user-input-0 | B59: {=_xlfn.SWITCH($A$2,"average", AVERAGE(Instances!B59:Instances!B59),"median", MEDIAN(Instances!B59:Instances!B59),"min", MIN(Instances!B59:Instances!B59),"max", MAX(Instances!B59:Instances!B59),"diff", MAX(Instances!B59:Instances!B59)-MIN(Instances!B59:Instances!B59))} -> 0 | C59: {=_xlfn.SWITCH($A$2,"average", AVERAGE(Instances!C59:Instances!C59),"median", MEDIAN(Instances!C59:Instances!C59),"min", MIN(Instances!C59:Instances!C59),"max", MAX(Instances!C59:Instances!C59),"diff", MAX(Instances!C59:Instances!C59)-MIN(Instances!C59:Instances!C59))} -> 0 | D59: {=_xlfn.SWITCH($A$2,"average", AVERAGE(Instances!D59:Instances!D59),"median", MEDIAN(Instances!D59:Instances!D59),"min", MIN(Instances!D59:Instances!D59),"max", MAX(Instances!D59:Instances!D59),"diff", MAX(Instances!D59:Instances!D59)-MIN(Instances!D59:Instances!D59))} -> 0 | E59: {=_xlfn.SWITCH($A$2,"average", AVERAGE(Instances!E59:Instances!E59),"median", MEDIAN(Instances!E59:Instances!E59),"min", MIN(Instances!E59:Instances!E59),"max", MAX(Instances!E59:Instances!E59),"diff", MAX(Instances!E59:Instances!E59)-MIN(Instances!E59:Instances!E59))} -> 0 | F59: {=_xlfn.SWITCH($A$2,"average", AVERAGE(Instances!F59:Instances!F59),"median", MEDIAN(Instances!F59:Instances!F59),"min", MIN(Instances!F59:Instances!F59),"max", MAX(Instances!F59:Instances!F59),"diff", MAX(Instances!F59:Instances!F59)-MIN(Instances!F59:Instances!F59))} -> 0 | G59: {=_xlfn.SWITCH($A$2,"average", AVERAGE(Instances!G59:Instances!G59),"median", MEDIAN(Instances!G59:Instances!G59),"min", MIN(Instances!G59:Instances!G59),"max", MAX(Instances!G59:Instances!G59),"diff", MAX(Instances!G59:Instances!G59)-MIN(Instances!G59:Instances!G59))} -> 0 | H59: {=_xlfn.SWITCH($A$2,"average", AVERAGE(Instances!H59:Instances!H59),"median", MEDIAN(Instances!H59:Instances!H59),"min", MIN(Instances!H59:Instances!H59),"max", MAX(Instances!H59:Instances!H59),"diff", MAX(Instances!H59:Instances!H59)-MIN(Instances!H59:Instances!H59))} -> 0 | I59: {=_xlfn.SWITCH($A$2,"average", AVERAGE(Instances!I59:Instances!I59),"median", MEDIAN(Instances!I59:Instances!I59),"min", MIN(Instances!I59:Instances!I59),"max", MAX(Instances!I59:Instances!I59),"diff", MAX(Instances!I59:Instances!I59)-MIN(Instances!I59:Instances!I59))} -> 0 | ... AW59: {=_xlfn.SWITCH($A$2,"average", AVERAGE(Instances!AW59:Instances!AW59),"median", MEDIAN(Instances!AW59:Instances!AW59),"min", MIN(Instances!AW59:Instances!AW59),"max", MAX(Instances!AW59:Instances!AW59),"diff", MAX(Instances!AW59:Instances!AW59)-MIN(Instances!AW59:Instances!AW59))} -> 0 | BB59: =MIN($B59,$D59,$F59,$H59,$J59,$L59,$N59,$P59,$R59,$T59,$V59,$X59,$Z59,$AB59,$AD59,$AF59,$AH59,$AJ59,$AL59,$AN59,$AP59,$AR59,$AT59,$AV59,$AX59,$AZ59) -> 0 | BC59: =MIN($C59,$E59,$G59,$I59,$K59,$M59,$O59,$Q59,$S59,$U59,$W59,$Y59,$AA59,$AC59,$AE59,$AG59,$AI59,$AK59,$AM59,$AO59,$AQ59,$AS59,$AU59,$AW59,$AY59,$BA59) -> 0 | BD59: =MEDIAN($B59,$D59,$F59,$H59,$J59,$L59,$N59,$P59,$R59,$T59,$V59,$X59,$Z59,$AB59,$AD59,$AF59,$AH59,$AJ59,$AL59,$AN59,$AP59,$AR59,$AT59,$AV59,$AX59,$AZ59) -> 0 | BE59: =MEDIAN($C59,$E59,$G59,$I59,$K59,$M59,$O59,$Q59,$S59,$U59,$W59,$Y59,$AA59,$AC59,$AE59,$AG59,$AI59,$AK59,$AM59,$AO59,$AQ59,$AS59,$AU59,$AW59,$AY59,$BA59) -> 0 | BF59: =MAX($B59,$D59,$F59,$H59,$J59,$L59,$N59,$P59,$R59,$T59,$V59,$X59,$Z59,$AB59,$AD59,$AF59,$AH59,$AJ59,$AL59,$AN59,$AP59,$AR59,$AT59,$AV59,$AX59,$AZ59) -> 0 | BG59: =MAX($C59,$E59,$G59,$I59,$K59,$M59,$O59,$Q59,$S59,$U59,$W59,$Y59,$AA59,$AC59,$AE59,$AG59,$AI59,$AK59,$AM59,$AO59,$AQ59,$AS59,$AU59,$AW59,$AY59,$BA59) -> 0
A60: ./cargobike-200_user-input-1 | B60: {=_xlfn.SWITCH($A$2,"average", AVERAGE(Instances!B60:Instances!B60),"median", MEDIAN(Instances!B60:Instances!B60),"min", MIN(Instances!B60:Instances!B60),"max", MAX(Instances!B60:Instances!B60),"diff", MAX(Instances!B60:Instances!B60)-MIN(Instances!B60:Instances!B60))} -> 0 | C60: {=_xlfn.SWITCH($A$2,"average", AVERAGE(Instances!C60:Instances!C60),"median", MEDIAN(Instances!C60:Instances!C60),"min", MIN(Instances!C60:Instances!C60),"max", MAX(Instances!C60:Instances!C60),"diff", MAX(Instances!C60:Instances!C60)-MIN(Instances!C60:Instances!C60))} -> 0 | D60: {=_xlfn.SWITCH($A$2,"average", AVERAGE(Instances!D60:Instances!D60),"median", MEDIAN(Instances!D60:Instances!D60),"min", MIN(Instances!D60:Instances!D60),"max", MAX(Instances!D60:Instances!D60),"diff", MAX(Instances!D60:Instances!D60)-MIN(Instances!D60:Instances!D60))} -> 0 | E60: {=_xlfn.SWITCH($A$2,"average", AVERAGE(Instances!E60:Instances!E60),"median", MEDIAN(Instances!E60:Instances!E60),"min", MIN(Instances!E60:Instances!E60),"max", MAX(Instances!E60:Instances!E60),"diff", MAX(Instances!E60:Instances!E60)-MIN(Instances!E60:Instances!E60))} -> 0 | F60: {=_xlfn.SWITCH($A$2,"average", AVERAGE(Instances!F60:Instances!F60),"median", MEDIAN(Instances!F60:Instances!F60),"min", MIN(Instances!F60:Instances!F60),"max", MAX(Instances!F60:Instances!F60),"diff", MAX(Instances!F60:Instances!F60)-MIN(Instances!F60:Instances!F60))} -> 0 | G60: {=_xlfn.SWITCH($A$2,"average", AVERAGE(Instances!G60:Instances!G60),"median", MEDIAN(Instances!G60:Instances!G60),"min", MIN(Instances!G60:Instances!G60),"max", MAX(Instances!G60:Instances!G60),"diff", MAX(Instances!G60:Instances!G60)-MIN(Instances!G60:Instances!G60))} -> 0 | H60: {=_xlfn.SWITCH($A$2,"average", AVERAGE(Instances!H60:Instances!H60),"median", MEDIAN(Instances!H60:Instances!H60),"min", MIN(Instances!H60:Instances!H60),"max", MAX(Instances!H60:Instances!H60),"diff", MAX(Instances!H60:Instances!H60)-MIN(Instances!H60:Instances!H60))} -> 0 | I60: {=_xlfn.SWITCH($A$2,"average", AVERAGE(Instances!I60:Instances!I60),"median", MEDIAN(Instances!I60:Instances!I60),"min", MIN(Instances!I60:Instances!I60),"max", MAX(Instances!I60:Instances!I60),"diff", MAX(Instances!I60:Instances!I60)-MIN(Instances!I60:Instances!I60))} -> 0 | ... AW60: {=_xlfn.SWITCH($A$2,"average", AVERAGE(Instances!AW60:Instances!AW60),"median", MEDIAN(Instances!AW60:Instances!AW60),"min", MIN(Instances!AW60:Instances!AW60),"max", MAX(Instances!AW60:Instances!AW60),"diff", MAX(Instances!AW60:Instances!AW60)-MIN(Instances!AW60:Instances!AW60))} -> 0 | BB60: =MIN($B60,$D60,$F60,$H60,$J60,$L60,$N60,$P60,$R60,$T60,$V60,$X60,$Z60,$AB60,$AD60,$AF60,$AH60,$AJ60,$AL60,$AN60,$AP60,$AR60,$AT60,$AV60,$AX60,$AZ60) -> 0 | BC60: =MIN($C60,$E60,$G60,$I60,$K60,$M60,$O60,$Q60,$S60,$U60,$W60,$Y60,$AA60,$AC60,$AE60,$AG60,$AI60,$AK60,$AM60,$AO60,$AQ60,$AS60,$AU60,$AW60,$AY60,$BA60) -> 0 | BD60: =MEDIAN($B60,$D60,$F60,$H60,$J60,$L60,$N60,$P60,$R60,$T60,$V60,$X60,$Z60,$AB60,$AD60,$AF60,$AH60,$AJ60,$AL60,$AN60,$AP60,$AR60,$AT60,$AV60,$AX60,$AZ60) -> 0 | BE60: =MEDIAN($C60,$E60,$G60,$I60,$K60,$M60,$O60,$Q60,$S60,$U60,$W60,$Y60,$AA60,$AC60,$AE60,$AG60,$AI60,$AK60,$AM60,$AO60,$AQ60,$AS60,$AU60,$AW60,$AY60,$BA60) -> 0 | BF60: =MAX($B60,$D60,$F60,$H60,$J60,$L60,$N60,$P60,$R60,$T60,$V60,$X60,$Z60,$AB60,$AD60,$AF60,$AH60,$AJ60,$AL60,$AN60,$AP60,$AR60,$AT60,$AV60,$AX60,$AZ60) -> 0 | BG60: =MAX($C60,$E60,$G60,$I60,$K60,$M60,$O60,$Q60,$S60,$U60,$W60,$Y60,$AA60,$AC60,$AE60,$AG60,$AI60,$AK60,$AM60,$AO60,$AQ60,$AS60,$AU60,$AW60,$AY60,$BA60) -> 0
A61: ./cargobike-200_user-input-2 | B61: {=_xlfn.SWITCH($A$2,"average", AVERAGE(Instances!B61:Instances!B61),"median", MEDIAN(Instances!B61:Instances!B61),"min", MIN(Instances!B61:Instances!B61),"max", MAX(Instances!B61:Instances!B61),"diff", MAX(Instances!B61:Instances!B61)-MIN(Instances!B61:Instances!B61))} -> 0 | C61: {=_xlfn.SWITCH($A$2,"average", AVERAGE(Instances!C61:Instances!C61),"median", MEDIAN(Instances!C61:Instances!C61),"min", MIN(Instances!C61:Instances!C61),"max", MAX(Instances!C61:Instances!C61),"diff", MAX(Instances!C61:Instances!C61)-MIN(Instances!C61:Instances!C61))} -> 0 | D61: {=_xlfn.SWITCH($A$2,"average", AVERAGE(Instances!D61:Instances!D61),"median", MEDIAN(Instances!D61:Instances!D61),"min", MIN(Instances!D61:Instances!D61),"max", MAX(Instances!D61:Instances!D61),"diff", MAX(Instances!D61:Instances!D61)-MIN(Instances!D61:Instances!D61))} -> 0 | E61: {=_xlfn.SWITCH($A$2,"average", AVERAGE(Instances!E61:Instances!E61),"median", MEDIAN(Instances!E61:Instances!E61),"min", MIN(Instances!E61:Instances!E61),"max", MAX(Instances!E61:Instances!E61),"diff", MAX(Instances!E61:Instances!E61)-MIN(Instances!E61:Instances!E61))} -> 0 | F61: {=_xlfn.SWITCH($A$2,"average", AVERAGE(Instances!F61:Instances!F61),"median", MEDIAN(Instances!F61:Instances!F61),"min", MIN(Instances!F61:Instances!F61),"max", MAX(Instances!F61:Instances!F61),"diff", MAX(Instances!F61:Instances!F61)-MIN(Instances!F61:Instances!F61))} -> 0 | G61: {=_xlfn.SWITCH($A$2,"average", AVERAGE(Instances!G61:Instances!G61),"median", MEDIAN(Instances!G61:Instances!G61),"min", MIN(Instances!G61:Instances!G61),"max", MAX(Instances!G61:Instances!G61),"diff", MAX(Instances!G61:Instances!G61)-MIN(Instances!G61:Instances!G61))} -> 0 | H61: {=_xlfn.SWITCH($A$2,"average", AVERAGE(Instances!H61:Instances!H61),"median", MEDIAN(Instances!H61:Instances!H61),"min", MIN(Instances!H61:Instances!H61),"max", MAX(Instances!H61:Instances!H61),"diff", MAX(Instances!H61:Instances!H61)-MIN(Instances!H61:Instances!H61))} -> 0 | I61: {=_xlfn.SWITCH($A$2,"average", AVERAGE(Instances!I61:Instances!I61),"median", MEDIAN(Instances!I61:Instances!I61),"min", MIN(Instances!I61:Instances!I61),"max", MAX(Instances!I61:Instances!I61),"diff", MAX(Instances!I61:Instances!I61)-MIN(Instances!I61:Instances!I61))} -> 0 | ... AW61: {=_xlfn.SWITCH($A$2,"average", AVERAGE(Instances!AW61:Instances!AW61),"median", MEDIAN(Instances!AW61:Instances!AW61),"min", MIN(Instances!AW61:Instances!AW61),"max", MAX(Instances!AW61:Instances!AW61),"diff", MAX(Instances!AW61:Instances!AW61)-MIN(Instances!AW61:Instances!AW61))} -> 0 | BB61: =MIN($B61,$D61,$F61,$H61,$J61,$L61,$N61,$P61,$R61,$T61,$V61,$X61,$Z61,$AB61,$AD61,$AF61,$AH61,$AJ61,$AL61,$AN61,$AP61,$AR61,$AT61,$AV61,$AX61,$AZ61) -> 0 | BC61: =MIN($C61,$E61,$G61,$I61,$K61,$M61,$O61,$Q61,$S61,$U61,$W61,$Y61,$AA61,$AC61,$AE61,$AG61,$AI61,$AK61,$AM61,$AO61,$AQ61,$AS61,$AU61,$AW61,$AY61,$BA61) -> 0 | BD61: =MEDIAN($B61,$D61,$F61,$H61,$J61,$L61,$N61,$P61,$R61,$T61,$V61,$X61,$Z61,$AB61,$AD61,$AF61,$AH61,$AJ61,$AL61,$AN61,$AP61,$AR61,$AT61,$AV61,$AX61,$AZ61) -> 0 | BE61: =MEDIAN($C61,$E61,$G61,$I61,$K61,$M61,$O61,$Q61,$S61,$U61,$W61,$Y61,$AA61,$AC61,$AE61,$AG61,$AI61,$AK61,$AM61,$AO61,$AQ61,$AS61,$AU61,$AW61,$AY61,$BA61) -> 0 | BF61: =MAX($B61,$D61,$F61,$H61,$J61,$L61,$N61,$P61,$R61,$T61,$V61,$X61,$Z61,$AB61,$AD61,$AF61,$AH61,$AJ61,$AL61,$AN61,$AP61,$AR61,$AT61,$AV61,$AX61,$AZ61) -> 0 | BG61: =MAX($C61,$E61,$G61,$I61,$K61,$M61,$O61,$Q61,$S61,$U61,$W61,$Y61,$AA61,$AC61,$AE61,$AG61,$AI61,$AK61,$AM61,$AO61,$AQ61,$AS61,$AU61,$AW61,$AY61,$BA61) -> 0
A62: ./cargobike-200_user-input-3 | B62: {=_xlfn.SWITCH($A$2,"average", AVERAGE(Instances!B62:Instances!B62),"median", MEDIAN(Instances!B62:Instances!B62),"min", MIN(Instances!B62:Instances!B62),"max", MAX(Instances!B62:Instances!B62),"diff", MAX(Instances!B62:Instances!B62)-MIN(Instances!B62:Instances!B62))} -> 0 | C62: {=_xlfn.SWITCH($A$2,"average", AVERAGE(Instances!C62:Instances!C62),"median", MEDIAN(Instances!C62:Instances!C62),"min", MIN(Instances!C62:Instances!C62),"max", MAX(Instances!C62:Instances!C62),"diff", MAX(Instances!C62:Instances!C62)-MIN(Instances!C62:Instances!C62))} -> 0 | D62: {=_xlfn.SWITCH($A$2,"average", AVERAGE(Instances!D62:Instances!D62),"median", MEDIAN(Instances!D62:Instances!D62),"min", MIN(Instances!D62:Instances!D62),"max", MAX(Instances!D62:Instances!D62),"diff", MAX(Instances!D62:Instances!D62)-MIN(Instances!D62:Instances!D62))} -> 0 | E62: {=_xlfn.SWITCH($A$2,"average", AVERAGE(Instances!E62:Instances!E62),"median", MEDIAN(Instances!E62:Instances!E62),"min", MIN(Instances!E62:Instances!E62),"max", MAX(Instances!E62:Instances!E62),"diff", MAX(Instances!E62:Instances!E62)-MIN(Instances!E62:Instances!E62))} -> 0 | F62: {=_xlfn.SWITCH($A$2,"average", AVERAGE(Instances!F62:Instances!F62),"median", MEDIAN(Instances!F62:Instances!F62),"min", MIN(Instances!F62:Instances!F62),"max", MAX(Instances!F62:Instances!F62),"diff", MAX(Instances!F62:Instances!F62)-MIN(Instances!F62:Instances!F62))} -> 0 | G62: {=_xlfn.SWITCH($A$2,"average", AVERAGE(Instances!G62:Instances!G62),"median", MEDIAN(Instances!G62:Instances!G62),"min", MIN(Instances!G62:Instances!G62),"max", MAX(Instances!G62:Instances!G62),"diff", MAX(Instances!G62:Instances!G62)-MIN(Instances!G62:Instances!G62))} -> 0 | H62: {=_xlfn.SWITCH($A$2,"average", AVERAGE(Instances!H62:Instances!H62),"median", MEDIAN(Instances!H62:Instances!H62),"min", MIN(Instances!H62:Instances!H62),"max", MAX(Instances!H62:Instances!H62),"diff", MAX(Instances!H62:Instances!H62)-MIN(Instances!H62:Instances!H62))} -> 0 | I62: {=_xlfn.SWITCH($A$2,"average", AVERAGE(Instances!I62:Instances!I62),"median", MEDIAN(Instances!I62:Instances!I62),"min", MIN(Instances!I62:Instances!I62),"max", MAX(Instances!I62:Instances!I62),"diff", MAX(Instances!I62:Instances!I62)-MIN(Instances!I62:Instances!I62))} -> 0 | ... AW62: {=_xlfn.SWITCH($A$2,"average", AVERAGE(Instances!AW62:Instances!AW62),"median", MEDIAN(Instances!AW62:Instances!AW62),"min", MIN(Instances!AW62:Instances!AW62),"max", MAX(Instances!AW62:Instances!AW62),"diff", MAX(Instances!AW62:Instances!AW62)-MIN(Instances!AW62:Instances!AW62))} -> 0 | BB62: =MIN($B62,$D62,$F62,$H62,$J62,$L62,$N62,$P62,$R62,$T62,$V62,$X62,$Z62,$AB62,$AD62,$AF62,$AH62,$AJ62,$AL62,$AN62,$AP62,$AR62,$AT62,$AV62,$AX62,$AZ62) -> 0 | BC62: =MIN($C62,$E62,$G62,$I62,$K62,$M62,$O62,$Q62,$S62,$U62,$W62,$Y62,$AA62,$AC62,$AE62,$AG62,$AI62,$AK62,$AM62,$AO62,$AQ62,$AS62,$AU62,$AW62,$AY62,$BA62) -> 0 | BD62: =MEDIAN($B62,$D62,$F62,$H62,$J62,$L62,$N62,$P62,$R62,$T62,$V62,$X62,$Z62,$AB62,$AD62,$AF62,$AH62,$AJ62,$AL62,$AN62,$AP62,$AR62,$AT62,$AV62,$AX62,$AZ62) -> 0 | BE62: =MEDIAN($C62,$E62,$G62,$I62,$K62,$M62,$O62,$Q62,$S62,$U62,$W62,$Y62,$AA62,$AC62,$AE62,$AG62,$AI62,$AK62,$AM62,$AO62,$AQ62,$AS62,$AU62,$AW62,$AY62,$BA62) -> 0 | BF62: =MAX($B62,$D62,$F62,$H62,$J62,$L62,$N62,$P62,$R62,$T62,$V62,$X62,$Z62,$AB62,$AD62,$AF62,$AH62,$AJ62,$AL62,$AN62,$AP62,$AR62,$AT62,$AV62,$AX62,$AZ62) -> 0 | BG62: =MAX($C62,$E62,$G62,$I62,$K62,$M62,$O62,$Q62,$S62,$U62,$W62,$Y62,$AA62,$AC62,$AE62,$AG62,$AI62,$AK62,$AM62,$AO62,$AQ62,$AS62,$AU62,$AW62,$AY62,$BA62) -> 0
A63: ./cargobike-200_user-input-4 | B63: {=_xlfn.SWITCH($A$2,"average", AVERAGE(Instances!B63:Instances!B63),"median", MEDIAN(Instances!B63:Instances!B63),"min", MIN(Instances!B63:Instances!B63),"max", MAX(Instances!B63:Instances!B63),"diff", MAX(Instances!B63:Instances!B63)-MIN(Instances!B63:Instances!B63))} -> 0 | C63: {=_xlfn.SWITCH($A$2,"average", AVERAGE(Instances!C63:Instances!C63),"median", MEDIAN(Instances!C63:Instances!C63),"min", MIN(Instances!C63:Instances!C63),"max", MAX(Instances!C63:Instances!C63),"diff", MAX(Instances!C63:Instances!C63)-MIN(Instances!C63:Instances!C63))} -> 0 | D63: {=_xlfn.SWITCH($A$2,"average", AVERAGE(Instances!D63:Instances!D63),"median", MEDIAN(Instances!D63:Instances!D63),"min", MIN(Instances!D63:Instances!D63),"max", MAX(Instances!D63:Instances!D63),"diff", MAX(Instances!D63:Instances!D63)-MIN(Instances!D63:Instances!D63))} -> 0 | E63: {=_xlfn.SWITCH($A$2,"average", AVERAGE(Instances!E63:Instances!E63),"median", MEDIAN(Instances!E63:Instances!E63),"min", MIN(Instances!E63:Instances!E63),"max", MAX(Instances!E63:Instances!E63),"diff", MAX(Instances!E63:Instances!E63)-MIN(Instances!E63:Instances!E63))} -> 0 | F63: {=_xlfn.SWITCH($A$2,"average", AVERAGE(Instances!F63:Instances!F63),"median", MEDIAN(Instances!F63:Instances!F63),"min", MIN(Instances!F63:Instances!F63),"max", MAX(Instances!F63:Instances!F63),"diff", MAX(Instances!F63:Instances!F63)-MIN(Instances!F63:Instances!F63))} -> 0 | G63: {=_xlfn.SWITCH($A$2,"average", AVERAGE(Instances!G63:Instances!G63),"median", MEDIAN(Instances!G63:Instances!G63),"min", MIN(Instances!G63:Instances!G63),"max", MAX(Instances!G63:Instances!G63),"diff", MAX(Instances!G63:Instances!G63)-MIN(Instances!G63:Instances!G63))} -> 0 | H63: {=_xlfn.SWITCH($A$2,"average", AVERAGE(Instances!H63:Instances!H63),"median", MEDIAN(Instances!H63:Instances!H63),"min", MIN(Instances!H63:Instances!H63),"max", MAX(Instances!H63:Instances!H63),"diff", MAX(Instances!H63:Instances!H63)-MIN(Instances!H63:Instances!H63))} -> 0 | I63: {=_xlfn.SWITCH($A$2,"average", AVERAGE(Instances!I63:Instances!I63),"median", MEDIAN(Instances!I63:Instances!I63),"min", MIN(Instances!I63:Instances!I63),"max", MAX(Instances!I63:Instances!I63),"diff", MAX(Instances!I63:Instances!I63)-MIN(Instances!I63:Instances!I63))} -> 0 | ... AW63: {=_xlfn.SWITCH($A$2,"average", AVERAGE(Instances!AW63:Instances!AW63),"median", MEDIAN(Instances!AW63:Instances!AW63),"min", MIN(Instances!AW63:Instances!AW63),"max", MAX(Instances!AW63:Instances!AW63),"diff", MAX(Instances!AW63:Instances!AW63)-MIN(Instances!AW63:Instances!AW63))} -> 0 | BB63: =MIN($B63,$D63,$F63,$H63,$J63,$L63,$N63,$P63,$R63,$T63,$V63,$X63,$Z63,$AB63,$AD63,$AF63,$AH63,$AJ63,$AL63,$AN63,$AP63,$AR63,$AT63,$AV63,$AX63,$AZ63) -> 0 | BC63: =MIN($C63,$E63,$G63,$I63,$K63,$M63,$O63,$Q63,$S63,$U63,$W63,$Y63,$AA63,$AC63,$AE63,$AG63,$AI63,$AK63,$AM63,$AO63,$AQ63,$AS63,$AU63,$AW63,$AY63,$BA63) -> 0 | BD63: =MEDIAN($B63,$D63,$F63,$H63,$J63,$L63,$N63,$P63,$R63,$T63,$V63,$X63,$Z63,$AB63,$AD63,$AF63,$AH63,$AJ63,$AL63,$AN63,$AP63,$AR63,$AT63,$AV63,$AX63,$AZ63) -> 0 | BE63: =MEDIAN($C63,$E63,$G63,$I63,$K63,$M63,$O63,$Q63,$S63,$U63,$W63,$Y63,$AA63,$AC63,$AE63,$AG63,$AI63,$AK63,$AM63,$AO63,$AQ63,$AS63,$AU63,$AW63,$AY63,$BA63) -> 0 | BF63: =MAX($B63,$D63,$F63,$H63,$J63,$L63,$N63,$P63,$R63,$T63,$V63,$X63,$Z63,$AB63,$AD63,$AF63,$AH63,$AJ63,$AL63,$AN63,$AP63,$AR63,$AT63,$AV63,$AX63,$AZ63) -> 0 | BG63: =MAX($C63,$E63,$G63,$I63,$K63,$M63,$O63,$Q63,$S63,$U63,$W63,$Y63,$AA63,$AC63,$AE63,$AG63,$AI63,$AK63,$AM63,$AO63,$AQ63,$AS63,$AU63,$AW63,$AY63,$BA63) -> 0
A64: ./cargobike-300_user-input-0 | B64: {=_xlfn.SWITCH($A$2,"average", AVERAGE(Instances!B64:Instances!B64),"median", MEDIAN(Instances!B64:Instances!B64),"min", MIN(Instances!B64:Instances!B64),"max", MAX(Instances!B64:Instances!B64),"diff", MAX(Instances!B64:Instances!B64)-MIN(Instances!B64:Instances!B64))} -> 0 | C64: {=_xlfn.SWITCH($A$2,"average", AVERAGE(Instances!C64:Instances!C64),"median", MEDIAN(Instances!C64:Instances!C64),"min", MIN(Instances!C64:Instances!C64),"max", MAX(Instances!C64:Instances!C64),"diff", MAX(Instances!C64:Instances!C64)-MIN(Instances!C64:Instances!C64))} -> 0 | D64: {=_xlfn.SWITCH($A$2,"average", AVERAGE(Instances!D64:Instances!D64),"median", MEDIAN(Instances!D64:Instances!D64),"min", MIN(Instances!D64:Instances!D64),"max", MAX(Instances!D64:Instances!D64),"diff", MAX(Instances!D64:Instances!D64)-MIN(Instances!D64:Instances!D64))} -> 0 | E64: {=_xlfn.SWITCH($A$2,"average", AVERAGE(Instances!E64:Instances!E64),"median", MEDIAN(Instances!E64:Instances!E64),"min", MIN(Instances!E64:Instances!E64),"max", MAX(Instances!E64:Instances!E64),"diff", MAX(Instances!E64:Instances!E64)-MIN(Instances!E64:Instances!E64))} -> 0 | F64: {=_xlfn.SWITCH($A$2,"average", AVERAGE(Instances!F64:Instances!F64),"median", MEDIAN(Instances!F64:Instances!F64),"min", MIN(Instances!F64:Instances!F64),"max", MAX(Instances!F64:Instances!F64),"diff", MAX(Instances!F64:Instances!F64)-MIN(Instances!F64:Instances!F64))} -> 0 | G64: {=_xlfn.SWITCH($A$2,"average", AVERAGE(Instances!G64:Instances!G64),"median", MEDIAN(Instances!G64:Instances!G64),"min", MIN(Instances!G64:Instances!G64),"max", MAX(Instances!G64:Instances!G64),"diff", MAX(Instances!G64:Instances!G64)-MIN(Instances!G64:Instances!G64))} -> 0 | H64: {=_xlfn.SWITCH($A$2,"average", AVERAGE(Instances!H64:Instances!H64),"median", MEDIAN(Instances!H64:Instances!H64),"min", MIN(Instances!H64:Instances!H64),"max", MAX(Instances!H64:Instances!H64),"diff", MAX(Instances!H64:Instances!H64)-MIN(Instances!H64:Instances!H64))} -> 0 | I64: {=_xlfn.SWITCH($A$2,"average", AVERAGE(Instances!I64:Instances!I64),"median", MEDIAN(Instances!I64:Instances!I64),"min", MIN(Instances!I64:Instances!I64),"max", MAX(Instances!I64:Instances!I64),"diff", MAX(Instances!I64:Instances!I64)-MIN(Instances!I64:Instances!I64))} -> 0 | ... AW64: {=_xlfn.SWITCH($A$2,"average", AVERAGE(Instances!AW64:Instances!AW64),"median", MEDIAN(Instances!AW64:Instances!AW64),"min", MIN(Instances!AW64:Instances!AW64),"max", MAX(Instances!AW64:Instances!AW64),"diff", MAX(Instances!AW64:Instances!AW64)-MIN(Instances!AW64:Instances!AW64))} -> 0 | BB64: =MIN($B64,$D64,$F64,$H64,$J64,$L64,$N64,$P64,$R64,$T64,$V64,$X64,$Z64,$AB64,$AD64,$AF64,$AH64,$AJ64,$AL64,$AN64,$AP64,$AR64,$AT64,$AV64,$AX64,$AZ64) -> 0 | BC64: =MIN($C64,$E64,$G64,$I64,$K64,$M64,$O64,$Q64,$S64,$U64,$W64,$Y64,$AA64,$AC64,$AE64,$AG64,$AI64,$AK64,$AM64,$AO64,$AQ64,$AS64,$AU64,$AW64,$AY64,$BA64) -> 0 | BD64: =MEDIAN($B64,$D64,$F64,$H64,$J64,$L64,$N64,$P64,$R64,$T64,$V64,$X64,$Z64,$AB64,$AD64,$AF64,$AH64,$AJ64,$AL64,$AN64,$AP64,$AR64,$AT64,$AV64,$AX64,$AZ64) -> 0 | BE64: =MEDIAN($C64,$E64,$G64,$I64,$K64,$M64,$O64,$Q64,$S64,$U64,$W64,$Y64,$AA64,$AC64,$AE64,$AG64,$AI64,$AK64,$AM64,$AO64,$AQ64,$AS64,$AU64,$AW64,$AY64,$BA64) -> 0 | BF64: =MAX($B64,$D64,$F64,$H64,$J64,$L64,$N64,$P64,$R64,$T64,$V64,$X64,$Z64,$AB64,$AD64,$AF64,$AH64,$AJ64,$AL64,$AN64,$AP64,$AR64,$AT64,$AV64,$AX64,$AZ64) -> 0 | BG64: =MAX($C64,$E64,$G64,$I64,$K64,$M64,$O64,$Q64,$S64,$U64,$W64,$Y64,$AA64,$AC64,$AE64,$AG64,$AI64,$AK64,$AM64,$AO64,$AQ64,$AS64,$AU64,$AW64,$AY64,$BA64) -> 0
A65: ./cargobike-300_user-input-1 | B65: {=_xlfn.SWITCH($A$2,"average", AVERAGE(Instances!B65:Instances!B65),"median", MEDIAN(Instances!B65:Instances!B65),"min", MIN(Instances!B65:Instances!B65),"max", MAX(Instances!B65:Instances!B65),"diff", MAX(Instances!B65:Instances!B65)-MIN(Instances!B65:Instances!B65))} -> 0 | C65: {=_xlfn.SWITCH($A$2,"average", AVERAGE(Instances!C65:Instances!C65),"median", MEDIAN(Instances!C65:Instances!C65),"min", MIN(Instances!C65:Instances!C65),"max", MAX(Instances!C65:Instances!C65),"diff", MAX(Instances!C65:Instances!C65)-MIN(Instances!C65:Instances!C65))} -> 0 | D65: {=_xlfn.SWITCH($A$2,"average", AVERAGE(Instances!D65:Instances!D65),"median", MEDIAN(Instances!D65:Instances!D65),"min", MIN(Instances!D65:Instances!D65),"max", MAX(Instances!D65:Instances!D65),"diff", MAX(Instances!D65:Instances!D65)-MIN(Instances!D65:Instances!D65))} -> 0 | E65: {=_xlfn.SWITCH($A$2,"average", AVERAGE(Instances!E65:Instances!E65),"median", MEDIAN(Instances!E65:Instances!E65),"min", MIN(Instances!E65:Instances!E65),"max", MAX(Instances!E65:Instances!E65),"diff", MAX(Instances!E65:Instances!E65)-MIN(Instances!E65:Instances!E65))} -> 0 | F65: {=_xlfn.SWITCH($A$2,"average", AVERAGE(Instances!F65:Instances!F65),"median", MEDIAN(Instances!F65:Instances!F65),"min", MIN(Instances!F65:Instances!F65),"max", MAX(Instances!F65:Instances!F65),"diff", MAX(Instances!F65:Instances!F65)-MIN(Instances!F65:Instances!F65))} -> 0 | G65: {=_xlfn.SWITCH($A$2,"average", AVERAGE(Instances!G65:Instances!G65),"median", MEDIAN(Instances!G65:Instances!G65),"min", MIN(Instances!G65:Instances!G65),"max", MAX(Instances!G65:Instances!G65),"diff", MAX(Instances!G65:Instances!G65)-MIN(Instances!G65:Instances!G65))} -> 0 | H65: {=_xlfn.SWITCH($A$2,"average", AVERAGE(Instances!H65:Instances!H65),"median", MEDIAN(Instances!H65:Instances!H65),"min", MIN(Instances!H65:Instances!H65),"max", MAX(Instances!H65:Instances!H65),"diff", MAX(Instances!H65:Instances!H65)-MIN(Instances!H65:Instances!H65))} -> 0 | I65: {=_xlfn.SWITCH($A$2,"average", AVERAGE(Instances!I65:Instances!I65),"median", MEDIAN(Instances!I65:Instances!I65),"min", MIN(Instances!I65:Instances!I65),"max", MAX(Instances!I65:Instances!I65),"diff", MAX(Instances!I65:Instances!I65)-MIN(Instances!I65:Instances!I65))} -> 0 | ... AW65: {=_xlfn.SWITCH($A$2,"average", AVERAGE(Instances!AW65:Instances!AW65),"median", MEDIAN(Instances!AW65:Instances!AW65),"min", MIN(Instances!AW65:Instances!AW65),"max", MAX(Instances!AW65:Instances!AW65),"diff", MAX(Instances!AW65:Instances!AW65)-MIN(Instances!AW65:Instances!AW65))} -> 0 | BB65: =MIN($B65,$D65,$F65,$H65,$J65,$L65,$N65,$P65,$R65,$T65,$V65,$X65,$Z65,$AB65,$AD65,$AF65,$AH65,$AJ65,$AL65,$AN65,$AP65,$AR65,$AT65,$AV65,$AX65,$AZ65) -> 0 | BC65: =MIN($C65,$E65,$G65,$I65,$K65,$M65,$O65,$Q65,$S65,$U65,$W65,$Y65,$AA65,$AC65,$AE65,$AG65,$AI65,$AK65,$AM65,$AO65,$AQ65,$AS65,$AU65,$AW65,$AY65,$BA65) -> 0 | BD65: =MEDIAN($B65,$D65,$F65,$H65,$J65,$L65,$N65,$P65,$R65,$T65,$V65,$X65,$Z65,$AB65,$AD65,$AF65,$AH65,$AJ65,$AL65,$AN65,$AP65,$AR65,$AT65,$AV65,$AX65,$AZ65) -> 0 | BE65: =MEDIAN($C65,$E65,$G65,$I65,$K65,$M65,$O65,$Q65,$S65,$U65,$W65,$Y65,$AA65,$AC65,$AE65,$AG65,$AI65,$AK65,$AM65,$AO65,$AQ65,$AS65,$AU65,$AW65,$AY65,$BA65) -> 0 | BF65: =MAX($B65,$D65,$F65,$H65,$J65,$L65,$N65,$P65,$R65,$T65,$V65,$X65,$Z65,$AB65,$AD65,$AF65,$AH65,$AJ65,$AL65,$AN65,$AP65,$AR65,$AT65,$AV65,$AX65,$AZ65) -> 0 | BG65: =MAX($C65,$E65,$G65,$I65,$K65,$M65,$O65,$Q65,$S65,$U65,$W65,$Y65,$AA65,$AC65,$AE65,$AG65,$AI65,$AK65,$AM65,$AO65,$AQ65,$AS65,$AU65,$AW65,$AY65,$BA65) -> 0
... A103: ./cargobike-nested-500_user-input-4 | B103: {=_xlfn.SWITCH($A$2,"average", AVERAGE(Instances!B103:Instances!B103),"median", MEDIAN(Instances!B103:Instances!B103),"min", MIN(Instances!B103:Instances!B103),"max", MAX(Instances!B103:Instances!B103),"diff", MAX(Instances!B103:Instances!B103)-MIN(Instances!B103:Instances!B103))} -> 0 | C103: {=_xlfn.SWITCH($A$2,"average", AVERAGE(Instances!C103:Instances!C103),"median", MEDIAN(Instances!C103:Instances!C103),"min", MIN(Instances!C103:Instances!C103),"max", MAX(Instances!C103:Instances!C103),"diff", MAX(Instances!C103:Instances!C103)-MIN(Instances!C103:Instances!C103))} -> 0 | D103: {=_xlfn.SWITCH($A$2,"average", AVERAGE(Instances!D103:Instances!D103),"median", MEDIAN(Instances!D103:Instances!D103),"min", MIN(Instances!D103:Instances!D103),"max", MAX(Instances!D103:Instances!D103),"diff", MAX(Instances!D103:Instances!D103)-MIN(Instances!D103:Instances!D103))} -> 0 | E103: {=_xlfn.SWITCH($A$2,"average", AVERAGE(Instances!E103:Instances!E103),"median", MEDIAN(Instances!E103:Instances!E103),"min", MIN(Instances!E103:Instances!E103),"max", MAX(Instances!E103:Instances!E103),"diff", MAX(Instances!E103:Instances!E103)-MIN(Instances!E103:Instances!E103))} -> 0 | F103: {=_xlfn.SWITCH($A$2,"average", AVERAGE(Instances!F103:Instances!F103),"median", MEDIAN(Instances!F103:Instances!F103),"min", MIN(Instances!F103:Instances!F103),"max", MAX(Instances!F103:Instances!F103),"diff", MAX(Instances!F103:Instances!F103)-MIN(Instances!F103:Instances!F103))} -> 0 | G103: {=_xlfn.SWITCH($A$2,"average", AVERAGE(Instances!G103:Instances!G103),"median", MEDIAN(Instances!G103:Instances!G103),"min", MIN(Instances!G103:Instances!G103),"max", MAX(Instances!G103:Instances!G103),"diff", MAX(Instances!G103:Instances!G103)-MIN(Instances!G103:Instances!G103))} -> 0 | H103: {=_xlfn.SWITCH($A$2,"average", AVERAGE(Instances!H103:Instances!H103),"median", MEDIAN(Instances!H103:Instances!H103),"min", MIN(Instances!H103:Instances!H103),"max", MAX(Instances!H103:Instances!H103),"diff", MAX(Instances!H103:Instances!H103)-MIN(Instances!H103:Instances!H103))} -> 0 | I103: {=_xlfn.SWITCH($A$2,"average", AVERAGE(Instances!I103:Instances!I103),"median", MEDIAN(Instances!I103:Instances!I103),"min", MIN(Instances!I103:Instances!I103),"max", MAX(Instances!I103:Instances!I103),"diff", MAX(Instances!I103:Instances!I103)-MIN(Instances!I103:Instances!I103))} -> 0 | ... AW103: {=_xlfn.SWITCH($A$2,"average", AVERAGE(Instances!AW103:Instances!AW103),"median", MEDIAN(Instances!AW103:Instances!AW103),"min", MIN(Instances!AW103:Instances!AW103),"max", MAX(Instances!AW103:Instances!AW103),"diff", MAX(Instances!AW103:Instances!AW103)-MIN(Instances!AW103:Instances!AW103))} -> 0 | BB103: =MIN($B103,$D103,$F103,$H103,$J103,$L103,$N103,$P103,$R103,$T103,$V103,$X103,$Z103,$AB103,$AD103,$AF103,$AH103,$AJ103,$AL103,$AN103,$AP103,$AR103,$AT103,$AV103,$AX103,$AZ103) -> 0 | BC103: =MIN($C103,$E103,$G103,$I103,$K103,$M103,$O103,$Q103,$S103,$U103,$W103,$Y103,$AA103,$AC103,$AE103,$AG103,$AI103,$AK103,$AM103,$AO103,$AQ103,$AS103,$AU103,$AW103,$AY103,$BA103) -> 0 | BD103: =MEDIAN($B103,$D103,$F103,$H103,$J103,$L103,$N103,$P103,$R103,$T103,$V103,$X103,$Z103,$AB103,$AD103,$AF103,$AH103,$AJ103,$AL103,$AN103,$AP103,$AR103,$AT103,$AV103,$AX103,$AZ103) -> 0 | BE103: =MEDIAN($C103,$E103,$G103,$I103,$K103,$M103,$O103,$Q103,$S103,$U103,$W103,$Y103,$AA103,$AC103,$AE103,$AG103,$AI103,$AK103,$AM103,$AO103,$AQ103,$AS103,$AU103,$AW103,$AY103,$BA103) -> 0 | BF103: =MAX($B103,$D103,$F103,$H103,$J103,$L103,$N103,$P103,$R103,$T103,$V103,$X103,$Z103,$AB103,$AD103,$AF103,$AH103,$AJ103,$AL103,$AN103,$AP103,$AR103,$AT103,$AV103,$AX103,$AZ103) -> 0 | BG103: =MAX($C103,$E103,$G103,$I103,$K103,$M103,$O103,$Q103,$S103,$U103,$W103,$Y103,$AA103,$AC103,$AE103,$AG103,$AI103,$AK103,$AM103,$AO103,$AQ103,$AS103,$AU103,$AW103,$AY103,$BA103) -> 0
A105: SUM | B105: =SUM(B$3:B$103) -> 0 | C105: =SUM(C$3:C$103) -> 0 | D105: =SUM(D$3:D$103) -> 0 | E105: =SUM(E$3:E$103) -> 0 | F105: =SUM(F$3:F$103) -> 0 | G105: =SUM(G$3:G$103) -> 0 | H105: =SUM(H$3:H$103) -> 0 | I105: =SUM(I$3:I$103) -> 0 | ... BG105: =SUM(BG$3:BG$103) -> 0
A106: AVG | B106: =AVERAGE(B$3:B$103) -> 0 | C106: =AVERAGE(C$3:C$103) -> 0 | D106: =AVERAGE(D$3:D$103) -> 0 | E106: =AVERAGE(E$3:E$103) -> 0 | F106: =AVERAGE(F$3:F$103) -> 0 | G106: =AVERAGE(G$3:G$103) -> 0 | H106: =AVERAGE(H$3:H$103) -> 0 | I106: =AVERAGE(I$3:I$103) -> 0 | ... BG106: =AVERAGE(BG$3:BG$103) -> 0
A107: DEV | B107: =STDEV(B$3:B$103) -> 0 | C107: =STDEV(C$3:C$103) -> 0 | D107: =STDEV(D$3:D$103) -> 0 | E107: =STDEV(E$3:E$103) -> 0 | F107: =STDEV(F$3:F$103) -> 0 | G107: =STDEV(G$3:G$103) -> 0 | H107: =STDEV(H$3:H$103) -> 0 | I107: =STDEV(I$3:I$103) -> 0 | ... BG107: =STDEV(BG$3:BG$103) -> 0
A108: DST | B108: =SUMPRODUCT(--(B$3:B$103-$BB$3:$BB$103)^2)^0.5 -> 0 | C108: =SUMPRODUCT(--(C$3:C$103-$BC$3:$BC$103)^2)^0.5 -> 0 | D108: =SUMPRODUCT(--(D$3:D$103-$BB$3:$BB$103)^2)^0.5 -> 0 | E108: =SUMPRODUCT(--(E$3:E$103-$BC$3:$BC$103)^2)^0.5 -> 0 | F108: =SUMPRODUCT(--(F$3:F$103-$BB$3:$BB$103)^2)^0.5 -> 0 | G108: =SUMPRODUCT(--(G$3:G$103-$BC$3:$BC$103)^2)^0.5 -> 0 | H108: =SUMPRODUCT(--(H$3:H$103-$BB$3:$BB$103)^2)^0.5 -> 0 | I108: =SUMPRODUCT(--(I$3:I$103-$BC$3:$BC$103)^2)^0.5 -> 0 | J108: =SUMPRODUCT(--(J$3:J$103-$BB$3:$BB$103)^2)^0.5 -> 0 | K108: =SUMPRODUCT(--(K$3:K$103-$BC$3:$BC$103)^2)^0.5 -> 0 | L108: =SUMPRODUCT(--(L$3:L$103-$BB$3:$BB$103)^2)^0.5 -> 0 | M108: =SUMPRODUCT(--(M$3:M$103-$BC$3:$BC$103)^2)^0.5 -> 0 | N108: =SUMPRODUCT(--(N$3:N$103-$BB$3:$BB$103)^2)^0.5 -> 0 | O108: =SUMPRODUCT(--(O$3:O$103-$BC$3:$BC$103)^2)^0.5 -> 0 | P108: =SUMPRODUCT(--(P$3:P$103-$BB$3:$BB$103)^2)^0.5 -> 0 | Q108: =SUMPRODUCT(--(Q$3:Q$103-$BC$3:$BC$103)^2)^0.5 -> 0 | R108: =SUMPRODUCT(--(R$3:R$103-$BB$3:$BB$103)^2)^0.5 -> 0 | S108: =SUMPRODUCT(--(S$3:S$103-$BC$3:$BC$103)^2)^0.5 -> 0 | T108: =SUMPRODUCT(--(T$3:T$103-$BB$3:$BB$103)^2)^0.5 -> 0 | U108: =SUMPRODUCT(--(U$3:U$103-$BC$3:$BC$103)^2)^0.5 -> 0 | V108: =SUMPRODUCT(--(V$3:V$103-$BB$3:$BB$103)^2)^0.5 -> 0 | W108: =SUMPRODUCT(--(W$3:W$103-$BC$3:$BC$103)^2)^0.5 -> 0 | X108: =SUMPRODUCT(--(X$3:X$103-$BB$3:$BB$103)^2)^0.5 -> 0 | Y108: =SUMPRODUCT(--(Y$3:Y$103-$BC$3:$BC$103)^2)^0.5 -> 0 | Z108: =SUMPRODUCT(--(Z$3:Z$103-$BB$3:$BB$103)^2)^0.5 -> 0 | AA108: =SUMPRODUCT(--(AA$3:AA$103-$BC$3:$BC$103)^2)^0.5 -> 0 | AB108: =SUMPRODUCT(--(AB$3:AB$103-$BB$3:$BB$103)^2)^0.5 -> 0 | AC108: =SUMPRODUCT(--(AC$3:AC$103-$BC$3:$BC$103)^2)^0.5 -> 0 | AD108: =SUMPRODUCT(--(AD$3:AD$103-$BB$3:$BB$103)^2)^0.5 -> 0 | AE108: =SUMPRODUCT(--(AE$3:AE$103-$BC$3:$BC$103)^2)^0.5 -> 0 | AF108: =SUMPRODUCT(--(AF$3:AF$103-$BB$3:$BB$103)^2)^0.5 -> 0 | AG108: =SUMPRODUCT(--(AG$3:AG$103-$BC$3:$BC$103)^2)^0.5 -> 0 | AH108: =SUMPRODUCT(--(AH$3:AH$103-$BB$3:$BB$103)^2)^0.5 -> 0 | AI108: =SUMPRODUCT(--(AI$3:AI$103-$BC$3:$BC$103)^2)^0.5 -> 0 | AJ108: =SUMPRODUCT(--(AJ$3:AJ$103-$BB$3:$BB$103)^2)^0.5 -> 0 | AK108: =SUMPRODUCT(--(AK$3:AK$103-$BC$3:$BC$103)^2)^0.5 -> 0 | AL108: =SUMPRODUCT(--(AL$3:AL$103-$BB$3:$BB$103)^2)^0.5 -> 0 | AM108: =SUMPRODUCT(--(AM$3:AM$103-$BC$3:$BC$103)^2)^0.5 -> 0 | AN108: =SUMPRODUCT(--(AN$3:AN$103-$BB$3:$BB$103)^2)^0.5 -> 0 | AO108: =SUMPRODUCT(--(AO$3:AO$103-$BC$3:$BC$103)^2)^0.5 -> 0 | AP108: =SUMPRODUCT(--(AP$3:AP$103-$BB$3:$BB$103)^2)^0.5 -> 0 | AQ108: =SUMPRODUCT(--(AQ$3:AQ$103-$BC$3:$BC$103)^2)^0.5 -> 0 | AR108: =SUMPRODUCT(--(AR$3:AR$103-$BB$3:$BB$103)^2)^0.5 -> 0 | AS108: =SUMPRODUCT(--(AS$3:AS$103-$BC$3:$BC$103)^2)^0.5 -> 0 | AT108: =SUMPRODUCT(--(AT$3:AT$103-$BB$3:$BB$103)^2)^0.5 -> 0 | AU108: =SUMPRODUCT(--(AU$3:AU$103-$BC$3:$BC$103)^2)^0.5 -> 0 | AV108: =SUMPRODUCT(--(AV$3:AV$103-$BB$3:$BB$103)^2)^0.5 -> 0 | AW108: =SUMPRODUCT(--(AW$3:AW$103-$BC$3:$BC$103)^2)^0.5 -> 0 | AX108: =SUMPRODUCT(--(AX$3:AX$103-$BB$3:$BB$103)^2)^0.5 -> 0 | AY108: =SUMPRODUCT(--(AY$3:AY$103-$BC$3:$BC$103)^2)^0.5 -> 0 | AZ108: =SUMPRODUCT(--(AZ$3:AZ$103-$BB$3:$BB$103)^2)^0.5 -> 0 | BA108: =SUMPRODUCT(--(BA$3:BA$103-$BC$3:$BC$103)^2)^0.5 -> 0
A109: BEST | B109: =SUMPRODUCT(NOT(ISBLANK(B$3:B$103))*(B$3:B$103=$BB$3:$BB$103)) -> 0 | C109: =SUMPRODUCT(NOT(ISBLANK(C$3:C$103))*(C$3:C$103=$BC$3:$BC$103)) -> 0 | D109: =SUMPRODUCT(NOT(ISBLANK(D$3:D$103))*(D$3:D$103=$BB$3:$BB$103)) -> 0 | E109: =SUMPRODUCT(NOT(ISBLANK(E$3:E$103))*(E$3:E$103=$BC$3:$BC$103)) -> 0 | F109: =SUMPRODUCT(NOT(ISBLANK(F$3:F$103))*(F$3:F$103=$BB$3:$BB$103)) -> 0 | G109: =SUMPRODUCT(NOT(ISBLANK(G$3:G$103))*(G$3:G$103=$BC$3:$BC$103)) -> 0 | H109: =SUMPRODUCT(NOT(ISBLANK(H$3:H$103))*(H$3:H$103=$BB$3:$BB$103)) -> 0 | I109: =SUMPRODUCT(NOT(ISBLANK(I$3:I$103))*(I$3:I$103=$BC$3:$BC$103)) -> 0 | J109: =SUMPRODUCT(NOT(ISBLANK(J$3:J$103))*(J$3:J$103=$BB$3:$BB$103)) -> 0 | K109: =SUMPRODUCT(NOT(ISBLANK(K$3:K$103))*(K$3:K$103=$BC$3:$BC$103)) -> 0 | L109: =SUMPRODUCT(NOT(ISBLANK(L$3:L$103))*(L$3:L$103=$BB$3:$BB$103)) -> 0 | M109: =SUMPRODUCT(NOT(ISBLANK(M$3:M$103))*(M$3:M$103=$BC$3:$BC$103)) -> 0 | N109: =SUMPRODUCT(NOT(ISBLANK(N$3:N$103))*(N$3:N$103=$BB$3:$BB$103)) -> 0 | O109: =SUMPRODUCT(NOT(ISBLANK(O$3:O$103))*(O$3:O$103=$BC$3:$BC$103)) -> 0 | P109: =SUMPRODUCT(NOT(ISBLANK(P$3:P$103))*(P$3:P$103=$BB$3:$BB$103)) -> 0 | Q109: =SUMPRODUCT(NOT(ISBLANK(Q$3:Q$103))*(Q$3:Q$103=$BC$3:$BC$103)) -> 0 | R109: =SUMPRODUCT(NOT(ISBLANK(R$3:R$103))*(R$3:R$103=$BB$3:$BB$103)) -> 0 | S109: =SUMPRODUCT(NOT(ISBLANK(S$3:S$103))*(S$3:S$103=$BC$3:$BC$103)) -> 0 | T109: =SUMPRODUCT(NOT(ISBLANK(T$3:T$103))*(T$3:T$103=$BB$3:$BB$103)) -> 0 | U109: =SUMPRODUCT(NOT(ISBLANK(U$3:U$103))*(U$3:U$103=$BC$3:$BC$103)) -> 0 | V109: =SUMPRODUCT(NOT(ISBLANK(V$3:V$103))*(V$3:V$103=$BB$3:$BB$103)) -> 0 | W109: =SUMPRODUCT(NOT(ISBLANK(W$3:W$103))*(W$3:W$103=$BC$3:$BC$103)) -> 0 | X109: =SUMPRODUCT(NOT(ISBLANK(X$3:X$103))*(X$3:X$103=$BB$3:$BB$103)) -> 0 | Y109: =SUMPRODUCT(NOT(ISBLANK(Y$3:Y$103))*(Y$3:Y$103=$BC$3:$BC$103)) -> 0 | Z109: =SUMPRODUCT(NOT(ISBLANK(Z$3:Z$103))*(Z$3:Z$103=$BB$3:$BB$103)) -> 0 | AA109: =SUMPRODUCT(NOT(ISBLANK(AA$3:AA$103))*(AA$3:AA$103=$BC$3:$BC$103)) -> 0 | AB109: =SUMPRODUCT(NOT(ISBLANK(AB$3:AB$103))*(AB$3:AB$103=$BB$3:$BB$103)) -> 0 | AC109: =SUMPRODUCT(NOT(ISBLANK(AC$3:AC$103))*(AC$3:AC$103=$BC$3:$BC$103)) -> 0 | AD109: =SUMPRODUCT(NOT(ISBLANK(AD$3:AD$103))*(AD$3:AD$103=$BB$3:$BB$103)) -> 0 | AE109: =SUMPRODUCT(NOT(ISBLANK(AE$3:AE$103))*(AE$3:AE$103=$BC$3:$BC$103)) -> 0 | AF109: =SUMPRODUCT(NOT(ISBLANK(AF$3:AF$103))*(AF$3:AF$103=$BB$3:$BB$103)) -> 0 | AG109: =SUMPRODUCT(NOT(ISBLANK(AG$3:AG$103))*(AG$3:AG$103=$BC$3:$BC$103)) -> 0 | AH109: =SUMPRODUCT(NOT(ISBLANK(AH$3:AH$103))*(AH$3:AH$103=$BB$3:$BB$103)) -> 0 | AI109: =SUMPRODUCT(NOT(ISBLANK(AI$3:AI$103))*(AI$3:AI$103=$BC$3:$BC$103)) -> 0 | AJ109: =SUMPRODUCT(NOT(ISBLANK(AJ$3:AJ$103))*(AJ$3:AJ$103=$BB$3:$BB$103)) -> 0 | AK109: =SUMPRODUCT(NOT(ISBLANK(AK$3:AK$103))*(AK$3:AK$103=$BC$3:$BC$103)) -> 0 | AL109: =SUMPRODUCT(NOT(ISBLANK(AL$3:AL$103))*(AL$3:AL$103=$BB$3:$BB$103)) -> 0 | AM109: =SUMPRODUCT(NOT(ISBLANK(AM$3:AM$103))*(AM$3:AM$103=$BC$3:$BC$103)) -> 0 | AN109: =SUMPRODUCT(NOT(ISBLANK(AN$3:AN$103))*(AN$3:AN$103=$BB$3:$BB$103)) -> 0 | AO109: =SUMPRODUCT(NOT(ISBLANK(AO$3:AO$103))*(AO$3:AO$103=$BC$3:$BC$103)) -> 0 | AP109: =SUMPRODUCT(NOT(ISBLANK(AP$3:AP$103))*(AP$3:AP$103=$BB$3:$BB$103)) -> 0 | AQ109: =SUMPRODUCT(NOT(ISBLANK(AQ$3:AQ$103))*(AQ$3:AQ$103=$BC$3:$BC$103)) -> 0 | AR109: =SUMPRODUCT(NOT(ISBLANK(AR$3:AR$103))*(AR$3:AR$103=$BB$3:$BB$103)) -> 0 | AS109: =SUMPRODUCT(NOT(ISBLANK(AS$3:AS$103))*(AS$3:AS$103=$BC$3:$BC$103)) -> 0 | AT109: =SUMPRODUCT(NOT(ISBLANK(AT$3:AT$103))*(AT$3:AT$103=$BB$3:$BB$103)) -> 0 | AU109: =SUMPRODUCT(NOT(ISBLANK(AU$3:AU$103))*(AU$3:AU$103=$BC$3:$BC$103)) -> 0 | AV109: =SUMPRODUCT(NOT(ISBLANK(AV$3:AV$103))*(AV$3:AV$103=$BB$3:$BB$103)) -> 0 | AW109: =SUMPRODUCT(NOT(ISBLANK(AW$3:AW$103))*(AW$3:AW$103=$BC$3:$BC$103)) -> 0 | AX109: =SUMPRODUCT(NOT(ISBLANK(AX$3:AX$103))*(AX$3:AX$103=$BB$3:$BB$103)) -> 0 | AY109: =SUMPRODUCT(NOT(ISBLANK(AY$3:AY$103))*(AY$3:AY$103=$BC$3:$BC$103)) -> 0 | AZ109: =SUMPRODUCT(NOT(ISBLANK(AZ$3:AZ$103))*(AZ$3:AZ$103=$BB$3:$BB$103)) -> 0 | BA109: =SUMPRODUCT(NOT(ISBLANK(BA$3:BA$103))*(BA$3:BA$103=$BC$3:$BC$103)) -> 0
A110: BETTER | B110: =SUMPRODUCT(NOT(ISBLANK(B$3:B$103))*(B$3:B$103<$BD$3:$BD$103)) -> 0 | C110: =SUMPRODUCT(NOT(ISBLANK(C$3:C$103))*(C$3:C$103<$BE$3:$BE$103)) -> 0 | D110: =SUMPRODUCT(NOT(ISBLANK(D$3:D$103))*(D$3:D$103<$BD$3:$BD$103)) -> 0 | E110: =SUMPRODUCT(NOT(ISBLANK(E$3:E$103))*(E$3:E$103<$BE$3:$BE$103)) -> 0 | F110: =SUMPRODUCT(NOT(ISBLANK(F$3:F$103))*(F$3:F$103<$BD$3:$BD$103)) -> 0 | G110: =SUMPRODUCT(NOT(ISBLANK(G$3:G$103))*(G$3:G$103<$BE$3:$BE$103)) -> 0 | H110: =SUMPRODUCT(NOT(ISBLANK(H$3:H$103))*(H$3:H$103<$BD$3:$BD$103)) -> 0 | I110: =SUMPRODUCT(NOT(ISBLANK(I$3:I$103))*(I$3:I$103<$BE$3:$BE$103)) -> 0 | J110: =SUMPRODUCT(NOT(ISBLANK(J$3:J$103))*(J$3:J$103<$BD$3:$BD$103)) -> 0 | K110: =SUMPRODUCT(NOT(ISBLANK(K$3:K$103))*(K$3:K$103<$BE$3:$BE$103)) -> 0 | L110: =SUMPRODUCT(NOT(ISBLANK(L$3:L$103))*(L$3:L$103<$BD$3:$BD$103)) -> 0 | M110: =SUMPRODUCT(NOT(ISBLANK(M$3:M$103))*(M$3:M$103<$BE$3:$BE$103)) -> 0 | N110: =SUMPRODUCT(NOT(ISBLANK(N$3:N$103))*(N$3:N$103<$BD$3:$BD$103)) -> 0 | O110: =SUMPRODUCT(NOT(ISBLANK(O$3:O$103))*(O$3:O$103<$BE$3:$BE$103)) -> 0 | P110: =SUMPRODUCT(NOT(ISBLANK(P$3:P$103))*(P$3:P$103<$BD$3:$BD$103)) -> 0 | Q110: =SUMPRODUCT(NOT(ISBLANK(Q$3:Q$103))*(Q$3:Q$103<$BE$3:$BE$103)) -> 0 | R110: =SUMPRODUCT(NOT(ISBLANK(R$3:R$103))*(R$3:R$103<$BD$3:$BD$103)) -> 0 | S110: =SUMPRODUCT(NOT(ISBLANK(S$3:S$103))*(S$3:S$103<$BE$3:$BE$103)) -> 0 | T110: =SUMPRODUCT(NOT(ISBLANK(T$3:T$103))*(T$3:T$103<$BD$3:$BD$103)) -> 0 | U110: =SUMPRODUCT(NOT(ISBLANK(U$3:U$103))*(U$3:U$103<$BE$3:$BE$103)) -> 0 | V110: =SUMPRODUCT(NOT(ISBLANK(V$3:V$103))*(V$3:V$103<$BD$3:$BD$103)) -> 0 | W110: =SUMPRODUCT(NOT(ISBLANK(W$3:W$103))*(W$3:W$103<$BE$3:$BE$103)) -> 0 | X110: =SUMPRODUCT(NOT(ISBLANK(X$3:X$103))*(X$3:X$103<$BD$3:$BD$103)) -> 0 | Y110: =SUMPRODUCT(NOT(ISBLANK(Y$3:Y$103))*(Y$3:Y$103<$BE$3:$BE$103)) -> 0 | Z110: =SUMPRODUCT(NOT(ISBLANK(Z$3:Z$103))*(Z$3:Z$103<$BD$3:$BD$103)) -> 0 | AA110: =SUMPRODUCT(NOT(ISBLANK(AA$3:AA$103))*(AA$3:AA$103<$BE$3:$BE$103)) -> 0 | AB110: =SUMPRODUCT(NOT(ISBLANK(AB$3:AB$103))*(AB$3:AB$103<$BD$3:$BD$103)) -> 0 | AC110: =SUMPRODUCT(NOT(ISBLANK(AC$3:AC$103))*(AC$3:AC$103<$BE$3:$BE$103)) -> 0 | AD110: =SUMPRODUCT(NOT(ISBLANK(AD$3:AD$103))*(AD$3:AD$103<$BD$3:$BD$103)) -> 0 | AE110: =SUMPRODUCT(NOT(ISBLANK(AE$3:AE$103))*(AE$3:AE$103<$BE$3:$BE$103)) -> 0 | AF110: =SUMPRODUCT(NOT(ISBLANK(AF$3:AF$103))*(AF$3:AF$103<$BD$3:$BD$103)) -> 0 | AG110: =SUMPRODUCT(NOT(ISBLANK(AG$3:AG$103))*(AG$3:AG$103<$BE$3:$BE$103)) -> 0 | AH110: =SUMPRODUCT(NOT(ISBLANK(AH$3:AH$103))*(AH$3:AH$103<$BD$3:$BD$103)) -> 0 | AI110: =SUMPRODUCT(NOT(ISBLANK(AI$3:AI$103))*(AI$3:AI$103<$BE$3:$BE$103)) -> 0 | AJ110: =SUMPRODUCT(NOT(ISBLANK(AJ$3:AJ$103))*(AJ$3:AJ$103<$BD$3:$BD$103)) -> 0 | AK110: =SUMPRODUCT(NOT(ISBLANK(AK$3:AK$103))*(AK$3:AK$103<$BE$3:$BE$103)) -> 0 | AL110: =SUMPRODUCT(NOT(ISBLANK(AL$3:AL$103))*(AL$3:AL$103<$BD$3:$BD$103)) -> 0 | AM110: =SUMPRODUCT(NOT(ISBLANK(AM$3:AM$103))*(AM$3:AM$103<$BE$3:$BE$103)) -> 0 | AN110: =SUMPRODUCT(NOT(ISBLANK(AN$3:AN$103))*(AN$3:AN$103<$BD$3:$BD$103)) -> 0 | AO110: =SUMPRODUCT(NOT(ISBLANK(AO$3:AO$103))*(AO$3:AO$103<$BE$3:$BE$103)) -> 0 | AP110: =SUMPRODUCT(NOT(ISBLANK(AP$3:AP$103))*(AP$3:AP$103<$BD$3:$BD$103)) -> 0 | AQ110: =SUMPRODUCT(NOT(ISBLANK(AQ$3:AQ$103))*(AQ$3:AQ$103<$BE$3:$BE$103)) -> 0 | AR110: =SUMPRODUCT(NOT(ISBLANK(AR$3:AR$103))*(AR$3:AR$103<$BD$3:$BD$103)) -> 0 | AS110: =SUMPRODUCT(NOT(ISBLANK(AS$3:AS$103))*(AS$3:AS$103<$BE$3:$BE$103)) -> 0 | AT110: =SUMPRODUCT(NOT(ISBLANK(AT$3:AT$103))*(AT$3:AT$103<$BD$3:$BD$103)) -> 0 | AU110: =SUMPRODUCT(NOT(ISBLANK(AU$3:AU$103))*(AU$3:AU$103<$BE$3:$BE$103)) -> 0 | AV110: =SUMPRODUCT(NOT(ISBLANK(AV$3:AV$103))*(AV$3:AV$103<$BD$3:$BD$103)) -> 0 | AW110: =SUMPRODUCT(NOT(ISBLANK(AW$3:AW$103))*(AW$3:AW$103<$BE$3:$BE$103)) -> 0 | AX110: =SUMPRODUCT(NOT(ISBLANK(AX$3:AX$103))*(AX$3:AX$103<$BD$3:$BD$103)) -> 0 | AY110: =SUMPRODUCT(NOT(ISBLANK(AY$3:AY$103))*(AY$3:AY$103<$BE$3:$BE$103)) -> 0 | AZ110: =SUMPRODUCT(NOT(ISBLANK(AZ$3:AZ$103))*(AZ$3:AZ$103<$BD$3:$BD$103)) -> 0 | BA110: =SUMPRODUCT(NOT(ISBLANK(BA$3:BA$103))*(BA$3:BA$103<$BE$3:$BE$103)) -> 0
A111: WORSE | B111: =SUMPRODUCT((NOT(ISBLANK(B$3:B$103))*(B$3:B$103>$BD$3:$BD$103))+ISBLANK(B$3:B$103)) -> 0 | C111: =SUMPRODUCT((NOT(ISBLANK(C$3:C$103))*(C$3:C$103>$BE$3:$BE$103))+ISBLANK(C$3:C$103)) -> 0 | D111: =SUMPRODUCT((NOT(ISBLANK(D$3:D$103))*(D$3:D$103>$BD$3:$BD$103))+ISBLANK(D$3:D$103)) -> 0 | E111: =SUMPRODUCT((NOT(ISBLANK(E$3:E$103))*(E$3:E$103>$BE$3:$BE$103))+ISBLANK(E$3:E$103)) -> 0 | F111: =SUMPRODUCT((NOT(ISBLANK(F$3:F$103))*(F$3:F$103>$BD$3:$BD$103))+ISBLANK(F$3:F$103)) -> 0 | G111: =SUMPRODUCT((NOT(ISBLANK(G$3:G$103))*(G$3:G$103>$BE$3:$BE$103))+ISBLANK(G$3:G$103)) -> 0 | H111: =SUMPRODUCT((NOT(ISBLANK(H$3:H$103))*(H$3:H$103>$BD$3:$BD$103))+ISBLANK(H$3:H$103)) -> 0 | I111: =SUMPRODUCT((NOT(ISBLANK(I$3:I$103))*(I$3:I$103>$BE$3:$BE$103))+ISBLANK(I$3:I$103)) -> 0 | J111: =SUMPRODUCT((NOT(ISBLANK(J$3:J$103))*(J$3:J$103>$BD$3:$BD$103))+ISBLANK(J$3:J$103)) -> 0 | K111: =SUMPRODUCT((NOT(ISBLANK(K$3:K$103))*(K$3:K$103>$BE$3:$BE$103))+ISBLANK(K$3:K$103)) -> 0 | L111: =SUMPRODUCT((NOT(ISBLANK(L$3:L$103))*(L$3:L$103>$BD$3:$BD$103))+ISBLANK(L$3:L$103)) -> 0 | M111: =SUMPRODUCT((NOT(ISBLANK(M$3:M$103))*(M$3:M$103>$BE$3:$BE$103))+ISBLANK(M$3:M$103)) -> 0 | N111: =SUMPRODUCT((NOT(ISBLANK(N$3:N$103))*(N$3:N$103>$BD$3:$BD$103))+ISBLANK(N$3:N$103)) -> 0 | O111: =SUMPRODUCT((NOT(ISBLANK(O$3:O$103))*(O$3:O$103>$BE$3:$BE$103))+ISBLANK(O$3:O$103)) -> 0 | P111: =SUMPRODUCT((NOT(ISBLANK(P$3:P$103))*(P$3:P$103>$BD$3:$BD$103))+ISBLANK(P$3:P$103)) -> 0 | Q111: =SUMPRODUCT((NOT(ISBLANK(Q$3:Q$103))*(Q$3:Q$103>$BE$3:$BE$103))+ISBLANK(Q$3:Q$103)) -> 0 | R111: =SUMPRODUCT((NOT(ISBLANK(R$3:R$103))*(R$3:R$103>$BD$3:$BD$103))+ISBLANK(R$3:R$103)) -> 0 | S111: =SUMPRODUCT((NOT(ISBLANK(S$3:S$103))*(S$3:S$103>$BE$3:$BE$103))+ISBLANK(S$3:S$103)) -> 0 | T111: =SUMPRODUCT((NOT(ISBLANK(T$3:T$103))*(T$3:T$103>$BD$3:$BD$103))+ISBLANK(T$3:T$103)) -> 0 | U111: =SUMPRODUCT((NOT(ISBLANK(U$3:U$103))*(U$3:U$103>$BE$3:$BE$103))+ISBLANK(U$3:U$103)) -> 0 | V111: =SUMPRODUCT((NOT(ISBLANK(V$3:V$103))*(V$3:V$103>$BD$3:$BD$103))+ISBLANK(V$3:V$103)) -> 0 | W111: =SUMPRODUCT((NOT(ISBLANK(W$3:W$103))*(W$3:W$103>$BE$3:$BE$103))+ISBLANK(W$3:W$103)) -> 0 | X111: =SUMPRODUCT((NOT(ISBLANK(X$3:X$103))*(X$3:X$103>$BD$3:$BD$103))+ISBLANK(X$3:X$103)) -> 0 | Y111: =SUMPRODUCT((NOT(ISBLANK(Y$3:Y$103))*(Y$3:Y$103>$BE$3:$BE$103))+ISBLANK(Y$3:Y$103)) -> 0 | Z111: =SUMPRODUCT((NOT(ISBLANK(Z$3:Z$103))*(Z$3:Z$103>$BD$3:$BD$103))+ISBLANK(Z$3:Z$103)) -> 0 | AA111: =SUMPRODUCT((NOT(ISBLANK(AA$3:AA$103))*(AA$3:AA$103>$BE$3:$BE$103))+ISBLANK(AA$3:AA$103)) -> 0 | AB111: =SUMPRODUCT((NOT(ISBLANK(AB$3:AB$103))*(AB$3:AB$103>$BD$3:$BD$103))+ISBLANK(AB$3:AB$103)) -> 0 | AC111: =SUMPRODUCT((NOT(ISBLANK(AC$3:AC$103))*(AC$3:AC$103>$BE$3:$BE$103))+ISBLANK(AC$3:AC$103)) -> 0 | AD111: =SUMPRODUCT((NOT(ISBLANK(AD$3:AD$103))*(AD$3:AD$103>$BD$3:$BD$103))+ISBLANK(AD$3:AD$103)) -> 0 | AE111: =SUMPRODUCT((NOT(ISBLANK(AE$3:AE$103))*(AE$3:AE$103>$BE$3:$BE$103))+ISBLANK(AE$3:AE$103)) -> 0 | AF111: =SUMPRODUCT((NOT(ISBLANK(AF$3:AF$103))*(AF$3:AF$103>$BD$3:$BD$103))+ISBLANK(AF$3:AF$103)) -> 0 | AG111: =SUMPRODUCT((NOT(ISBLANK(AG$3:AG$103))*(AG$3:AG$103>$BE$3:$BE$103))+ISBLANK(AG$3:AG$103)) -> 0 | AH111: =SUMPRODUCT((NOT(ISBLANK(AH$3:AH$103))*(AH$3:AH$103>$BD$3:$BD$103))+ISBLANK(AH$3:AH$103)) -> 0 | AI111: =SUMPRODUCT((NOT(ISBLANK(AI$3:AI$103))*(AI$3:AI$103>$BE$3:$BE$103))+ISBLANK(AI$3:AI$103)) -> 0 | AJ111: =SUMPRODUCT((NOT(ISBLANK(AJ$3:AJ$103))*(AJ$3:AJ$103>$BD$3:$BD$103))+ISBLANK(AJ$3:AJ$103)) -> 0 | AK111: =SUMPRODUCT((NOT(ISBLANK(AK$3:AK$103))*(AK$3:AK$103>$BE$3:$BE$103))+ISBLANK(AK$3:AK$103)) -> 0 | AL111: =SUMPRODUCT((NOT(ISBLANK(AL$3:AL$103))*(AL$3:AL$103>$BD$3:$BD$103))+ISBLANK(AL$3:AL$103)) -> 0 | AM111: =SUMPRODUCT((NOT(ISBLANK(AM$3:AM$103))*(AM$3:AM$103>$BE$3:$BE$103))+ISBLANK(AM$3:AM$103)) -> 0 | AN111: =SUMPRODUCT((NOT(ISBLANK(AN$3:AN$103))*(AN$3:AN$103>$BD$3:$BD$103))+ISBLANK(AN$3:AN$103)) -> 0 | AO111: =SUMPRODUCT((NOT(ISBLANK(AO$3:AO$103))*(AO$3:AO$103>$BE$3:$BE$103))+ISBLANK(AO$3:AO$103)) -> 0 | AP111: =SUMPRODUCT((NOT(ISBLANK(AP$3:AP$103))*(AP$3:AP$103>$BD$3:$BD$103))+ISBLANK(AP$3:AP$103)) -> 0 | AQ111: =SUMPRODUCT((NOT(ISBLANK(AQ$3:AQ$103))*(AQ$3:AQ$103>$BE$3:$BE$103))+ISBLANK(AQ$3:AQ$103)) -> 0 | AR111: =SUMPRODUCT((NOT(ISBLANK(AR$3:AR$103))*(AR$3:AR$103>$BD$3:$BD$103))+ISBLANK(AR$3:AR$103)) -> 0 | AS111: =SUMPRODUCT((NOT(ISBLANK(AS$3:AS$103))*(AS$3:AS$103>$BE$3:$BE$103))+ISBLANK(AS$3:AS$103)) -> 0 | AT111: =SUMPRODUCT((NOT(ISBLANK(AT$3:AT$103))*(AT$3:AT$103>$BD$3:$BD$103))+ISBLANK(AT$3:AT$103)) -> 0 | AU111: =SUMPRODUCT((NOT(ISBLANK(AU$3:AU$103))*(AU$3:AU$103>$BE$3:$BE$103))+ISBLANK(AU$3:AU$103)) -> 0 | AV111: =SUMPRODUCT((NOT(ISBLANK(AV$3:AV$103))*(AV$3:AV$103>$BD$3:$BD$103))+ISBLANK(AV$3:AV$103)) -> 0 | AW111: =SUMPRODUCT((NOT(ISBLANK(AW$3:AW$103))*(AW$3:AW$103>$BE$3:$BE$103))+ISBLANK(AW$3:AW$103)) -> 0 | AX111: =SUMPRODUCT((NOT(ISBLANK(AX$3:AX$103))*(AX$3:AX$103>$BD$3:$BD$103))+ISBLANK(AX$3:AX$103)) -> 0 | AY111: =SUMPRODUCT((NOT(ISBLANK(AY$3:AY$103))*(AY$3:AY$103>$BE$3:$BE$103))+ISBLANK(AY$3:AY$103)) -> 0 | AZ111: =SUMPRODUCT((NOT(ISBLANK(AZ$3:AZ$103))*(AZ$3:AZ$103>$BD$3:$BD$103))+ISBLANK(AZ$3:AZ$103)) -> 0 | BA111: =SUMPRODUCT((NOT(ISBLANK(BA$3:BA$103))*(BA$3:BA$103>$BE$3:$BE$103))+ISBLANK(BA$3:BA$103)) -> 0
A112: WORST | B112: =SUMPRODUCT((NOT(ISBLANK(B$3:B$103))*(B$3:B$103=$BF$3:$BF$103))+ISBLANK(B$3:B$103)) -> 0 | C112: =SUMPRODUCT((NOT(ISBLANK(C$3:C$103))*(C$3:C$103=$BG$3:$BG$103))+ISBLANK(C$3:C$103)) -> 0 | D112: =SUMPRODUCT((NOT(ISBLANK(D$3:D$103))*(D$3:D$103=$BF$3:$BF$103))+ISBLANK(D$3:D$103)) -> 0 | E112: =SUMPRODUCT((NOT(ISBLANK(E$3:E$103))*(E$3:E$103=$BG$3:$BG$103))+ISBLANK(E$3:E$103)) -> 0 | F112: =SUMPRODUCT((NOT(ISBLANK(F$3:F$103))*(F$3:F$103=$BF$3:$BF$103))+ISBLANK(F$3:F$103)) -> 0 | G112: =SUMPRODUCT((NOT(ISBLANK(G$3:G$103))*(G$3:G$103=$BG$3:$BG$103))+ISBLANK(G$3:G$103)) -> 0 | H112: =SUMPRODUCT((NOT(ISBLANK(H$3:H$103))*(H$3:H$103=$BF$3:$BF$103))+ISBLANK(H$3:H$103)) -> 0 | I112: =SUMPRODUCT((NOT(ISBLANK(I$3:I$103))*(I$3:I$103=$BG$3:$BG$103))+ISBLANK(I$3:I$103)) -> 0 | J112: =SUMPRODUCT((NOT(ISBLANK(J$3:J$103))*(J$3:J$103=$BF$3:$BF$103))+ISBLANK(J$3:J$103)) -> 0 | K112: =SUMPRODUCT((NOT(ISBLANK(K$3:K$103))*(K$3:K$103=$BG$3:$BG$103))+ISBLANK(K$3:K$103)) -> 0 | L112: =SUMPRODUCT((NOT(ISBLANK(L$3:L$103))*(L$3:L$103=$BF$3:$BF$103))+ISBLANK(L$3:L$103)) -> 0 | M112: =SUMPRODUCT((NOT(ISBLANK(M$3:M$103))*(M$3:M$103=$BG$3:$BG$103))+ISBLANK(M$3:M$103)) -> 0 | N112: =SUMPRODUCT((NOT(ISBLANK(N$3:N$103))*(N$3:N$103=$BF$3:$BF$103))+ISBLANK(N$3:N$103)) -> 0 | O112: =SUMPRODUCT((NOT(ISBLANK(O$3:O$103))*(O$3:O$103=$BG$3:$BG$103))+ISBLANK(O$3:O$103)) -> 0 | P112: =SUMPRODUCT((NOT(ISBLANK(P$3:P$103))*(P$3:P$103=$BF$3:$BF$103))+ISBLANK(P$3:P$103)) -> 0 | Q112: =SUMPRODUCT((NOT(ISBLANK(Q$3:Q$103))*(Q$3:Q$103=$BG$3:$BG$103))+ISBLANK(Q$3:Q$103)) -> 0 | R112: =SUMPRODUCT((NOT(ISBLANK(R$3:R$103))*(R$3:R$103=$BF$3:$BF$103))+ISBLANK(R$3:R$103)) -> 0 | S112: =SUMPRODUCT((NOT(ISBLANK(S$3:S$103))*(S$3:S$103=$BG$3:$BG$103))+ISBLANK(S$3:S$103)) -> 0 | T112: =SUMPRODUCT((NOT(ISBLANK(T$3:T$103))*(T$3:T$103=$BF$3:$BF$103))+ISBLANK(T$3:T$103)) -> 0 | U112: =SUMPRODUCT((NOT(ISBLANK(U$3:U$103))*(U$3:U$103=$BG$3:$BG$103))+ISBLANK(U$3:U$103)) -> 0 | V112: =SUMPRODUCT((NOT(ISBLANK(V$3:V$103))*(V$3:V$103=$BF$3:$BF$103))+ISBLANK(V$3:V$103)) -> 0 | W112: =SUMPRODUCT((NOT(ISBLANK(W$3:W$103))*(W$3:W$103=$BG$3:$BG$103))+ISBLANK(W$3:W$103)) -> 0 | X112: =SUMPRODUCT((NOT(ISBLANK(X$3:X$103))*(X$3:X$103=$BF$3:$BF$103))+ISBLANK(X$3:X$103)) -> 0 | Y112: =SUMPRODUCT((NOT(ISBLANK(Y$3:Y$103))*(Y$3:Y$103=$BG$3:$BG$103))+ISBLANK(Y$3:Y$103)) -> 0 | Z112: =SUMPRODUCT((NOT(ISBLANK(Z$3:Z$103))*(Z$3:Z$103=$BF$3:$BF$103))+ISBLANK(Z$3:Z$103)) -> 0 | AA112: =SUMPRODUCT((NOT(ISBLANK(AA$3:AA$103))*(AA$3:AA$103=$BG$3:$BG$103))+ISBLANK(AA$3:AA$103)) -> 0 | AB112: =SUMPRODUCT((NOT(ISBLANK(AB$3:AB$103))*(AB$3:AB$103=$BF$3:$BF$103))+ISBLANK(AB$3:AB$103)) -> 0 | AC112: =SUMPRODUCT((NOT(ISBLANK(AC$3:AC$103))*(AC$3:AC$103=$BG$3:$BG$103))+ISBLANK(AC$3:AC$103)) -> 0 | AD112: =SUMPRODUCT((NOT(ISBLANK(AD$3:AD$103))*(AD$3:AD$103=$BF$3:$BF$103))+ISBLANK(AD$3:AD$103)) -> 0 | AE112: =SUMPRODUCT((NOT(ISBLANK(AE$3:AE$103))*(AE$3:AE$103=$BG$3:$BG$103))+ISBLANK(AE$3:AE$103)) -> 0 | AF112: =SUMPRODUCT((NOT(ISBLANK(AF$3:AF$103))*(AF$3:AF$103=$BF$3:$BF$103))+ISBLANK(AF$3:AF$103)) -> 0 | AG112: =SUMPRODUCT((NOT(ISBLANK(AG$3:AG$103))*(AG$3:AG$103=$BG$3:$BG$103))+ISBLANK(AG$3:AG$103)) -> 0 | AH112: =SUMPRODUCT((NOT(ISBLANK(AH$3:AH$103))*(AH$3:AH$103=$BF$3:$BF$103))+ISBLANK(AH$3:AH$103)) -> 0 | AI112: =SUMPRODUCT((NOT(ISBLANK(AI$3:AI$103))*(AI$3:AI$103=$BG$3:$BG$103))+ISBLANK(AI$3:AI$103)) -> 0 | AJ112: =SUMPRODUCT((NOT(ISBLANK(AJ$3:AJ$103))*(AJ$3:AJ$103=$BF$3:$BF$103))+ISBLANK(AJ$3:AJ$103)) -> 0 | AK112: =SUMPRODUCT((NOT(ISBLANK(AK$3:AK$103))*(AK$3:AK$103=$BG$3:$BG$103))+ISBLANK(AK$3:AK$103)) -> 0 | AL112: =SUMPRODUCT((NOT(ISBLANK(AL$3:AL$103))*(AL$3:AL$103=$BF$3:$BF$103))+ISBLANK(AL$3:AL$103)) -> 0 | AM112: =SUMPRODUCT((NOT(ISBLANK(AM$3:AM$103))*(AM$3:AM$103=$BG$3:$BG$103))+ISBLANK(AM$3:AM$103)) -> 0 | AN112: =SUMPRODUCT((NOT(ISBLANK(AN$3:AN$103))*(AN$3:AN$103=$BF$3:$BF$103))+ISBLANK(AN$3:AN$103)) -> 0 | AO112: =SUMPRODUCT((NOT(ISBLANK(AO$3:AO$103))*(AO$3:AO$103=$BG$3:$BG$103))+ISBLANK(AO$3:AO$103)) -> 0 | AP112: =SUMPRODUCT((NOT(ISBLANK(AP$3:AP$103))*(AP$3:AP$103=$BF$3:$BF$103))+ISBLANK(AP$3:AP$103)) -> 0 | AQ112: =SUMPRODUCT((NOT(ISBLANK(AQ$3:AQ$103))*(AQ$3:AQ$103=$BG$3:$BG$103))+ISBLANK(AQ$3:AQ$103)) -> 0 | AR112: =SUMPRODUCT((NOT(ISBLANK(AR$3:AR$103))*(AR$3:AR$103=$BF$3:$BF$103))+ISBLANK(AR$3:AR$103)) -> 0 | AS112: =SUMPRODUCT((NOT(ISBLANK(AS$3:AS$103))*(AS$3:AS$103=$BG$3:$BG$103))+ISBLANK(AS$3:AS$103)) -> 0 | AT112: =SUMPRODUCT((NOT(ISBLANK(AT$3:AT$103))*(AT$3:AT$103=$BF$3:$BF$103))+ISBLANK(AT$3:AT$103)) -> 0 | AU112: =SUMPRODUCT((NOT(ISBLANK(AU$3:AU$103))*(AU$3:AU$103=$BG$3:$BG$103))+ISBLANK(AU$3:AU$103)) -> 0 | AV112: =SUMPRODUCT((NOT(ISBLANK(AV$3:AV$103))*(AV$3:AV$103=$BF$3:$BF$103))+ISBLANK(AV$3:AV$103)) -> 0 | AW112: =SUMPRODUCT((NOT(ISBLANK(AW$3:AW$103))*(AW$3:AW$103=$BG$3:$BG$103))+ISBLANK(AW$3:AW$103)) -> 0 | AX112: =SUMPRODUCT((NOT(ISBLANK(AX$3:AX$103))*(AX$3:AX$103=$BF$3:$BF$103))+ISBLANK(AX$3:AX$103)) -> 0 | AY112: =SUMPRODUCT((NOT(ISBLANK(AY$3:AY$103))*(AY$3:AY$103=$BG$3:$BG$103))+ISBLANK(AY$3:AY$103)) -> 0 | AZ112: =SUMPRODUCT((NOT(ISBLANK(AZ$3:AZ$103))*(AZ$3:AZ$103=$BF$3:$BF$103))+ISBLANK(AZ$3:AZ$103)) -> 0 | BA112: =SUMPRODUCT((NOT(ISBLANK(BA$3:BA$103))*(BA$3:BA$103=$BG$3:$BG$103))+ISBLANK(BA$3:BA$103)) -> 0

Sheet Classes
B1: coomsuite-1.1.0/incremental-exponential_clingo_2 | D1: coomsuite-1.1.0/incremental-exponential_clingo_3 | F1: coomsuite-1.1.0/incremental-exponential_clingo_4 | H1: coomsuite-1.1.0/incremental-exponential_flingo_2 | J1: coomsuite-1.1.0/incremental-exponential_flingo_3 | L1: coomsuite-1.1.0/incremental-exponential_flingo_4 | N1: coomsuite-1.1.0/incremental-linear_clingo_1 | P1: coomsuite-1.1.0/incremental-linear_clingo_16 | R1: coomsuite-1.1.0/incremental-linear_clingo_2 | T1: coomsuite-1.1.0/incremental-linear_clingo_4 | V1: coomsuite-1.1.0/incremental-linear_clingo_8 | X1: coomsuite-1.1.0/incremental-linear_flingo_1 | Z1: coomsuite-1.1.0/incremental-linear_flingo_16 | AB1: coomsuite-1.1.0/incremental-linear_flingo_2 | AD1: coomsuite-1.1.0/incremental-linear_flingo_4 | AF1: coomsuite-1.1.0/incremental-linear_flingo_8 | AH1: coomsuite-1.1.0/multishot-exponential_2 | AJ1: coomsuite-1.1.0/multishot-exponential_3 | AL1: coomsuite-1.1.0/multishot-exponential_4 | AN1: coomsuite-1.1.0/multishot-linear_1 | AP1: coomsuite-1.1.0/multishot-linear_16 | AR1: coomsuite-1.1.0/multishot-linear_2 | AT1: coomsuite-1.1.0/multishot-linear_4 | AV1: coomsuite-1.1.0/multishot-linear_8 | AX1: coomsuite-1.1.0/singleshot_clingo | AZ1: coomsuite-1.1.0/singleshot_flingo | BB1: min | BD1: median | BF1: max
B2: time | C2: timeout | D2: time | E2: timeout | F2: time | G2: timeout | H2: time | I2: timeout | J2: time | K2: timeout | L2: time | M2: timeout | N2: time | O2: timeout | P2: time | Q2: timeout | R2: time | S2: timeout | T2: time | U2: timeout | V2: time | W2: timeout | X2: time | Y2: timeout | Z2: time | AA2: timeout | AB2: time | AC2: timeout | AD2: time | AE2: timeout | AF2: time | AG2: timeout | AH2: time | AI2: timeout | AJ2: time | AK2: timeout | AL2: time | AM2: timeout | AN2: time | AO2: timeout | AP2: time | AQ2: timeout | AR2: time | AS2: timeout | AT2: time | AU2: timeout | AV2: time | AW2: timeout | AX2: time | AY2: timeout | AZ2: time | BA2: timeout | BB2: time | BC2: timeout | BD2: time | BE2: timeout | BF2: time | BG2: timeout
A3: . | B3: =AVERAGE(Instances!B3:Instances!B53) -> 0 | C3: =SUM(Instances!C3:Instances!C53) -> 0 | D3: =AVERAGE(Instances!D3:Instances!D53) -> 0 | E3: =SUM(Instances!E3:Instances!E53) -> 0 | F3: =AVERAGE(Instances!F3:Instances!F53) -> 0 | G3: =SUM(Instances!G3:Instances!G53) -> 0 | H3: =AVERAGE(Instances!H3:Instances!H53) -> 0 | I3: =SUM(Instances!I3:Instances!I53) -> 0 | J3: =AVERAGE(Instances!J3:Instances!J53) -> 0 | K3: =SUM(Instances!K3:Instances!K53) -> 0 | L3: =AVERAGE(Instances!L3:Instances!L53) -> 0 | M3: =SUM(Instances!M3:Instances!M53) -> 0 | N3: =AVERAGE(Instances!N3:Instances!N53) -> 0 | O3: =SUM(Instances!O3:Instances!O53) -> 0 | P3: =AVERAGE(Instances!P3:Instances!P53) -> 0 | Q3: =SUM(Instances!Q3:Instances!Q53) -> 0 | R3: =AVERAGE(Instances!R3:Instances!R53) -> 0 | S3: =SUM(Instances!S3:Instances!S53) -> 0 | T3: =AVERAGE(Instances!T3:Instances!T53) -> 0 | U3: =SUM(Instances!U3:Instances!U53) -> 0 | V3: =AVERAGE(Instances!V3:Instances!V53) -> 0 | W3: =SUM(Instances!W3:Instances!W53) -> 0 | X3: =AVERAGE(Instances!X3:Instances!X53) -> 0 | Y3: =SUM(Instances!Y3:Instances!Y53) -> 0 | Z3: =AVERAGE(Instances!Z3:Instances!Z53) -> 0 | AA3: =SUM(Instances!AA3:Instances!AA53) -> 0 | AB3: =AVERAGE(Instances!AB3:Instances!AB53) -> 0 | AC3: =SUM(Instances!AC3:Instances!AC53) -> 0 | AD3: =AVERAGE(Instances!AD3:Instances!AD53) -> 0 | AE3: =SUM(Instances!AE3:Instances!AE53) -> 0 | AF3: =AVERAGE(Instances!AF3:Instances!AF53) -> 0 | AG3: =SUM(Instances!AG3:Instances!AG53) -> 0 | AH3: =AVERAGE(Instances!AH3:Instances!AH53) -> 0 | AI3: =SUM(Instances!AI3:Instances!AI53) -> 0 | AJ3: =AVERAGE(Instances!AJ3:Instances!AJ53) -> 0 | AK3: =SUM(Instances!AK3:Instances!AK53) -> 0 | AL3: =AVERAGE(Instances!AL3:Instances!AL53) -> 0 | AM3: =SUM(Instances!AM3:Instances!AM53) -> 0 | AN3: =AVERAGE(Instances!AN3:Instances!AN53) -> 0 | AO3: =SUM(Instances!AO3:Instances!AO53) -> 0 | AP3: =AVERAGE(Instances!AP3:Instances!AP53) -> 0 | AQ3: =SUM(Instances!AQ3:Instances!AQ53) -> 0 | AR3: =AVERAGE(Instances!AR3:Instances!AR53) -> 0 | AS3: =SUM(Instances!AS3:Instances!AS53) -> 0 | AT3: =AVERAGE(Instances!AT3:Instances!AT53) -> 0 | AU3: =SUM(Instances!AU3:Instances!AU53) -> 0 | AV3: =AVERAGE(Instances!AV3:Instances!AV53) -> 0 | AW3: =SUM(Instances!AW3:Instances!AW53) -> 0 | AX3: =AVERAGE(Instances!AX3:Instances!AX53) -> 0 | AY3: =SUM(Instances!AY3:Instances!AY53) -> 0 | AZ3: =AVERAGE(Instances!AZ3:Instances!AZ53) -> 0 | BA3: =SUM(Instances!BA3:Instances!BA53) -> 0 | BB3: =MIN($B3,$D3,$F3,$H3,$J3,$L3,$N3,$P3,$R3,$T3,$V3,$X3,$Z3,$AB3,$AD3,$AF3,$AH3,$AJ3,$AL3,$AN3,$AP3,$AR3,$AT3,$AV3,$AX3,$AZ3) -> 0 | BC3: =MIN($C3,$E3,$G3,$I3,$K3,$M3,$O3,$Q3,$S3,$U3,$W3,$Y3,$AA3,$AC3,$AE3,$AG3,$AI3,$AK3,$AM3,$AO3,$AQ3,$AS3,$AU3,$AW3,$AY3,$BA3) -> 0 | BD3: =MEDIAN($B3,$D3,$F3,$H3,$J3,$L3,$N3,$P3,$R3,$T3,$V3,$X3,$Z3,$AB3,$AD3,$AF3,$AH3,$AJ3,$AL3,$AN3,$AP3,$AR3,$AT3,$AV3,$AX3,$AZ3) -> 0 | BE3: =MEDIAN($C3,$E3,$G3,$I3,$K3,$M3,$O3,$Q3,$S3,$U3,$W3,$Y3,$AA3,$AC3,$AE3,$AG3,$AI3,$AK3,$AM3,$AO3,$AQ3,$AS3,$AU3,$AW3,$AY3,$BA3) -> 0 | BF3: =MAX($B3,$D3,$F3,$H3,$J3,$L3,$N3,$P3,$R3,$T3,$V3,$X3,$Z3,$AB3,$AD3,$AF3,$AH3,$AJ3,$AL3,$AN3,$AP3,$AR3,$AT3,$AV3,$AX3,$AZ3) -> 0 | BG3: =MAX($C3,$E3,$G3,$I3,$K3,$M3,$O3,$Q3,$S3,$U3,$W3,$Y3,$AA3,$AC3,$AE3,$AG3,$AI3,$AK3,$AM3,$AO3,$AQ3,$AS3,$AU3,$AW3,$AY3,$BA3) -> 0
A4: . | B4: =AVERAGE(Instances!B54:Instances!B103) -> 0 | C4: =SUM(Instances!C54:Instances!C103) -> 0 | D4: =AVERAGE(Instances!D54:Instances!D103) -> 0 | E4: =SUM(Instances!E54:Instances!E103) -> 0 | F4: =AVERAGE(Instances!F54:Instances!F103) -> 0 | G4: =SUM(Instances!G54:Instances!G103) -> 0 | H4: =AVERAGE(Instances!H54:Instances!H103) -> 0 | I4: =SUM(Instances!I54:Instances!I103) -> 0 | J4: =AVERAGE(Instances!J54:Instances!J103) -> 0 | K4: =SUM(Instances!K54:Instances!K103) -> 0 | L4: =AVERAGE(Instances!L54:Instances!L103) -> 0 | M4: =SUM(Instances!M54:Instances!M103) -> 0 | N4: =AVERAGE(Instances!N54:Instances!N103) -> 0 | O4: =SUM(Instances!O54:Instances!O103) -> 0 | P4: =AVERAGE(Instances!P54:Instances!P103) -> 0 | Q4: =SUM(Instances!Q54:Instances!Q103) -> 0 | R4: =AVERAGE(Instances!R54:Instances!R103) -> 0 | S4: =SUM(Instances!S54:Instances!S103) -> 0 | T4: =AVERAGE(Instances!T54:Instances!T103) -> 0 | U4: =SUM(Instances!U54:Instances!U103) -> 0 | V4: =AVERAGE(Instances!V54:Instances!V103) -> 0 | W4: =SUM(Instances!W54:Instances!W103) -> 0 | X4: =AVERAGE(Instances!X54:Instances!X103) -> 0 | Y4: =SUM(Instances!Y54:Instances!Y103) -> 0 | Z4: =AVERAGE(Instances!Z54:Instances!Z103) -> 0 | AA4: =SUM(Instances!AA54:Instances!AA103) -> 0 | AB4: =AVERAGE(Instances!AB54:Instances!AB103) -> 0 | AC4: =SUM(Instances!AC54:Instances!AC103) -> 0 | AD4: =AVERAGE(Instances!AD54:Instances!AD103) -> 0 | AE4: =SUM(Instances!AE54:Instances!AE103) -> 0 | AF4: =AVERAGE(Instances!AF54:Instances!AF103) -> 0 | AG4: =SUM(Instances!AG54:Instances!AG103) -> 0 | AH4: =AVERAGE(Instances!AH54:Instances!AH103) -> 0 | AI4: =SUM(Instances!AI54:Instances!AI103) -> 0 | AJ4: =AVERAGE(Instances!AJ54:Instances!AJ103) -> 0 | AK4: =SUM(Instances!AK54:Instances!AK103) -> 0 | AL4: =AVERAGE(Instances!AL54:Instances!AL103) -> 0 | AM4: =SUM(Instances!AM54:Instances!AM103) -> 0 | AN4: =AVERAGE(Instances!AN54:Instances!AN103) -> 0 | AO4: =SUM(Instances!AO54:Instances!AO103) -> 0 | AP4: =AVERAGE(Instances!AP54:Instances!AP103) -> 0 | AQ4: =SUM(Instances!AQ54:Instances!AQ103) -> 0 | AR4: =AVERAGE(Instances!AR54:Instances!AR103) -> 0 | AS4: =SUM(Instances!AS54:Instances!AS103) -> 0 | AT4: =AVERAGE(Instances!AT54:Instances!AT103) -> 0 | AU4: =SUM(Instances!AU54:Instances!AU103) -> 0 | AV4: =AVERAGE(Instances!AV54:Instances!AV103) -> 0 | AW4: =SUM(Instances!AW54:Instances!AW103) -> 0 | BB4: =MIN($B4,$D4,$F4,$H4,$J4,$L4,$N4,$P4,$R4,$T4,$V4,$X4,$Z4,$AB4,$AD4,$AF4,$AH4,$AJ4,$AL4,$AN4,$AP4,$AR4,$AT4,$AV4,$AX4,$AZ4) -> 0 | BC4: =MIN($C4,$E4,$G4,$I4,$K4,$M4,$O4,$Q4,$S4,$U4,$W4,$Y4,$AA4,$AC4,$AE4,$AG4,$AI4,$AK4,$AM4,$AO4,$AQ4,$AS4,$AU4,$AW4,$AY4,$BA4) -> 0 | BD4: =MEDIAN($B4,$D4,$F4,$H4,$J4,$L4,$N4,$P4,$R4,$T4,$V4,$X4,$Z4,$AB4,$AD4,$AF4,$AH4,$AJ4,$AL4,$AN4,$AP4,$AR4,$AT4,$AV4,$AX4,$AZ4) -> 0 | BE4: =MEDIAN($C4,$E4,$G4,$I4,$K4,$M4,$O4,$Q4,$S4,$U4,$W4,$Y4,$AA4,$AC4,$AE4,$AG4,$AI4,$AK4,$AM4,$AO4,$AQ4,$AS4,$AU4,$AW4,$AY4,$BA4) -> 0 | BF4: =MAX($B4,$D4,$F4,$H4,$J4,$L4,$N4,$P4,$R4,$T4,$V4,$X4,$Z4,$AB4,$AD4,$AF4,$AH4,$AJ4,$AL4,$AN4,$AP4,$AR4,$AT4,$AV4,$AX4,$AZ4) -> 0 | BG4: =MAX($C4,$E4,$G4,$I4,$K4,$M4,$O4,$Q4,$S4,$U4,$W4,$Y4,$AA4,$AC4,$AE4,$AG4,$AI4,$AK4,$AM4,$AO4,$AQ4,$AS4,$AU4,$AW4,$AY4,$BA4) -> 0
A6: SUM | B6: =SUM(B$3:B$4) -> 0 | C6: =SUM(C$3:C$4) -> 0 | D6: =SUM(D$3:D$4) -> 0 | E6: =SUM(E$3:E$4) -> 0 | F6: =SUM(F$3:F$4) -> 0 | G6: =SUM(G$3:G$4) -> 0 | H6: =SUM(H$3:H$4) -> 0 | I6: =SUM(I$3:I$4) -> 0 | ... BG6: =SUM(BG$3:BG$4) -> 0
A7: AVG | B7: =AVERAGE(B$3:B$4) -> 0 | C7: =AVERAGE(C$3:C$4) -> 0 | D7: =AVERAGE(D$3:D$4) -> 0 | E7: =AVERAGE(E$3:E$4) -> 0 | F7: =AVERAGE(F$3:F$4) -> 0 | G7: =AVERAGE(G$3:G$4) -> 0 | H7: =AVERAGE(H$3:H$4) -> 0 | I7: =AVERAGE(I$3:I$4) -> 0 | ... BG7: =AVERAGE(BG$3:BG$4) -> 0
A8: DEV | B8: =STDEV(B$3:B$4) -> 0 | C8: =STDEV(C$3:C$4) -> 0 | D8: =STDEV(D$3:D$4) -> 0 | E8: =STDEV(E$3:E$4) -> 0 | F8: =STDEV(F$3:F$4) -> 0 | G8: =STDEV(G$3:G$4) -> 0 | H8: =STDEV(H$3:H$4) -> 0 | I8: =STDEV(I$3:I$4) -> 0 | ... BG8: =STDEV(BG$3:BG$4) -> 0
A9: DST | B9: =SUMPRODUCT(--(B$3:B$4-$BB$3:$BB$4)^2)^0.5 -> 0 | C9: =SUMPRODUCT(--(C$3:C$4-$BC$3:$BC$4)^2)^0.5 -> 0 | D9: =SUMPRODUCT(--(D$3:D$4-$BB$3:$BB$4)^2)^0.5 -> 0 | E9: =SUMPRODUCT(--(E$3:E$4-$BC$3:$BC$4)^2)^0.5 -> 0 | F9: =SUMPRODUCT(--(F$3:F$4-$BB$3:$BB$4)^2)^0.5 -> 0 | G9: =SUMPRODUCT(--(G$3:G$4-$BC$3:$BC$4)^2)^0.5 -> 0 | H9: =SUMPRODUCT(--(H$3:H$4-$BB$3:$BB$4)^2)^0.5 -> 0 | I9: =SUMPRODUCT(--(I$3:I$4-$BC$3:$BC$4)^2)^0.5 -> 0 | J9: =SUMPRODUCT(--(J$3:J$4-$BB$3:$BB$4)^2)^0.5 -> 0 | K9: =SUMPRODUCT(--(K$3:K$4-$BC$3:$BC$4)^2)^0.5 -> 0 | L9: =SUMPRODUCT(--(L$3:L$4-$BB$3:$BB$4)^2)^0.5 -> 0 | M9: =SUMPRODUCT(--(M$3:M$4-$BC$3:$BC$4)^2)^0.5 -> 0 | N9: =SUMPRODUCT(--(N$3:N$4-$BB$3:$BB$4)^2)^0.5 -> 0 | O9: =SUMPRODUCT(--(O$3:O$4-$BC$3:$BC$4)^2)^0.5 -> 0 | P9: =SUMPRODUCT(--(P$3:P$4-$BB$3:$BB$4)^2)^0.5 -> 0 | Q9: =SUMPRODUCT(--(Q$3:Q$4-$BC$3:$BC$4)^2)^0.5 -> 0 | R9: =SUMPRODUCT(--(R$3:R$4-$BB$3:$BB$4)^2)^0.5 -> 0 | S9: =SUMPRODUCT(--(S$3:S$4-$BC$3:$BC$4)^2)^0.5 -> 0 | T9: =SUMPRODUCT(--(T$3:T$4-$BB$3:$BB$4)^2)^0.5 -> 0 | U9: =SUMPRODUCT(--(U$3:U$4-$BC$3:$BC$4)^2)^0.5 -> 0 | V9: =SUMPRODUCT(--(V$3:V$4-$BB$3:$BB$4)^2)^0.5 -> 0 | W9: =SUMPRODUCT(--(W$3:W$4-$BC$3:$BC$4)^2)^0.5 -> 0 | X9: =SUMPRODUCT(--(X$3:X$4-$BB$3:$BB$4)^2)^0.5 -> 0 | Y9: =SUMPRODUCT(--(Y$3:Y$4-$BC$3:$BC$4)^2)^0.5 -> 0 | Z9: =SUMPRODUCT(--(Z$3:Z$4-$BB$3:$BB$4)^2)^0.5 -> 0 | AA9: =SUMPRODUCT(--(AA$3:AA$4-$BC$3:$BC$4)^2)^0.5 -> 0 | AB9: =SUMPRODUCT(--(AB$3:AB$4-$BB$3:$BB$4)^2)^0.5 -> 0 | AC9: =SUMPRODUCT(--(AC$3:AC$4-$BC$3:$BC$4)^2)^0.5 -> 0 | AD9: =SUMPRODUCT(--(AD$3:AD$4-$BB$3:$BB$4)^2)^0.5 -> 0 | AE9: =SUMPRODUCT(--(AE$3:AE$4-$BC$3:$BC$4)^2)^0.5 -> 0 | AF9: =SUMPRODUCT(--(AF$3:AF$4-$BB$3:$BB$4)^2)^0.5 -> 0 | AG9: =SUMPRODUCT(--(AG$3:AG$4-$BC$3:$BC$4)^2)^0.5 -> 0 | AH9: =SUMPRODUCT(--(AH$3:AH$4-$BB$3:$BB$4)^2)^0.5 -> 0 | AI9: =SUMPRODUCT(--(AI$3:AI$4-$BC$3:$BC$4)^2)^0.5 -> 0 | AJ9: =SUMPRODUCT(--(AJ$3:AJ$4-$BB$3:$BB$4)^2)^0.5 -> 0 | AK9: =SUMPRODUCT(--(AK$3:AK$4-$BC$3:$BC$4)^2)^0.5 -> 0 | AL9: =SUMPRODUCT(--(AL$3:AL$4-$BB$3:$BB$4)^2)^0.5 -> 0 | AM9: =SUMPRODUCT(--(AM$3:AM$4-$BC$3:$BC$4)^2)^0.5 -> 0 | AN9: =SUMPRODUCT(--(AN$3:AN$4-$BB$3:$BB$4)^2)^0.5 -> 0 | AO9: =SUMPRODUCT(--(AO$3:AO$4-$BC$3:$BC$4)^2)^0.5 -> 0 | AP9: =SUMPRODUCT(--(AP$3:AP$4-$BB$3:$BB$4)^2)^0.5 -> 0 | AQ9: =SUMPRODUCT(--(AQ$3:AQ$4-$BC$3:$BC$4)^2)^0.5 -> 0 | AR9: =SUMPRODUCT(--(AR$3:AR$4-$BB$3:$BB$4)^2)^0.5 -> 0 | AS9: =SUMPRODUCT(--(AS$3:AS$4-$BC$3:$BC$4)^2)^0.5 -> 0 | AT9: =SUMPRODUCT(--(AT$3:AT$4-$BB$3:$BB$4)^2)^0.5 -> 0 | AU9: =SUMPRODUCT(--(AU$3:AU$4-$BC$3:$BC$4)^2)^0.5 -> 0 | AV9: =SUMPRODUCT(--(AV$3:AV$4-$BB$3:$BB$4)^2)^0.5 -> 0 | AW9: =SUMPRODUCT(--(AW$3:AW$4-$BC$3:$BC$4)^2)^0.5 -> 0 | AX9: =SUMPRODUCT(--(AX$3:AX$4-$BB$3:$BB$4)^2)^0.5 -> 0 | AY9: =SUMPRODUCT(--(AY$3:AY$4-$BC$3:$BC$4)^2)^0.5 -> 0 | AZ9: =SUMPRODUCT(--(AZ$3:AZ$4-$BB$3:$BB$4)^2)^0.5 -> 0 | BA9: =SUMPRODUCT(--(BA$3:BA$4-$BC$3:$BC$4)^2)^0.5 -> 0
A10: BEST | B10: =SUMPRODUCT(NOT(ISBLANK(B$3:B$4))*(B$3:B$4=$BB$3:$BB$4)) -> 0 | C10: =SUMPRODUCT(NOT(ISBLANK(C$3:C$4))*(C$3:C$4=$BC$3:$BC$4)) -> 0 | D10: =SUMPRODUCT(NOT(ISBLANK(D$3:D$4))*(D$3:D$4=$BB$3:$BB$4)) -> 0 | E10: =SUMPRODUCT(NOT(ISBLANK(E$3:E$4))*(E$3:E$4=$BC$3:$BC$4)) -> 0 | F10: =SUMPRODUCT(NOT(ISBLANK(F$3:F$4))*(F$3:F$4=$BB$3:$BB$4)) -> 0 | G10: =SUMPRODUCT(NOT(ISBLANK(G$3:G$4))*(G$3:G$4=$BC$3:$BC$4)) -> 0 | H10: =SUMPRODUCT(NOT(ISBLANK(H$3:H$4))*(H$3:H$4=$BB$3:$BB$4)) -> 0 | I10: =SUMPRODUCT(NOT(ISBLANK(I$3:I$4))*(I$3:I$4=$BC$3:$BC$4)) -> 0 | J10: =SUMPRODUCT(NOT(ISBLANK(J$3:J$4))*(J$3:J$4=$BB$3:$BB$4)) -> 0 | K10: =SUMPRODUCT(NOT(ISBLANK(K$3:K$4))*(K$3:K$4=$BC$3:$BC$4)) -> 0 | L10: =SUMPRODUCT(NOT(ISBLANK(L$3:L$4))*(L$3:L$4=$BB$3:$BB$4)) -> 0 | M10: =SUMPRODUCT(NOT(ISBLANK(M$3:M$4))*(M$3:M$4=$BC$3:$BC$4)) -> 0 | N10: =SUMPRODUCT(NOT(ISBLANK(N$3:N$4))*(N$3:N$4=$BB$3:$BB$4)) -> 0 | O10: =SUMPRODUCT(NOT(ISBLANK(O$3:O$4))*(O$3:O$4=$BC$3:$BC$4)) -> 0 | P10: =SUMPRODUCT(NOT(ISBLANK(P$3:P$4))*(P$3:P$4=$BB$3:$BB$4)) -> 0 | Q10: =SUMPRODUCT(NOT(ISBLANK(Q$3:Q$4))*(Q$3:Q$4=$BC$3:$BC$4)) -> 0 | R10: =SUMPRODUCT(NOT(ISBLANK(R$3:R$4))*(R$3:R$4=$BB$3:$BB$4)) -> 0 | S10: =SUMPRODUCT(NOT(ISBLANK(S$3:S$4))*(S$3:S$4=$BC$3:$BC$4)) -> 0 | T10: =SUMPRODUCT(NOT(ISBLANK(T$3:T$4))*(T$3:T$4=$BB$3:$BB$4)) -> 0 | U10: =SUMPRODUCT(NOT(ISBLANK(U$3:U$4))*(U$3:U$4=$BC$3:$BC$4)) -> 0 | V10: =SUMPRODUCT(NOT(ISBLANK(V$3:V$4))*(V$3:V$4=$BB$3:$BB$4)) -> 0 | W10: =SUMPRODUCT(NOT(ISBLANK(W$3:W$4))*(W$3:W$4=$BC$3:$BC$4)) -> 0 | X10: =SUMPRODUCT(NOT(ISBLANK(X$3:X$4))*(X$3:X$4=$BB$3:$BB$4)) -> 0 | Y10: =SUMPRODUCT(NOT(ISBLANK(Y$3:Y$4))*(Y$3:Y$4=$BC$3:$BC$4)) -> 0 | Z10: =SUMPRODUCT(NOT(ISBLANK(Z$3:Z$4))*(Z$3:Z$4=$BB$3:$BB$4)) -> 0 | AA10: =SUMPRODUCT(NOT(ISBLANK(AA$3:AA$4))*(AA$3:AA$4=$BC$3:$BC$4)) -> 0 | AB10: =SUMPRODUCT(NOT(ISBLANK(AB$3:AB$4))*(AB$3:AB$4=$BB$3:$BB$4)) -> 0 | AC10: =SUMPRODUCT(NOT(ISBLANK(AC$3:AC$4))*(AC$3:AC$4=$BC$3:$BC$4)) -> 0 | AD10: =SUMPRODUCT(NOT(ISBLANK(AD$3:AD$4))*(AD$3:AD$4=$BB$3:$BB$4)) -> 0 | AE10: =SUMPRODUCT(NOT(ISBLANK(AE$3:AE$4))*(AE$3:AE$4=$BC$3:$BC$4)) -> 0 | AF10: =SUMPRODUCT(NOT(ISBLANK(AF$3:AF$4))*(AF$3:AF$4=$BB$3:$BB$4)) -> 0 | AG10: =SUMPRODUCT(NOT(ISBLANK(AG$3:AG$4))*(AG$3:AG$4=$BC$3:$BC$4)) -> 0 | AH10: =SUMPRODUCT(NOT(ISBLANK(AH$3:AH$4))*(AH$3:AH$4=$BB$3:$BB$4)) -> 0 | AI10: =SUMPRODUCT(NOT(ISBLANK(AI$3:AI$4))*(AI$3:AI$4=$BC$3:$BC$4)) -> 0 | AJ10: =SUMPRODUCT(NOT(ISBLANK(AJ$3:AJ$4))*(AJ$3:AJ$4=$BB$3:$BB$4)) -> 0 | AK10: =SUMPRODUCT(NOT(ISBLANK(AK$3:AK$4))*(AK$3:AK$4=$BC$3:$BC$4)) -> 0 | AL10: =SUMPRODUCT(NOT(ISBLANK(AL$3:AL$4))*(AL$3:AL$4=$BB$3:$BB$4)) -> 0 | AM10: =SUMPRODUCT(NOT(ISBLANK(AM$3:AM$4))*(AM$3:AM$4=$BC$3:$BC$4)) -> 0 | AN10: =SUMPRODUCT(NOT(ISBLANK(AN$3:AN$4))*(AN$3:AN$4=$BB$3:$BB$4)) -> 0 | AO10: =SUMPRODUCT(NOT(ISBLANK(AO$3:AO$4))*(AO$3:AO$4=$BC$3:$BC$4)) -> 0 | AP10: =SUMPRODUCT(NOT(ISBLANK(AP$3:AP$4))*(AP$3:AP$4=$BB$3:$BB$4)) -> 0 | AQ10: =SUMPRODUCT(NOT(ISBLANK(AQ$3:AQ$4))*(AQ$3:AQ$4=$BC$3:$BC$4)) -> 0 | AR10: =SUMPRODUCT(NOT(ISBLANK(AR$3:AR$4))*(AR$3:AR$4=$BB$3:$BB$4)) -> 0 | AS10: =SUMPRODUCT(NOT(ISBLANK(AS$3:AS$4))*(AS$3:AS$4=$BC$3:$BC$4)) -> 0 | AT10: =SUMPRODUCT(NOT(ISBLANK(AT$3:AT$4))*(AT$3:AT$4=$BB$3:$BB$4)) -> 0 | AU10: =SUMPRODUCT(NOT(ISBLANK(AU$3:AU$4))*(AU$3:AU$4=$BC$3:$BC$4)) -> 0 | AV10: =SUMPRODUCT(NOT(ISBLANK(AV$3:AV$4))*(AV$3:AV$4=$BB$3:$BB$4)) -> 0 | AW10: =SUMPRODUCT(NOT(ISBLANK(AW$3:AW$4))*(AW$3:AW$4=$BC$3:$BC$4)) -> 0 | AX10: =SUMPRODUCT(NOT(ISBLANK(AX$3:AX$4))*(AX$3:AX$4=$BB$3:$BB$4)) -> 0 | AY10: =SUMPRODUCT(NOT(ISBLANK(AY$3:AY$4))*(AY$3:AY$4=$BC$3:$BC$4)) -> 0 | AZ10: =SUMPRODUCT(NOT(ISBLANK(AZ$3:AZ$4))*(AZ$3:AZ$4=$BB$3:$BB$4)) -> 0 | BA10: =SUMPRODUCT(NOT(ISBLANK(BA$3:BA$4))*(BA$3:BA$4=$BC$3:$BC$4)) -> 0
