Workbook

Sheet Instances
B1: coomsuite-1.0.0/clingo-base | D1: coomsuite-1.0.0/clingo-brave | F1: coomsuite-1.0.0/clingo-cautious | H1: coomsuite-1.0.0/flingo-base | J1: min | L1: median | N1: max
B2: time | C2: timeout | D2: time | E2: timeout | F2: time | G2: timeout | H2: time | I2: timeout | J2: time | K2: timeout | L2: time | M2: timeout | N2: time | O2: timeout
A3: ./travelbike-max10_user-input-p372-v85 | B3: 256.95 | C3: 0 | D3: 1200 | E3: 1 | F3: 178.7 | G3: 0 | H3: 1200 | I3: 1 | J3: =MIN($B3,$D3,$F3,$H3) -> 0 | K3: =MIN($C3,$E3,$G3,$I3) -> 0 | L3: =MEDIAN($B3,$D3,$F3,$H3) -> 0 | M3: =MEDIAN($C3,$E3,$G3,$I3) -> 0 | N3: =MAX($B3,$D3,$F3,$H3) -> 0 | O3: =MAX($C3,$E3,$G3,$I3) -> 0
A4: ./travelbike-max10_user-input-p419-v895 | B4: 264.25 | C4: 0 | D4: 1200 | E4: 1 | F4: 177.93 | G4: 0 | H4: 7.19 | I4: 0 | J4: =MIN($B4,$D4,$F4,$H4) -> 0 | K4: =MIN($C4,$E4,$G4,$I4) -> 0 | L4: =MEDIAN($B4,$D4,$F4,$H4) -> 0 | M4: =MEDIAN($C4,$E4,$G4,$I4) -> 0 | N4: =MAX($B4,$D4,$F4,$H4) -> 0 | O4: =MAX($C4,$E4,$G4,$I4) -> 0
A5: ./travelbike-max10_user-input-p425-v981 | B5: 254.93 | C5: 0 | D5: 320.86 | E5: 0 | F5: 180.7 | G5: 0 | H5: 1200 | I5: 1 | J5: =MIN($B5,$D5,$F5,$H5) -> 0 | K5: =MIN($C5,$E5,$G5,$I5) -> 0 | L5: =MEDIAN($B5,$D5,$F5,$H5) -> 0 | M5: =MEDIAN($C5,$E5,$G5,$I5) -> 0 | N5: =MAX($B5,$D5,$F5,$H5) -> 0 | O5: =MAX($C5,$E5,$G5,$I5) -> 0
A6: ./travelbike-max10_user-input-p480-v206 | B6: 1200 | C6: 1 | D6: 181.32 | E6: 0 | F6: 262.88 | G6: 0 | H6: 7.24 | I6: 0 | J6: =MIN($B6,$D6,$F6,$H6) -> 0 | K6: =MIN($C6,$E6,$G6,$I6) -> 0 | L6: =MEDIAN($B6,$D6,$F6,$H6) -> 0 | M6: =MEDIAN($C6,$E6,$G6,$I6) -> 0 | N6: =MAX($B6,$D6,$F6,$H6) -> 0 | O6: =MAX($C6,$E6,$G6,$I6) -> 0
A7: ./travelbike-max10_user-input-p62-v812 | B7: 1200 | C7: 1 | D7: 1200 | E7: 1 | F7: 260.04 | G7: 0 | H7: 7.2 | I7: 0 | J7: =MIN($B7,$D7,$F7,$H7) -> 0 | K7: =MIN($C7,$E7,$G7,$I7) -> 0 | L7: =MEDIAN($B7,$D7,$F7,$H7) -> 0 | M7: =MEDIAN($C7,$E7,$G7,$I7) -> 0 | N7: =MAX($B7,$D7,$F7,$H7) -> 0 | O7: =MAX($C7,$E7,$G7,$I7) -> 0
A8: ./travelbike-max10_user-input-p753-v757 | B8: 258.02 | C8: 0 | D8: 1200 | E8: 1 | F8: 181.11 | G8: 0 | H8: 8.03 | I8: 0 | J8: =MIN($B8,$D8,$F8,$H8) -> 0 | K8: =MIN($C8,$E8,$G8,$I8) -> 0 | L8: =MEDIAN($B8,$D8,$F8,$H8) -> 0 | M8: =MEDIAN($C8,$E8,$G8,$I8) -> 0 | N8: =MAX($B8,$D8,$F8,$H8) -> 0 | O8: =MAX($C8,$E8,$G8,$I8) -> 0
A9: ./travelbike-max10_user-input-p800-v879 | B9: 214.21 | C9: 0 | D9: 1200 | E9: 1 | F9: 256.05 | G9: 0 | H9: 6.98 | I9: 0 | J9: =MIN($B9,$D9,$F9,$H9) -> 0 | K9: =MIN($C9,$E9,$G9,$I9) -> 0 | L9: =MEDIAN($B9,$D9,$F9,$H9) -> 0 | M9: =MEDIAN($C9,$E9,$G9,$I9) -> 0 | N9: =MAX($B9,$D9,$F9,$H9) -> 0 | O9: =MAX($C9,$E9,$G9,$I9) -> 0
A10: ./travelbike-max10_user-input-p84-v603 | B10: 180.27 | C10: 0 | D10: 1200 | E10: 1 | F10: 257.37 | G10: 0 | H10: 7.31 | I10: 0 | J10: =MIN($B10,$D10,$F10,$H10) -> 0 | K10: =MIN($C10,$E10,$G10,$I10) -> 0 | L10: =MEDIAN($B10,$D10,$F10,$H10) -> 0 | M10: =MEDIAN($C10,$E10,$G10,$I10) -> 0 | N10: =MAX($B10,$D10,$F10,$H10) -> 0 | O10: =MAX($C10,$E10,$G10,$I10) -> 0
A11: ./travelbike-max10_user-input-p885-v252 | B11: 319.48 | C11: 0 | D11: 1200 | E11: 1 | F11: 179.7 | G11: 0 | H11: 1200 | I11: 1 | J11: =MIN($B11,$D11,$F11,$H11) -> 0 | K11: =MIN($C11,$E11,$G11,$I11) -> 0 | L11: =MEDIAN($B11,$D11,$F11,$H11) -> 0 | M11: =MEDIAN($C11,$E11,$G11,$I11) -> 0 | N11: =MAX($B11,$D11,$F11,$H11) -> 0 | O11: =MAX($C11,$E11,$G11,$I11) -> 0
A12: ./travelbike-max10_user-input-p888-v811 | B12: 257.03 | C12: 0 | D12: 275.03 | E12: 0 | F12: 179.39 | G12: 0 | H12: 1200 | I12: 1 | J12: =MIN($B12,$D12,$F12,$H12) -> 0 | K12: =MIN($C12,$E12,$G12,$I12) -> 0 | L12: =MEDIAN($B12,$D12,$F12,$H12) -> 0 | M12: =MEDIAN($C12,$E12,$G12,$I12) -> 0 | N12: =MAX($B12,$D12,$F12,$H12) -> 0 | O12: =MAX($C12,$E12,$G12,$I12) -> 0
A13: ./travelbike-max15_user-input-p1161-v435 | B13: 910.94 | C13: 0 | D13: 1200 | E13: 1 | F13: 634.66 | G13: 0 | H13: 1200 | I13: 1 | J13: =MIN($B13,$D13,$F13,$H13) -> 0 | K13: =MIN($C13,$E13,$G13,$I13) -> 0 | L13: =MEDIAN($B13,$D13,$F13,$H13) -> 0 | M13: =MEDIAN($C13,$E13,$G13,$I13) -> 0 | N13: =MAX($B13,$D13,$F13,$H13) -> 0 | O13: =MAX($C13,$E13,$G13,$I13) -> 0
A14: ./travelbike-max15_user-input-p175-v424 | B14: 632.66 | C14: 0 | D14: 1200 | E14: 1 | F14: 929.27 | G14: 0 | H14: 9.39 | I14: 0 | J14: =MIN($B14,$D14,$F14,$H14) -> 0 | K14: =MIN($C14,$E14,$G14,$I14) -> 0 | L14: =MEDIAN($B14,$D14,$F14,$H14) -> 0 | M14: =MEDIAN($C14,$E14,$G14,$I14) -> 0 | N14: =MAX($B14,$D14,$F14,$H14) -> 0 | O14: =MAX($C14,$E14,$G14,$I14) -> 0
... A42: ./travelbike-max5_user-input-p92-v415 | B42: 45.1 | C42: 0 | D42: 1200 | E42: 1 | F42: 32.66 | G42: 0 | H42: 1200 | I42: 1 | J42: =MIN($B42,$D42,$F42,$H42) -> 0 | K42: =MIN($C42,$E42,$G42,$I42) -> 0 | L42: =MEDIAN($B42,$D42,$F42,$H42) -> 0 | M42: =MEDIAN($C42,$E42,$G42,$I42) -> 0 | N42: =MAX($B42,$D42,$F42,$H42) -> 0 | O42: =MAX($C42,$E42,$G42,$I42) -> 0
A44: SUM | B44: =SUM(B$3:B$42) -> 0 | C44: =SUM(C$3:C$42) -> 0 | D44: =SUM(D$3:D$42) -> 0 | E44: =SUM(E$3:E$42) -> 0 | F44: =SUM(F$3:F$42) -> 0 | G44: =SUM(G$3:G$42) -> 0 | H44: =SUM(H$3:H$42) -> 0 | I44: =SUM(I$3:I$42) -> 0 | ... O44: =SUM(O$3:O$42) -> 0
A45: AVG | B45: =AVERAGE(B$3:B$42) -> 0 | C45: =AVERAGE(C$3:C$42) -> 0 | D45: =AVERAGE(D$3:D$42) -> 0 | E45: =AVERAGE(E$3:E$42) -> 0 | F45: =AVERAGE(F$3:F$42) -> 0 | G45: =AVERAGE(G$3:G$42) -> 0 | H45: =AVERAGE(H$3:H$42) -> 0 | I45: =AVERAGE(I$3:I$42) -> 0 | ... O45: =AVERAGE(O$3:O$42) -> 0
A46: DEV | B46: =STDEV(B$3:B$42) -> 0 | C46: =STDEV(C$3:C$42) -> 0 | D46: =STDEV(D$3:D$42) -> 0 | E46: =STDEV(E$3:E$42) -> 0 | F46: =STDEV(F$3:F$42) -> 0 | G46: =STDEV(G$3:G$42) -> 0 | H46: =STDEV(H$3:H$42) -> 0 | I46: =STDEV(I$3:I$42) -> 0 | ... O46: =STDEV(O$3:O$42) -> 0
A47: DST | B47: =SUMPRODUCT(--(B$3:B$42-$J$3:$J$42)^2)^0.5 -> 0 | C47: =SUMPRODUCT(--(C$3:C$42-$K$3:$K$42)^2)^0.5 -> 0 | D47: =SUMPRODUCT(--(D$3:D$42-$J$3:$J$42)^2)^0.5 -> 0 | E47: =SUMPRODUCT(--(E$3:E$42-$K$3:$K$42)^2)^0.5 -> 0 | F47: =SUMPRODUCT(--(F$3:F$42-$J$3:$J$42)^2)^0.5 -> 0 | G47: =SUMPRODUCT(--(G$3:G$42-$K$3:$K$42)^2)^0.5 -> 0 | H47: =SUMPRODUCT(--(H$3:H$42-$J$3:$J$42)^2)^0.5 -> 0 | I47: =SUMPRODUCT(--(I$3:I$42-$K$3:$K$42)^2)^0.5 -> 0
A48: BEST | B48: =SUMPRODUCT(NOT(ISBLANK(B$3:B$42))*(B$3:B$42=$J$3:$J$42)) -> 0 | C48: =SUMPRODUCT(NOT(ISBLANK(C$3:C$42))*(C$3:C$42=$K$3:$K$42)) -> 0 | D48: =SUMPRODUCT(NOT(ISBLANK(D$3:D$42))*(D$3:D$42=$J$3:$J$42)) -> 0 | E48: =SUMPRODUCT(NOT(ISBLANK(E$3:E$42))*(E$3:E$42=$K$3:$K$42)) -> 0 | F48: =SUMPRODUCT(NOT(ISBLANK(F$3:F$42))*(F$3:F$42=$J$3:$J$42)) -> 0 | G48: =SUMPRODUCT(NOT(ISBLANK(G$3:G$42))*(G$3:G$42=$K$3:$K$42)) -> 0 | H48: =SUMPRODUCT(NOT(ISBLANK(H$3:H$42))*(H$3:H$42=$J$3:$J$42)) -> 0 | I48: =SUMPRODUCT(NOT(ISBLANK(I$3:I$42))*(I$3:I$42=$K$3:$K$42)) -> 0
A49: BETTER | B49: =SUMPRODUCT(NOT(ISBLANK(B$3:B$42))*(B$3:B$42<$L$3:$L$42)) -> 0 | C49: =SUMPRODUCT(NOT(ISBLANK(C$3:C$42))*(C$3:C$42<$M$3:$M$42)) -> 0 | D49: =SUMPRODUCT(NOT(ISBLANK(D$3:D$42))*(D$3:D$42<$L$3:$L$42)) -> 0 | E49: =SUMPRODUCT(NOT(ISBLANK(E$3:E$42))*(E$3:E$42<$M$3:$M$42)) -> 0 | F49: =SUMPRODUCT(NOT(ISBLANK(F$3:F$42))*(F$3:F$42<$L$3:$L$42)) -> 0 | G49: =SUMPRODUCT(NOT(ISBLANK(G$3:G$42))*(G$3:G$42<$M$3:$M$42)) -> 0 | H49: =SUMPRODUCT(NOT(ISBLANK(H$3:H$42))*(H$3:H$42<$L$3:$L$42)) -> 0 | I49: =SUMPRODUCT(NOT(ISBLANK(I$3:I$42))*(I$3:I$42<$M$3:$M$42)) -> 0
A50: WORSE | B50: =SUMPRODUCT((NOT(ISBLANK(B$3:B$42))*(B$3:B$42>$L$3:$L$42))+ISBLANK(B$3:B$42)) -> 0 | C50: =SUMPRODUCT((NOT(ISBLANK(C$3:C$42))*(C$3:C$42>$M$3:$M$42))+ISBLANK(C$3:C$42)) -> 0 | D50: =SUMPRODUCT((NOT(ISBLANK(D$3:D$42))*(D$3:D$42>$L$3:$L$42))+ISBLANK(D$3:D$42)) -> 0 | E50: =SUMPRODUCT((NOT(ISBLANK(E$3:E$42))*(E$3:E$42>$M$3:$M$42))+ISBLANK(E$3:E$42)) -> 0 | F50: =SUMPRODUCT((NOT(ISBLANK(F$3:F$42))*(F$3:F$42>$L$3:$L$42))+ISBLANK(F$3:F$42)) -> 0 | G50: =SUMPRODUCT((NOT(ISBLANK(G$3:G$42))*(G$3:G$42>$M$3:$M$42))+ISBLANK(G$3:G$42)) -> 0 | H50: =SUMPRODUCT((NOT(ISBLANK(H$3:H$42))*(H$3:H$42>$L$3:$L$42))+ISBLANK(H$3:H$42)) -> 0 | I50: =SUMPRODUCT((NOT(ISBLANK(I$3:I$42))*(I$3:I$42>$M$3:$M$42))+ISBLANK(I$3:I$42)) -> 0
A51: WORST | B51: =SUMPRODUCT((NOT(ISBLANK(B$3:B$42))*(B$3:B$42=$N$3:$N$42))+ISBLANK(B$3:B$42)) -> 0 | C51: =SUMPRODUCT((NOT(ISBLANK(C$3:C$42))*(C$3:C$42=$O$3:$O$42))+ISBLANK(C$3:C$42)) -> 0 | D51: =SUMPRODUCT((NOT(ISBLANK(D$3:D$42))*(D$3:D$42=$N$3:$N$42))+ISBLANK(D$3:D$42)) -> 0 | E51: =SUMPRODUCT((NOT(ISBLANK(E$3:E$42))*(E$3:E$42=$O$3:$O$42))+ISBLANK(E$3:E$42)) -> 0 | F51: =SUMPRODUCT((NOT(ISBLANK(F$3:F$42))*(F$3:F$42=$N$3:$N$42))+ISBLANK(F$3:F$42)) -> 0 | G51: =SUMPRODUCT((NOT(ISBLANK(G$3:G$42))*(G$3:G$42=$O$3:$O$42))+ISBLANK(G$3:G$42)) -> 0 | H51: =SUMPRODUCT((NOT(ISBLANK(H$3:H$42))*(H$3:H$42=$N$3:$N$42))+ISBLANK(H$3:H$42)) -> 0 | I51: =SUMPRODUCT((NOT(ISBLANK(I$3:I$42))*(I$3:I$42=$O$3:$O$42))+ISBLANK(I$3:I$42)) -> 0

Sheet Merged Runs
A1: Merge criteria: | B1: coomsuite-1.0.0/clingo-base | D1: coomsuite-1.0.0/clingo-brave | F1: coomsuite-1.0.0/clingo-cautious | H1: coomsuite-1.0.0/flingo-base | J1: min | L1: median | N1: max
A2: median | B2: time | C2: timeout | D2: time | E2: timeout | F2: time | G2: timeout | H2: time | I2: timeout | J2: time | K2: timeout | L2: time | M2: timeout | N2: time | O2: timeout
A3: ./travelbike-max10_user-input-p372-v85 | B3: {=_xlfn.SWITCH($A$2,"average", AVERAGE(Instances!B3:Instances!B3),"median", MEDIAN(Instances!B3:Instances!B3),"min", MIN(Instances!B3:Instances!B3),"max", MAX(Instances!B3:Instances!B3),"diff", MAX(Instances!B3:Instances!B3)-MIN(Instances!B3:Instances!B3))} -> 0 | C3: {=_xlfn.SWITCH($A$2,"average", AVERAGE(Instances!C3:Instances!C3),"median", MEDIAN(Instances!C3:Instances!C3),"min", MIN(Instances!C3:Instances!C3),"max", MAX(Instances!C3:Instances!C3),"diff", MAX(Instances!C3:Instances!C3)-MIN(Instances!C3:Instances!C3))} -> 0 | D3: {=_xlfn.SWITCH($A$2,"average", AVERAGE(Instances!D3:Instances!D3),"median", MEDIAN(Instances!D3:Instances!D3),"min", MIN(Instances!D3:Instances!D3),"max", MAX(Instances!D3:Instances!D3),"diff", MAX(Instances!D3:Instances!D3)-MIN(Instances!D3:Instances!D3))} -> 0 | E3: {=_xlfn.SWITCH($A$2,"average", AVERAGE(Instances!E3:Instances!E3),"median", MEDIAN(Instances!E3:Instances!E3),"min", MIN(Instances!E3:Instances!E3),"max", MAX(Instances!E3:Instances!E3),"diff", MAX(Instances!E3:Instances!E3)-MIN(Instances!E3:Instances!E3))} -> 0 | F3: {=_xlfn.SWITCH($A$2,"average", AVERAGE(Instances!F3:Instances!F3),"median", MEDIAN(Instances!F3:Instances!F3),"min", MIN(Instances!F3:Instances!F3),"max", MAX(Instances!F3:Instances!F3),"diff", MAX(Instances!F3:Instances!F3)-MIN(Instances!F3:Instances!F3))} -> 0 | G3: {=_xlfn.SWITCH($A$2,"average", AVERAGE(Instances!G3:Instances!G3),"median", MEDIAN(Instances!G3:Instances!G3),"min", MIN(Instances!G3:Instances!G3),"max", MAX(Instances!G3:Instances!G3),"diff", MAX(Instances!G3:Instances!G3)-MIN(Instances!G3:Instances!G3))} -> 0 | H3: {=_xlfn.SWITCH($A$2,"average", AVERAGE(Instances!H3:Instances!H3),"median", MEDIAN(Instances!H3:Instances!H3),"min", MIN(Instances!H3:Instances!H3),"max", MAX(Instances!H3:Instances!H3),"diff", MAX(Instances!H3:Instances!H3)-MIN(Instances!H3:Instances!H3))} -> 0 | I3: {=_xlfn.SWITCH($A$2,"average", AVERAGE(Instances!I3:Instances!I3),"median", MEDIAN(Instances!I3:Instances!I3),"min", MIN(Instances!I3:Instances!I3),"max", MAX(Instances!I3:Instances!I3),"diff", MAX(Instances!I3:Instances!I3)-MIN(Instances!I3:Instances!I3))} -> 0 | J3: =MIN($B3,$D3,$F3,$H3) -> 0 | K3: =MIN($C3,$E3,$G3,$I3) -> 0 | L3: =MEDIAN($B3,$D3,$F3,$H3) -> 0 | M3: =MEDIAN($C3,$E3,$G3,$I3) -> 0 | N3: =MAX($B3,$D3,$F3,$H3) -> 0 | O3: =MAX($C3,$E3,$G3,$I3) -> 0
A4: ./travelbike-max10_user-input-p419-v895 | B4: {=_xlfn.SWITCH($A$2,"average", AVERAGE(Instances!B4:Instances!B4),"median", MEDIAN(Instances!B4:Instances!B4),"min", MIN(Instances!B4:Instances!B4),"max", MAX(Instances!B4:Instances!B4),"diff", MAX(Instances!B4:Instances!B4)-MIN(Instances!B4:Instances!B4))} -> 0 | C4: {=_xlfn.SWITCH($A$2,"average", AVERAGE(Instances!C4:Instances!C4),"median", MEDIAN(Instances!C4:Instances!C4),"min", MIN(Instances!C4:Instances!C4),"max", MAX(Instances!C4:Instances!C4),"diff", MAX(Instances!C4:Instances!C4)-MIN(Instances!C4:Instances!C4))} -> 0 | D4: {=_xlfn.SWITCH($A$2,"average", AVERAGE(Instances!D4:Instances!D4),"median", MEDIAN(Instances!D4:Instances!D4),"min", MIN(Instances!D4:Instances!D4),"max", MAX(Instances!D4:Instances!D4),"diff", MAX(Instances!D4:Instances!D4)-MIN(Instances!D4:Instances!D4))} -> 0 | E4: {=_xlfn.SWITCH($A$2,"average", AVERAGE(Instances!E4:Instances!E4),"median", MEDIAN(Instances!E4:Instances!E4),"min", MIN(Instances!E4:Instances!E4),"max", MAX(Instances!E4:Instances!E4),"diff", MAX(Instances!E4:Instances!E4)-MIN(Instances!E4:Instances!E4))} -> 0 | F4: {=_xlfn.SWITCH($A$2,"average", AVERAGE(Instances!F4:Instances!F4),"median", MEDIAN(Instances!F4:Instances!F4),"min", MIN(Instances!F4:Instances!F4),"max", MAX(Instances!F4:Instances!F4),"diff", MAX(Instances!F4:Instances!F4)-MIN(Instances!F4:Instances!F4))} -> 0 | G4: {=_xlfn.SWITCH($A$2,"average", AVERAGE(Instances!G4:Instances!G4),"median", MEDIAN(Instances!G4:Instances!G4),"min", MIN(Instances!G4:Instances!G4),"max", MAX(Instances!G4:Instances!G4),"diff", MAX(Instances!G4:Instances!G4)-MIN(Instances!G4:Instances!G4))} -> 0 | H4: {=_xlfn.SWITCH($A$2,"average", AVERAGE(Instances!H4:Instances!H4),"median", MEDIAN(Instances!H4:Instances!H4),"min", MIN(Instances!H4:Instances!H4),"max", MAX(Instances!H4:Instances!H4),"diff", MAX(Instances!H4:Instances!H4)-MIN(Instances!H4:Instances!H4))} -> 0 | I4: {=_xlfn.SWITCH($A$2,"average", AVERAGE(Instances!I4:Instances!I4),"median", MEDIAN(Instances!I4:Instances!I4),"min", MIN(Instances!I4:Instances!I4),"max", MAX(Instances!I4:Instances!I4),"diff", MAX(Instances!I4:Instances!I4)-MIN(Instances!I4:Instances!I4))} -> 0 | J4: =MIN($B4,$D4,$F4,$H4) -> 0 | K4: =MIN($C4,$E4,$G4,$I4) -> 0 | L4: =MEDIAN($B4,$D4,$F4,$H4) -> 0 | M4: =MEDIAN($C4,$E4,$G4,$I4) -> 0 | N4: =MAX($B4,$D4,$F4,$H4) -> 0 | O4: =MAX($C4,$E4,$G4,$I4) -> 0
A5: ./travelbike-max10_user-input-p425-v981 | B5: {=_xlfn.SWITCH($A$2,"average", AVERAGE(Instances!B5:Instances!B5),"median", MEDIAN(Instances!B5:Instances!B5),"min", MIN(Instances!B5:Instances!B5),"max", MAX(Instances!B5:Instances!B5),"diff", MAX(Instances!B5:Instances!B5)-MIN(Instances!B5:Instances!B5))} -> 0 | C5: {=_xlfn.SWITCH($A$2,"average", AVERAGE(Instances!C5:Instances!C5),"median", MEDIAN(Instances!C5:Instances!C5),"min", MIN(Instances!C5:Instances!C5),"max", MAX(Instances!C5:Instances!C5),"diff", MAX(Instances!C5:Instances!C5)-MIN(Instances!C5:Instances!C5))} -> 0 | D5: {=_xlfn.SWITCH($A$2,"average", AVERAGE(Instances!D5:Instances!D5),"median", MEDIAN(Instances!D5:Instances!D5),"min", MIN(Instances!D5:Instances!D5),"max", MAX(Instances!D5:Instances!D5),"diff", MAX(Instances!D5:Instances!D5)-MIN(Instances!D5:Instances!D5))} -> 0 | E5: {=_xlfn.SWITCH($A$2,"average", AVERAGE(Instances!E5:Instances!E5),"median", MEDIAN(Instances!E5:Instances!E5),"min", MIN(Instances!E5:Instances!E5),"max", MAX(Instances!E5:Instances!E5),"diff", MAX(Instances!E5:Instances!E5)-MIN(Instances!E5:Instances!E5))} -> 0 | F5: {=_xlfn.SWITCH($A$2,"average", AVERAGE(Instances!F5:Instances!F5),"median", MEDIAN(Instances!F5:Instances!F5),"min", MIN(Instances!F5:Instances!F5),"max", MAX(Instances!F5:Instances!F5),"diff", MAX(Instances!F5:Instances!F5)-MIN(Instances!F5:Instances!F5))} -> 0 | G5: {=_xlfn.SWITCH($A$2,"average", AVERAGE(Instances!G5:Instances!G5),"median", MEDIAN(Instances!G5:Instances!G5),"min", MIN(Instances!G5:Instances!G5),"max", MAX(Instances!G5:Instances!G5),"diff", MAX(Instances!G5:Instances!G5)-MIN(Instances!G5:Instances!G5))} -> 0 | H5: {=_xlfn.SWITCH($A$2,"average", AVERAGE(Instances!H5:Instances!H5),"median", MEDIAN(Instances!H5:Instances!H5),"min", MIN(Instances!H5:Instances!H5),"max", MAX(Instances!H5:Instances!H5),"diff", MAX(Instances!H5:Instances!H5)-MIN(Instances!H5:Instances!H5))} -> 0 | I5: {=_xlfn.SWITCH($A$2,"average", AVERAGE(Instances!I5:Instances!I5),"median", MEDIAN(Instances!I5:Instances!I5),"min", MIN(Instances!I5:Instances!I5),"max", MAX(Instances!I5:Instances!I5),"diff", MAX(Instances!I5:Instances!I5)-MIN(Instances!I5:Instances!I5))} -> 0 | J5: =MIN($B5,$D5,$F5,$H5) -> 0 | K5: =MIN($C5,$E5,$G5,$I5) -> 0 | L5: =MEDIAN($B5,$D5,$F5,$H5) -> 0 | M5: =MEDIAN($C5,$E5,$G5,$I5) -> 0 | N5: =MAX($B5,$D5,$F5,$H5) -> 0 | O5: =MAX($C5,$E5,$G5,$I5) -> 0
A6: ./travelbike-max10_user-input-p480-v206 | B6: {=_xlfn.SWITCH($A$2,"average", AVERAGE(Instances!B6:Instances!B6),"median", MEDIAN(Instances!B6:Instances!B6),"min", MIN(Instances!B6:Instances!B6),"max", MAX(Instances!B6:Instances!B6),"diff", MAX(Instances!B6:Instances!B6)-MIN(Instances!B6:Instances!B6))} -> 0 | C6: {=_xlfn.SWITCH($A$2,"average", AVERAGE(Instances!C6:Instances!C6),"median", MEDIAN(Instances!C6:Instances!C6),"min", MIN(Instances!C6:Instances!C6),"max", MAX(Instances!C6:Instances!C6),"diff", MAX(Instances!C6:Instances!C6)-MIN(Instances!C6:Instances!C6))} -> 0 | D6: {=_xlfn.SWITCH($A$2,"average", AVERAGE(Instances!D6:Instances!D6),"median", MEDIAN(Instances!D6:Instances!D6),"min", MIN(Instances!D6:Instances!D6),"max", MAX(Instances!D6:Instances!D6),"diff", MAX(Instances!D6:Instances!D6)-MIN(Instances!D6:Instances!D6))} -> 0 | E6: {=_xlfn.SWITCH($A$2,"average", AVERAGE(Instances!E6:Instances!E6),"median", MEDIAN(Instances!E6:Instances!E6),"min", MIN(Instances!E6:Instances!E6),"max", MAX(Instances!E6:Instances!E6),"diff", MAX(Instances!E6:Instances!E6)-MIN(Instances!E6:Instances!E6))} -> 0 | F6: {=_xlfn.SWITCH($A$2,"average", AVERAGE(Instances!F6:Instances!F6),"median", MEDIAN(Instances!F6:Instances!F6),"min", MIN(Instances!F6:Instances!F6),"max", MAX(Instances!F6:Instances!F6),"diff", MAX(Instances!F6:Instances!F6)-MIN(Instances!F6:Instances!F6))} -> 0 | G6: {=_xlfn.SWITCH($A$2,"average", AVERAGE(Instances!G6:Instances!G6),"median", MEDIAN(Instances!G6:Instances!G6),"min", MIN(Instances!G6:Instances!G6),"max", MAX(Instances!G6:Instances!G6),"diff", MAX(Instances!G6:Instances!G6)-MIN(Instances!G6:Instances!G6))} -> 0 | H6: {=_xlfn.SWITCH($A$2,"average", AVERAGE(Instances!H6:Instances!H6),"median", MEDIAN(Instances!H6:Instances!H6),"min", MIN(Instances!H6:Instances!H6),"max", MAX(Instances!H6:Instances!H6),"diff", MAX(Instances!H6:Instances!H6)-MIN(Instances!H6:Instances!H6))} -> 0 | I6: {=_xlfn.SWITCH($A$2,"average", AVERAGE(Instances!I6:Instances!I6),"median", MEDIAN(Instances!I6:Instances!I6),"min", MIN(Instances!I6:Instances!I6),"max", MAX(Instances!I6:Instances!I6),"diff", MAX(Instances!I6:Instances!I6)-MIN(Instances!I6:Instances!I6))} -> 0 | J6: =MIN($B6,$D6,$F6,$H6) -> 0 | K6: =MIN($C6,$E6,$G6,$I6) -> 0 | L6: =MEDIAN($B6,$D6,$F6,$H6) -> 0 | M6: =MEDIAN($C6,$E6,$G6,$I6) -> 0 | N6: =MAX($B6,$D6,$F6,$H6) -> 0 | O6: =MAX($C6,$E6,$G6,$I6) -> 0
A7: ./travelbike-max10_user-input-p62-v812 | B7: {=_xlfn.SWITCH($A$2,"average", AVERAGE(Instances!B7:Instances!B7),"median", MEDIAN(Instances!B7:Instances!B7),"min", MIN(Instances!B7:Instances!B7),"max", MAX(Instances!B7:Instances!B7),"diff", MAX(Instances!B7:Instances!B7)-MIN(Instances!B7:Instances!B7))} -> 0 | C7: {=_xlfn.SWITCH($A$2,"average", AVERAGE(Instances!C7:Instances!C7),"median", MEDIAN(Instances!C7:Instances!C7),"min", MIN(Instances!C7:Instances!C7),"max", MAX(Instances!C7:Instances!C7),"diff", MAX(Instances!C7:Instances!C7)-MIN(Instances!C7:Instances!C7))} -> 0 | D7: {=_xlfn.SWITCH($A$2,"average", AVERAGE(Instances!D7:Instances!D7),"median", MEDIAN(Instances!D7:Instances!D7),"min", MIN(Instances!D7:Instances!D7),"max", MAX(Instances!D7:Instances!D7),"diff", MAX(Instances!D7:Instances!D7)-MIN(Instances!D7:Instances!D7))} -> 0 | E7: {=_xlfn.SWITCH($A$2,"average", AVERAGE(Instances!E7:Instances!E7),"median", MEDIAN(Instances!E7:Instances!E7),"min", MIN(Instances!E7:Instances!E7),"max", MAX(Instances!E7:Instances!E7),"diff", MAX(Instances!E7:Instances!E7)-MIN(Instances!E7:Instances!E7))} -> 0 | F7: {=_xlfn.SWITCH($A$2,"average", AVERAGE(Instances!F7:Instances!F7),"median", MEDIAN(Instances!F7:Instances!F7),"min", MIN(Instances!F7:Instances!F7),"max", MAX(Instances!F7:Instances!F7),"diff", MAX(Instances!F7:Instances!F7)-MIN(Instances!F7:Instances!F7))} -> 0 | G7: {=_xlfn.SWITCH($A$2,"average", AVERAGE(Instances!G7:Instances!G7),"median", MEDIAN(Instances!G7:Instances!G7),"min", MIN(Instances!G7:Instances!G7),"max", MAX(Instances!G7:Instances!G7),"diff", MAX(Instances!G7:Instances!G7)-MIN(Instances!G7:Instances!G7))} -> 0 | H7: {=_xlfn.SWITCH($A$2,"average", AVERAGE(Instances!H7:Instances!H7),"median", MEDIAN(Instances!H7:Instances!H7),"min", MIN(Instances!H7:Instances!H7),"max", MAX(Instances!H7:Instances!H7),"diff", MAX(Instances!H7:Instances!H7)-MIN(Instances!H7:Instances!H7))} -> 0 | I7: {=_xlfn.SWITCH($A$2,"average", AVERAGE(Instances!I7:Instances!I7),"median", MEDIAN(Instances!I7:Instances!I7),"min", MIN(Instances!I7:Instances!I7),"max", MAX(Instances!I7:Instances!I7),"diff", MAX(Instances!I7:Instances!I7)-MIN(Instances!I7:Instances!I7))} -> 0 | J7: =MIN($B7,$D7,$F7,$H7) -> 0 | K7: =MIN($C7,$E7,$G7,$I7) -> 0 | L7: =MEDIAN($B7,$D7,$F7,$H7) -> 0 | M7: =MEDIAN($C7,$E7,$G7,$I7) -> 0 | N7: =MAX($B7,$D7,$F7,$H7) -> 0 | O7: =MAX($C7,$E7,$G7,$I7) -> 0
A8: ./travelbike-max10_user-input-p753-v757 | B8: {=_xlfn.SWITCH($A$2,"average", AVERAGE(Instances!B8:Instances!B8),"median", MEDIAN(Instances!B8:Instances!B8),"min", MIN(Instances!B8:Instances!B8),"max", MAX(Instances!B8:Instances!B8),"diff", MAX(Instances!B8:Instances!B8)-MIN(Instances!B8:Instances!B8))} -> 0 | C8: {=_xlfn.SWITCH($A$2,"average", AVERAGE(Instances!C8:Instances!C8),"median", MEDIAN(Instances!C8:Instances!C8),"min", MIN(Instances!C8:Instances!C8),"max", MAX(Instances!C8:Instances!C8),"diff", MAX(Instances!C8:Instances!C8)-MIN(Instances!C8:Instances!C8))} -> 0 | D8: {=_xlfn.SWITCH($A$2,"average", AVERAGE(Instances!D8:Instances!D8),"median", MEDIAN(Instances!D8:Instances!D8),"min", MIN(Instances!D8:Instances!D8),"max", MAX(Instances!D8:Instances!D8),"diff", MAX(Instances!D8:Instances!D8)-MIN(Instances!D8:Instances!D8))} -> 0 | E8: {=_xlfn.SWITCH($A$2,"average", AVERAGE(Instances!E8:Instances!E8),"median", MEDIAN(Instances!E8:Instances!E8),"min", MIN(Instances!E8:Instances!E8),"max", MAX(Instances!E8:Instances!E8),"diff", MAX(Instances!E8:Instances!E8)-MIN(Instances!E8:Instances!E8))} -> 0 | F8: {=_xlfn.SWITCH($A$2,"average", AVERAGE(Instances!F8:Instances!F8),"median", MEDIAN(Instances!F8:Instances!F8),"min", MIN(Instances!F8:Instances!F8),"max", MAX(Instances!F8:Instances!F8),"diff", MAX(Instances!F8:Instances!F8)-MIN(Instances!F8:Instances!F8))} -> 0 | G8: {=_xlfn.SWITCH($A$2,"average", AVERAGE(Instances!G8:Instances!G8),"median", MEDIAN(Instances!G8:Instances!G8),"min", MIN(Instances!G8:Instances!G8),"max", MAX(Instances!G8:Instances!G8),"diff", MAX(Instances!G8:Instances!G8)-MIN(Instances!G8:Instances!G8))} -> 0 | H8: {=_xlfn.SWITCH($A$2,"average", AVERAGE(Instances!H8:Instances!H8),"median", MEDIAN(Instances!H8:Instances!H8),"min", MIN(Instances!H8:Instances!H8),"max", MAX(Instances!H8:Instances!H8),"diff", MAX(Instances!H8:Instances!H8)-MIN(Instances!H8:Instances!H8))} -> 0 | I8: {=_xlfn.SWITCH($A$2,"average", AVERAGE(Instances!I8:Instances!I8),"median", MEDIAN(Instances!I8:Instances!I8),"min", MIN(Instances!I8:Instances!I8),"max", MAX(Instances!I8:Instances!I8),"diff", MAX(Instances!I8:Instances!I8)-MIN(Instances!I8:Instances!I8))} -> 0 | J8: =MIN($B8,$D8,$F8,$H8) -> 0 | K8: =MIN($C8,$E8,$G8,$I8) -> 0 | L8: =MEDIAN($B8,$D8,$F8,$H8) -> 0 | M8: =MEDIAN($C8,$E8,$G8,$I8) -> 0 | N8: =MAX($B8,$D8,$F8,$H8) -> 0 | O8: =MAX($C8,$E8,$G8,$I8) -> 0
A9: ./travelbike-max10_user-input-p800-v879 | B9: {=_xlfn.SWITCH($A$2,"average", AVERAGE(Instances!B9:Instances!B9),"median", MEDIAN(Instances!B9:Instances!B9),"min", MIN(Instances!B9:Instances!B9),"max", MAX(Instances!B9:Instances!B9),"diff", MAX(Instances!B9:Instances!B9)-MIN(Instances!B9:Instances!B9))} -> 0 | C9: {=_xlfn.SWITCH($A$2,"average", AVERAGE(Instances!C9:Instances!C9),"median", MEDIAN(Instances!C9:Instances!C9),"min", MIN(Instances!C9:Instances!C9),"max", MAX(Instances!C9:Instances!C9),"diff", MAX(Instances!C9:Instances!C9)-MIN(Instances!C9:Instances!C9))} -> 0 | D9: {=_xlfn.SWITCH($A$2,"average", AVERAGE(Instances!D9:Instances!D9),"median", MEDIAN(Instances!D9:Instances!D9),"min", MIN(Instances!D9:Instances!D9),"max", MAX(Instances!D9:Instances!D9),"diff", MAX(Instances!D9:Instances!D9)-MIN(Instances!D9:Instances!D9))} -> 0 | E9: {=_xlfn.SWITCH($A$2,"average", AVERAGE(Instances!E9:Instances!E9),"median", MEDIAN(Instances!E9:Instances!E9),"min", MIN(Instances!E9:Instances!E9),"max", MAX(Instances!E9:Instances!E9),"diff", MAX(Instances!E9:Instances!E9)-MIN(Instances!E9:Instances!E9))} -> 0 | F9: {=_xlfn.SWITCH($A$2,"average", AVERAGE(Instances!F9:Instances!F9),"median", MEDIAN(Instances!F9:Instances!F9),"min", MIN(Instances!F9:Instances!F9),"max", MAX(Instances!F9:Instances!F9),"diff", MAX(Instances!F9:Instances!F9)-MIN(Instances!F9:Instances!F9))} -> 0 | G9: {=_xlfn.SWITCH($A$2,"average", AVERAGE(Instances!G9:Instances!G9),"median", MEDIAN(Instances!G9:Instances!G9),"min", MIN(Instances!G9:Instances!G9),"max", MAX(Instances!G9:Instances!G9),"diff", MAX(Instances!G9:Instances!G9)-MIN(Instances!G9:Instances!G9))} -> 0 | H9: {=_xlfn.SWITCH($A$2,"average", AVERAGE(Instances!H9:Instances!H9),"median", MEDIAN(Instances!H9:Instances!H9),"min", MIN(Instances!H9:Instances!H9),"max", MAX(Instances!H9:Instances!H9),"diff", MAX(Instances!H9:Instances!H9)-MIN(Instances!H9:Instances!H9))} -> 0 | I9: {=_xlfn.SWITCH($A$2,"average", AVERAGE(Instances!I9:Instances!I9),"median", MEDIAN(Instances!I9:Instances!I9),"min", MIN(Instances!I9:Instances!I9),"max", MAX(Instances!I9:Instances!I9),"diff", MAX(Instances!I9:Instances!I9)-MIN(Instances!I9:Instances!I9))} -> 0 | J9: =MIN($B9,$D9,$F9,$H9) -> 0 | K9: =MIN($C9,$E9,$G9,$I9) -> 0 | L9: =MEDIAN($B9,$D9,$F9,$H9) -> 0 | M9: =MEDIAN($C9,$E9,$G9,$I9) -> 0 | N9: =MAX($B9,$D9,$F9,$H9) -> 0 | O9: =MAX($C9,$E9,$G9,$I9) -> 0
A10: ./travelbike-max10_user-input-p84-v603 | B10: {=_xlfn.SWITCH($A$2,"average", AVERAGE(Instances!B10:Instances!B10),"median", MEDIAN(Instances!B10:Instances!B10),"min", MIN(Instances!B10:Instances!B10),"max", MAX(Instances!B10:Instances!B10),"diff", MAX(Instances!B10:Instances!B10)-MIN(Instances!B10:Instances!B10))} -> 0 | C10: {=_xlfn.SWITCH($A$2,"average", AVERAGE(Instances!C10:Instances!C10),"median", MEDIAN(Instances!C10:Instances!C10),"min", MIN(Instances!C10:Instances!C10),"max", MAX(Instances!C10:Instances!C10),"diff", MAX(Instances!C10:Instances!C10)-MIN(Instances!C10:Instances!C10))} -> 0 | D10: {=_xlfn.SWITCH($A$2,"average", AVERAGE(Instances!D10:Instances!D10),"median", MEDIAN(Instances!D10:Instances!D10),"min", MIN(Instances!D10:Instances!D10),"max", MAX(Instances!D10:Instances!D10),"diff", MAX(Instances!D10:Instances!D10)-MIN(Instances!D10:Instances!D10))} -> 0 | E10: {=_xlfn.SWITCH($A$2,"average", AVERAGE(Instances!E10:Instances!E10),"median", MEDIAN(Instances!E10:Instances!E10),"min", MIN(Instances!E10:Instances!E10),"max", MAX(Instances!E10:Instances!E10),"diff", MAX(Instances!E10:Instances!E10)-MIN(Instances!E10:Instances!E10))} -> 0 | F10: {=_xlfn.SWITCH($A$2,"average", AVERAGE(Instances!F10:Instances!F10),"median", MEDIAN(Instances!F10:Instances!F10),"min", MIN(Instances!F10:Instances!F10),"max", MAX(Instances!F10:Instances!F10),"diff", MAX(Instances!F10:Instances!F10)-MIN(Instances!F10:Instances!F10))} -> 0 | G10: {=_xlfn.SWITCH($A$2,"average", AVERAGE(Instances!G10:Instances!G10),"median", MEDIAN(Instances!G10:Instances!G10),"min", MIN(Instances!G10:Instances!G10),"max", MAX(Instances!G10:Instances!G10),"diff", MAX(Instances!G10:Instances!G10)-MIN(Instances!G10:Instances!G10))} -> 0 | H10: {=_xlfn.SWITCH($A$2,"average", AVERAGE(Instances!H10:Instances!H10),"median", MEDIAN(Instances!H10:Instances!H10),"min", MIN(Instances!H10:Instances!H10),"max", MAX(Instances!H10:Instances!H10),"diff", MAX(Instances!H10:Instances!H10)-MIN(Instances!H10:Instances!H10))} -> 0 | I10: {=_xlfn.SWITCH($A$2,"average", AVERAGE(Instances!I10:Instances!I10),"median", MEDIAN(Instances!I10:Instances!I10),"min", MIN(Instances!I10:Instances!I10),"max", MAX(Instances!I10:Instances!I10),"diff", MAX(Instances!I10:Instances!I10)-MIN(Instances!I10:Instances!I10))} -> 0 | J10: =MIN($B10,$D10,$F10,$H10) -> 0 | K10: =MIN($C10,$E10,$G10,$I10) -> 0 | L10: =MEDIAN($B10,$D10,$F10,$H10) -> 0 | M10: =MEDIAN($C10,$E10,$G10,$I10) -> 0 | N10: =MAX($B10,$D10,$F10,$H10) -> 0 | O10: =MAX($C10,$E10,$G10,$I10) -> 0
A11: ./travelbike-max10_user-input-p885-v252 | B11: {=_xlfn.SWITCH($A$2,"average", AVERAGE(Instances!B11:Instances!B11),"median", MEDIAN(Instances!B11:Instances!B11),"min", MIN(Instances!B11:Instances!B11),"max", MAX(Instances!B11:Instances!B11),"diff", MAX(Instances!B11:Instances!B11)-MIN(Instances!B11:Instances!B11))} -> 0 | C11: {=_xlfn.SWITCH($A$2,"average", AVERAGE(Instances!C11:Instances!C11),"median", MEDIAN(Instances!C11:Instances!C11),"min", MIN(Instances!C11:Instances!C11),"max", MAX(Instances!C11:Instances!C11),"diff", MAX(Instances!C11:Instances!C11)-MIN(Instances!C11:Instances!C11))} -> 0 | D11: {=_xlfn.SWITCH($A$2,"average", AVERAGE(Instances!D11:Instances!D11),"median", MEDIAN(Instances!D11:Instances!D11),"min", MIN(Instances!D11:Instances!D11),"max", MAX(Instances!D11:Instances!D11),"diff", MAX(Instances!D11:Instances!D11)-MIN(Instances!D11:Instances!D11))} -> 0 | E11: {=_xlfn.SWITCH($A$2,"average", AVERAGE(Instances!E11:Instances!E11),"median", MEDIAN(Instances!E11:Instances!E11),"min", MIN(Instances!E11:Instances!E11),"max", MAX(Instances!E11:Instances!E11),"diff", MAX(Instances!E11:Instances!E11)-MIN(Instances!E11:Instances!E11))} -> 0 | F11: {=_xlfn.SWITCH($A$2,"average", AVERAGE(Instances!F11:Instances!F11),"median", MEDIAN(Instances!F11:Instances!F11),"min", MIN(Instances!F11:Instances!F11),"max", MAX(Instances!F11:Instances!F11),"diff", MAX(Instances!F11:Instances!F11)-MIN(Instances!F11:Instances!F11))} -> 0 | G11: {=_xlfn.SWITCH($A$2,"average", AVERAGE(Instances!G11:Instances!G11),"median", MEDIAN(Instances!G11:Instances!G11),"min", MIN(Instances!G11:Instances!G11),"max", MAX(Instances!G11:Instances!G11),"diff", MAX(Instances!G11:Instances!G11)-MIN(Instances!G11:Instances!G11))} -> 0 | H11: {=_xlfn.SWITCH($A$2,"average", AVERAGE(Instances!H11:Instances!H11),"median", MEDIAN(Instances!H11:Instances!H11),"min", MIN(Instances!H11:Instances!H11),"max", MAX(Instances!H11:Instances!H11),"diff", MAX(Instances!H11:Instances!H11)-MIN(Instances!H11:Instances!H11))} -> 0 | I11: {=_xlfn.SWITCH($A$2,"average", AVERAGE(Instances!I11:Instances!I11),"median", MEDIAN(Instances!I11:Instances!I11),"min", MIN(Instances!I11:Instances!I11),"max", MAX(Instances!I11:Instances!I11),"diff", MAX(Instances!I11:Instances!I11)-MIN(Instances!I11:Instances!I11))} -> 0 | J11: =MIN($B11,$D11,$F11,$H11) -> 0 | K11: =MIN($C11,$E11,$G11,$I11) -> 0 | L11: =MEDIAN($B11,$D11,$F11,$H11) -> 0 | M11: =MEDIAN($C11,$E11,$G11,$I11) -> 0 | N11: =MAX($B11,$D11,$F11,$H11) -> 0 | O11: =MAX($C11,$E11,$G11,$I11) -> 0
A12: ./travelbike-max10_user-input-p888-v811 | B12: {=_xlfn.SWITCH($A$2,"average", AVERAGE(Instances!B12:Instances!B12),"median", MEDIAN(Instances!B12:Instances!B12),"min", MIN(Instances!B12:Instances!B12),"max", MAX(Instances!B12:Instances!B12),"diff", MAX(Instances!B12:Instances!B12)-MIN(Instances!B12:Instances!B12))} -> 0 | C12: {=_xlfn.SWITCH($A$2,"average", AVERAGE(Instances!C12:Instances!C12),"median", MEDIAN(Instances!C12:Instances!C12),"min", MIN(Instances!C12:Instances!C12),"max", MAX(Instances!C12:Instances!C12),"diff", MAX(Instances!C12:Instances!C12)-MIN(Instances!C12:Instances!C12))} -> 0 | D12: {=_xlfn.SWITCH($A$2,"average", AVERAGE(Instances!D12:Instances!D12),"median", MEDIAN(Instances!D12:Instances!D12),"min", MIN(Instances!D12:Instances!D12),"max", MAX(Instances!D12:Instances!D12),"diff", MAX(Instances!D12:Instances!D12)-MIN(Instances!D12:Instances!D12))} -> 0 | E12: {=_xlfn.SWITCH($A$2,"average", AVERAGE(Instances!E12:Instances!E12),"median", MEDIAN(Instances!E12:Instances!E12),"min", MIN(Instances!E12:Instances!E12),"max", MAX(Instances!E12:Instances!E12),"diff", MAX(Instances!E12:Instances!E12)-MIN(Instances!E12:Instances!E12))} -> 0 | F12: {=_xlfn.SWITCH($A$2,"average", AVERAGE(Instances!F12:Instances!F12),"median", MEDIAN(Instances!F12:Instances!F12),"min", MIN(Instances!F12:Instances!F12),"max", MAX(Instances!F12:Instances!F12),"diff", MAX(Instances!F12:Instances!F12)-MIN(Instances!F12:Instances!F12))} -> 0 | G12: {=_xlfn.SWITCH($A$2,"average", AVERAGE(Instances!G12:Instances!G12),"median", MEDIAN(Instances!G12:Instances!G12),"min", MIN(Instances!G12:Instances!G12),"max", MAX(Instances!G12:Instances!G12),"diff", MAX(Instances!G12:Instances!G12)-MIN(Instances!G12:Instances!G12))} -> 0 | H12: {=_xlfn.SWITCH($A$2,"average", AVERAGE(Instances!H12:Instances!H12),"median", MEDIAN(Instances!H12:Instances!H12),"min", MIN(Instances!H12:Instances!H12),"max", MAX(Instances!H12:Instances!H12),"diff", MAX(Instances!H12:Instances!H12)-MIN(Instances!H12:Instances!H12))} -> 0 | I12: {=_xlfn.SWITCH($A$2,"average", AVERAGE(Instances!I12:Instances!I12),"median", MEDIAN(Instances!I12:Instances!I12),"min", MIN(Instances!I12:Instances!I12),"max", MAX(Instances!I12:Instances!I12),"diff", MAX(Instances!I12:Instances!I12)-MIN(Instances!I12:Instances!I12))} -> 0 | J12: =MIN($B12,$D12,$F12,$H12) -> 0 | K12: =MIN($C12,$E12,$G12,$I12) -> 0 | L12: =MEDIAN($B12,$D12,$F12,$H12) -> 0 | M12: =MEDIAN($C12,$E12,$G12,$I12) -> 0 | N12: =MAX($B12,$D12,$F12,$H12) -> 0 | O12: =MAX($C12,$E12,$G12,$I12) -> 0
A13: ./travelbike-max15_user-input-p1161-v435 | B13: {=_xlfn.SWITCH($A$2,"average", AVERAGE(Instances!B13:Instances!B13),"median", MEDIAN(Instances!B13:Instances!B13),"min", MIN(Instances!B13:Instances!B13),"max", MAX(Instances!B13:Instances!B13),"diff", MAX(Instances!B13:Instances!B13)-MIN(Instances!B13:Instances!B13))} -> 0 | C13: {=_xlfn.SWITCH($A$2,"average", AVERAGE(Instances!C13:Instances!C13),"median", MEDIAN(Instances!C13:Instances!C13),"min", MIN(Instances!C13:Instances!C13),"max", MAX(Instances!C13:Instances!C13),"diff", MAX(Instances!C13:Instances!C13)-MIN(Instances!C13:Instances!C13))} -> 0 | D13: {=_xlfn.SWITCH($A$2,"average", AVERAGE(Instances!D13:Instances!D13),"median", MEDIAN(Instances!D13:Instances!D13),"min", MIN(Instances!D13:Instances!D13),"max", MAX(Instances!D13:Instances!D13),"diff", MAX(Instances!D13:Instances!D13)-MIN(Instances!D13:Instances!D13))} -> 0 | E13: {=_xlfn.SWITCH($A$2,"average", AVERAGE(Instances!E13:Instances!E13),"median", MEDIAN(Instances!E13:Instances!E13),"min", MIN(Instances!E13:Instances!E13),"max", MAX(Instances!E13:Instances!E13),"diff", MAX(Instances!E13:Instances!E13)-MIN(Instances!E13:Instances!E13))} -> 0 | F13: {=_xlfn.SWITCH($A$2,"average", AVERAGE(Instances!F13:Instances!F13),"median", MEDIAN(Instances!F13:Instances!F13),"min", MIN(Instances!F13:Instances!F13),"max", MAX(Instances!F13:Instances!F13),"diff", MAX(Instances!F13:Instances!F13)-MIN(Instances!F13:Instances!F13))} -> 0 | G13: {=_xlfn.SWITCH($A$2,"average", AVERAGE(Instances!G13:Instances!G13),"median", MEDIAN(Instances!G13:Instances!G13),"min", MIN(Instances!G13:Instances!G13),"max", MAX(Instances!G13:Instances!G13),"diff", MAX(Instances!G13:Instances!G13)-MIN(Instances!G13:Instances!G13))} -> 0 | H13: {=_xlfn.SWITCH($A$2,"average", AVERAGE(Instances!H13:Instances!H13),"median", MEDIAN(Instances!H13:Instances!H13),"min", MIN(Instances!H13:Instances!H13),"max", MAX(Instances!H13:Instances!H13),"diff", MAX(Instances!H13:Instances!H13)-MIN(Instances!H13:Instances!H13))} -> 0 | I13: {=_xlfn.SWITCH($A$2,"average", AVERAGE(Instances!I13:Instances!I13),"median", MEDIAN(Instances!I13:Instances!I13),"min", MIN(Instances!I13:Instances!I13),"max", MAX(Instances!I13:Instances!I13),"diff", MAX(Instances!I13:Instances!I13)-MIN(Instances!I13:Instances!I13))} -> 0 | J13: =MIN($B13,$D13,$F13,$H13) -> 0 | K13: =MIN($C13,$E13,$G13,$I13) -> 0 | L13: =MEDIAN($B13,$D13,$F13,$H13) -> 0 | M13: =MEDIAN($C13,$E13,$G13,$I13) -> 0 | N13: =MAX($B13,$D13,$F13,$H13) -> 0 | O13: =MAX($C13,$E13,$G13,$I13) -> 0
A14: ./travelbike-max15_user-input-p175-v424 | B14: {=_xlfn.SWITCH($A$2,"average", AVERAGE(Instances!B14:Instances!B14),"median", MEDIAN(Instances!B14:Instances!B14),"min", MIN(Instances!B14:Instances!B14),"max", MAX(Instances!B14:Instances!B14),"diff", MAX(Instances!B14:Instances!B14)-MIN(Instances!B14:Instances!B14))} -> 0 | C14: {=_xlfn.SWITCH($A$2,"average", AVERAGE(Instances!C14:Instances!C14),"median", MEDIAN(Instances!C14:Instances!C14),"min", MIN(Instances!C14:Instances!C14),"max", MAX(Instances!C14:Instances!C14),"diff", MAX(Instances!C14:Instances!C14)-MIN(Instances!C14:Instances!C14))} -> 0 | D14: {=_xlfn.SWITCH($A$2,"average", AVERAGE(Instances!D14:Instances!D14),"median", MEDIAN(Instances!D14:Instances!D14),"min", MIN(Instances!D14:Instances!D14),"max", MAX(Instances!D14:Instances!D14),"diff", MAX(Instances!D14:Instances!D14)-MIN(Instances!D14:Instances!D14))} -> 0 | E14: {=_xlfn.SWITCH($A$2,"average", AVERAGE(Instances!E14:Instances!E14),"median", MEDIAN(Instances!E14:Instances!E14),"min", MIN(Instances!E14:Instances!E14),"max", MAX(Instances!E14:Instances!E14),"diff", MAX(Instances!E14:Instances!E14)-MIN(Instances!E14:Instances!E14))} -> 0 | F14: {=_xlfn.SWITCH($A$2,"average", AVERAGE(Instances!F14:Instances!F14),"median", MEDIAN(Instances!F14:Instances!F14),"min", MIN(Instances!F14:Instances!F14),"max", MAX(Instances!F14:Instances!F14),"diff", MAX(Instances!F14:Instances!F14)-MIN(Instances!F14:Instances!F14))} -> 0 | G14: {=_xlfn.SWITCH($A$2,"average", AVERAGE(Instances!G14:Instances!G14),"median", MEDIAN(Instances!G14:Instances!G14),"min", MIN(Instances!G14:Instances!G14),"max", MAX(Instances!G14:Instances!G14),"diff", MAX(Instances!G14:Instances!G14)-MIN(Instances!G14:Instances!G14))} -> 0 | H14: {=_xlfn.SWITCH($A$2,"average", AVERAGE(Instances!H14:Instances!H14),"median", MEDIAN(Instances!H14:Instances!H14),"min", MIN(Instances!H14:Instances!H14),"max", MAX(Instances!H14:Instances!H14),"diff", MAX(Instances!H14:Instances!H14)-MIN(Instances!H14:Instances!H14))} -> 0 | I14: {=_xlfn.SWITCH($A$2,"average", AVERAGE(Instances!I14:Instances!I14),"median", MEDIAN(Instances!I14:Instances!I14),"min", MIN(Instances!I14:Instances!I14),"max", MAX(Instances!I14:Instances!I14),"diff", MAX(Instances!I14:Instances!I14)-MIN(Instances!I14:Instances!I14))} -> 0 | J14: =MIN($B14,$D14,$F14,$H14) -> 0 | K14: =MIN($C14,$E14,$G14,$I14) -> 0 | L14: =MEDIAN($B14,$D14,$F14,$H14) -> 0 | M14: =MEDIAN($C14,$E14,$G14,$I14) -> 0 | N14: =MAX($B14,$D14,$F14,$H14) -> 0 | O14: =MAX($C14,$E14,$G14,$I14) -> 0
... A42: ./travelbike-max5_user-input-p92-v415 | B42: {=_xlfn.SWITCH($A$2,"average", AVERAGE(Instances!B42:Instances!B42),"median", MEDIAN(Instances!B42:Instances!B42),"min", MIN(Instances!B42:Instances!B42),"max", MAX(Instances!B42:Instances!B42),"diff", MAX(Instances!B42:Instances!B42)-MIN(Instances!B42:Instances!B42))} -> 0 | C42: {=_xlfn.SWITCH($A$2,"average", AVERAGE(Instances!C42:Instances!C42),"median", MEDIAN(Instances!C42:Instances!C42),"min", MIN(Instances!C42:Instances!C42),"max", MAX(Instances!C42:Instances!C42),"diff", MAX(Instances!C42:Instances!C42)-MIN(Instances!C42:Instances!C42))} -> 0 | D42: {=_xlfn.SWITCH($A$2,"average", AVERAGE(Instances!D42:Instances!D42),"median", MEDIAN(Instances!D42:Instances!D42),"min", MIN(Instances!D42:Instances!D42),"max", MAX(Instances!D42:Instances!D42),"diff", MAX(Instances!D42:Instances!D42)-MIN(Instances!D42:Instances!D42))} -> 0 | E42: {=_xlfn.SWITCH($A$2,"average", AVERAGE(Instances!E42:Instances!E42),"median", MEDIAN(Instances!E42:Instances!E42),"min", MIN(Instances!E42:Instances!E42),"max", MAX(Instances!E42:Instances!E42),"diff", MAX(Instances!E42:Instances!E42)-MIN(Instances!E42:Instances!E42))} -> 0 | F42: {=_xlfn.SWITCH($A$2,"average", AVERAGE(Instances!F42:Instances!F42),"median", MEDIAN(Instances!F42:Instances!F42),"min", MIN(Instances!F42:Instances!F42),"max", MAX(Instances!F42:Instances!F42),"diff", MAX(Instances!F42:Instances!F42)-MIN(Instances!F42:Instances!F42))} -> 0 | G42: {=_xlfn.SWITCH($A$2,"average", AVERAGE(Instances!G42:Instances!G42),"median", MEDIAN(Instances!G42:Instances!G42),"min", MIN(Instances!G42:Instances!G42),"max", MAX(Instances!G42:Instances!G42),"diff", MAX(Instances!G42:Instances!G42)-MIN(Instances!G42:Instances!G42))} -> 0 | H42: {=_xlfn.SWITCH($A$2,"average", AVERAGE(Instances!H42:Instances!H42),"median", MEDIAN(Instances!H42:Instances!H42),"min", MIN(Instances!H42:Instances!H42),"max", MAX(Instances!H42:Instances!H42),"diff", MAX(Instances!H42:Instances!H42)-MIN(Instances!H42:Instances!H42))} -> 0 | I42: {=_xlfn.SWITCH($A$2,"average", AVERAGE(Instances!I42:Instances!I42),"median", MEDIAN(Instances!I42:Instances!I42),"min", MIN(Instances!I42:Instances!I42),"max", MAX(Instances!I42:Instances!I42),"diff", MAX(Instances!I42:Instances!I42)-MIN(Instances!I42:Instances!I42))} -> 0 | J42: =MIN($B42,$D42,$F42,$H42) -> 0 | K42: =MIN($C42,$E42,$G42,$I42) -> 0 | L42: =MEDIAN($B42,$D42,$F42,$H42) -> 0 | M42: =MEDIAN($C42,$E42,$G42,$I42) -> 0 | N42: =MAX($B42,$D42,$F42,$H42) -> 0 | O42: =MAX($C42,$E42,$G42,$I42) -> 0
A44: SUM | B44: =SUM(B$3:B$42) -> 0 | C44: =SUM(C$3:C$42) -> 0 | D44: =SUM(D$3:D$42) -> 0 | E44: =SUM(E$3:E$42) -> 0 | F44: =SUM(F$3:F$42) -> 0 | G44: =SUM(G$3:G$42) -> 0 | H44: =SUM(H$3:H$42) -> 0 | I44: =SUM(I$3:I$42) -> 0 | ... O44: =SUM(O$3:O$42) -> 0
A45: AVG | B45: =AVERAGE(B$3:B$42) -> 0 | C45: =AVERAGE(C$3:C$42) -> 0 | D45: =AVERAGE(D$3:D$42) -> 0 | E45: =AVERAGE(E$3:E$42) -> 0 | F45: =AVERAGE(F$3:F$42) -> 0 | G45: =AVERAGE(G$3:G$42) -> 0 | H45: =AVERAGE(H$3:H$42) -> 0 | I45: =AVERAGE(I$3:I$42) -> 0 | ... O45: =AVERAGE(O$3:O$42) -> 0
A46: DEV | B46: =STDEV(B$3:B$42) -> 0 | C46: =STDEV(C$3:C$42) -> 0 | D46: =STDEV(D$3:D$42) -> 0 | E46: =STDEV(E$3:E$42) -> 0 | F46: =STDEV(F$3:F$42) -> 0 | G46: =STDEV(G$3:G$42) -> 0 | H46: =STDEV(H$3:H$42) -> 0 | I46: =STDEV(I$3:I$42) -> 0 | ... O46: =STDEV(O$3:O$42) -> 0
A47: DST | B47: =SUMPRODUCT(--(B$3:B$42-$J$3:$J$42)^2)^0.5 -> 0 | C47: =SUMPRODUCT(--(C$3:C$42-$K$3:$K$42)^2)^0.5 -> 0 | D47: =SUMPRODUCT(--(D$3:D$42-$J$3:$J$42)^2)^0.5 -> 0 | E47: =SUMPRODUCT(--(E$3:E$42-$K$3:$K$42)^2)^0.5 -> 0 | F47: =SUMPRODUCT(--(F$3:F$42-$J$3:$J$42)^2)^0.5 -> 0 | G47: =SUMPRODUCT(--(G$3:G$42-$K$3:$K$42)^2)^0.5 -> 0 | H47: =SUMPRODUCT(--(H$3:H$42-$J$3:$J$42)^2)^0.5 -> 0 | I47: =SUMPRODUCT(--(I$3:I$42-$K$3:$K$42)^2)^0.5 -> 0
A48: BEST | B48: =SUMPRODUCT(NOT(ISBLANK(B$3:B$42))*(B$3:B$42=$J$3:$J$42)) -> 0 | C48: =SUMPRODUCT(NOT(ISBLANK(C$3:C$42))*(C$3:C$42=$K$3:$K$42)) -> 0 | D48: =SUMPRODUCT(NOT(ISBLANK(D$3:D$42))*(D$3:D$42=$J$3:$J$42)) -> 0 | E48: =SUMPRODUCT(NOT(ISBLANK(E$3:E$42))*(E$3:E$42=$K$3:$K$42)) -> 0 | F48: =SUMPRODUCT(NOT(ISBLANK(F$3:F$42))*(F$3:F$42=$J$3:$J$42)) -> 0 | G48: =SUMPRODUCT(NOT(ISBLANK(G$3:G$42))*(G$3:G$42=$K$3:$K$42)) -> 0 | H48: =SUMPRODUCT(NOT(ISBLANK(H$3:H$42))*(H$3:H$42=$J$3:$J$42)) -> 0 | I48: =SUMPRODUCT(NOT(ISBLANK(I$3:I$42))*(I$3:I$42=$K$3:$K$42)) -> 0
A49: BETTER | B49: =SUMPRODUCT(NOT(ISBLANK(B$3:B$42))*(B$3:B$42<$L$3:$L$42)) -> 0 | C49: =SUMPRODUCT(NOT(ISBLANK(C$3:C$42))*(C$3:C$42<$M$3:$M$42)) -> 0 | D49: =SUMPRODUCT(NOT(ISBLANK(D$3:D$42))*(D$3:D$42<$L$3:$L$42)) -> 0 | E49: =SUMPRODUCT(NOT(ISBLANK(E$3:E$42))*(E$3:E$42<$M$3:$M$42)) -> 0 | F49: =SUMPRODUCT(NOT(ISBLANK(F$3:F$42))*(F$3:F$42<$L$3:$L$42)) -> 0 | G49: =SUMPRODUCT(NOT(ISBLANK(G$3:G$42))*(G$3:G$42<$M$3:$M$42)) -> 0 | H49: =SUMPRODUCT(NOT(ISBLANK(H$3:H$42))*(H$3:H$42<$L$3:$L$42)) -> 0 | I49: =SUMPRODUCT(NOT(ISBLANK(I$3:I$42))*(I$3:I$42<$M$3:$M$42)) -> 0
A50: WORSE | B50: =SUMPRODUCT((NOT(ISBLANK(B$3:B$42))*(B$3:B$42>$L$3:$L$42))+ISBLANK(B$3:B$42)) -> 0 | C50: =SUMPRODUCT((NOT(ISBLANK(C$3:C$42))*(C$3:C$42>$M$3:$M$42))+ISBLANK(C$3:C$42)) -> 0 | D50: =SUMPRODUCT((NOT(ISBLANK(D$3:D$42))*(D$3:D$42>$L$3:$L$42))+ISBLANK(D$3:D$42)) -> 0 | E50: =SUMPRODUCT((NOT(ISBLANK(E$3:E$42))*(E$3:E$42>$M$3:$M$42))+ISBLANK(E$3:E$42)) -> 0 | F50: =SUMPRODUCT((NOT(ISBLANK(F$3:F$42))*(F$3:F$42>$L$3:$L$42))+ISBLANK(F$3:F$42)) -> 0 | G50: =SUMPRODUCT((NOT(ISBLANK(G$3:G$42))*(G$3:G$42>$M$3:$M$42))+ISBLANK(G$3:G$42)) -> 0 | H50: =SUMPRODUCT((NOT(ISBLANK(H$3:H$42))*(H$3:H$42>$L$3:$L$42))+ISBLANK(H$3:H$42)) -> 0 | I50: =SUMPRODUCT((NOT(ISBLANK(I$3:I$42))*(I$3:I$42>$M$3:$M$42))+ISBLANK(I$3:I$42)) -> 0
A51: WORST | B51: =SUMPRODUCT((NOT(ISBLANK(B$3:B$42))*(B$3:B$42=$N$3:$N$42))+ISBLANK(B$3:B$42)) -> 0 | C51: =SUMPRODUCT((NOT(ISBLANK(C$3:C$42))*(C$3:C$42=$O$3:$O$42))+ISBLANK(C$3:C$42)) -> 0 | D51: =SUMPRODUCT((NOT(ISBLANK(D$3:D$42))*(D$3:D$42=$N$3:$N$42))+ISBLANK(D$3:D$42)) -> 0 | E51: =SUMPRODUCT((NOT(ISBLANK(E$3:E$42))*(E$3:E$42=$O$3:$O$42))+ISBLANK(E$3:E$42)) -> 0 | F51: =SUMPRODUCT((NOT(ISBLANK(F$3:F$42))*(F$3:F$42=$N$3:$N$42))+ISBLANK(F$3:F$42)) -> 0 | G51: =SUMPRODUCT((NOT(ISBLANK(G$3:G$42))*(G$3:G$42=$O$3:$O$42))+ISBLANK(G$3:G$42)) -> 0 | H51: =SUMPRODUCT((NOT(ISBLANK(H$3:H$42))*(H$3:H$42=$N$3:$N$42))+ISBLANK(H$3:H$42)) -> 0 | I51: =SUMPRODUCT((NOT(ISBLANK(I$3:I$42))*(I$3:I$42=$O$3:$O$42))+ISBLANK(I$3:I$42)) -> 0

Sheet Classes
B1: coomsuite-1.0.0/clingo-base | D1: coomsuite-1.0.0/clingo-brave | F1: coomsuite-1.0.0/clingo-cautious | H1: coomsuite-1.0.0/flingo-base | J1: min | L1: median | N1: max
B2: time | C2: timeout | D2: time | E2: timeout | F2: time | G2: timeout | H2: time | I2: timeout | J2: time | K2: timeout | L2: time | M2: timeout | N2: time | O2: timeout
A3: . | B3: =AVERAGE(Instances!B3:Instances!B42) -> 0 | C3: =SUM(Instances!C3:Instances!C42) -> 0 | D3: =AVERAGE(Instances!D3:Instances!D42) -> 0 | E3: =SUM(Instances!E3:Instances!E42) -> 0 | F3: =AVERAGE(Instances!F3:Instances!F42) -> 0 | G3: =SUM(Instances!G3:Instances!G42) -> 0 | H3: =AVERAGE(Instances!H3:Instances!H42) -> 0 | I3: =SUM(Instances!I3:Instances!I42) -> 0 | J3: =MIN($B3,$D3,$F3,$H3) -> 0 | K3: =MIN($C3,$E3,$G3,$I3) -> 0 | L3: =MEDIAN($B3,$D3,$F3,$H3) -> 0 | M3: =MEDIAN($C3,$E3,$G3,$I3) -> 0 | N3: =MAX($B3,$D3,$F3,$H3) -> 0 | O3: =MAX($C3,$E3,$G3,$I3) -> 0
A5: SUM | B5: =SUM(B$3:B$3) -> 0 | C5: =SUM(C$3:C$3) -> 0 | D5: =SUM(D$3:D$3) -> 0 | E5: =SUM(E$3:E$3) -> 0 | F5: =SUM(F$3:F$3) -> 0 | G5: =SUM(G$3:G$3) -> 0 | H5: =SUM(H$3:H$3) -> 0 | I5: =SUM(I$3:I$3) -> 0 | ... O5: =SUM(O$3:O$3) -> 0
A6: AVG | B6: =AVERAGE(B$3:B$3) -> 0 | C6: =AVERAGE(C$3:C$3) -> 0 | D6: =AVERAGE(D$3:D$3) -> 0 | E6: =AVERAGE(E$3:E$3) -> 0 | F6: =AVERAGE(F$3:F$3) -> 0 | G6: =AVERAGE(G$3:G$3) -> 0 | H6: =AVERAGE(H$3:H$3) -> 0 | I6: =AVERAGE(I$3:I$3) -> 0 | ... O6: =AVERAGE(O$3:O$3) -> 0
A7: DEV | B7: =STDEV(B$3:B$3) -> 0 | C7: =STDEV(C$3:C$3) -> 0 | D7: =STDEV(D$3:D$3) -> 0 | E7: =STDEV(E$3:E$3) -> 0 | F7: =STDEV(F$3:F$3) -> 0 | G7: =STDEV(G$3:G$3) -> 0 | H7: =STDEV(H$3:H$3) -> 0 | I7: =STDEV(I$3:I$3) -> 0 | ... O7: =STDEV(O$3:O$3) -> 0
A8: DST | B8: =SUMPRODUCT(--(B$3:B$3-$J$3:$J$3)^2)^0.5 -> 0 | C8: =SUMPRODUCT(--(C$3:C$3-$K$3:$K$3)^2)^0.5 -> 0 | D8: =SUMPRODUCT(--(D$3:D$3-$J$3:$J$3)^2)^0.5 -> 0 | E8: =SUMPRODUCT(--(E$3:E$3-$K$3:$K$3)^2)^0.5 -> 0 | F8: =SUMPRODUCT(--(F$3:F$3-$J$3:$J$3)^2)^0.5 -> 0 | G8: =SUMPRODUCT(--(G$3:G$3-$K$3:$K$3)^2)^0.5 -> 0 | H8: =SUMPRODUCT(--(H$3:H$3-$J$3:$J$3)^2)^0.5 -> 0 | I8: =SUMPRODUCT(--(I$3:I$3-$K$3:$K$3)^2)^0.5 -> 0
A9: BEST | B9: =SUMPRODUCT(NOT(ISBLANK(B$3:B$3))*(B$3:B$3=$J$3:$J$3)) -> 0 | C9: =SUMPRODUCT(NOT(ISBLANK(C$3:C$3))*(C$3:C$3=$K$3:$K$3)) -> 0 | D9: =SUMPRODUCT(NOT(ISBLANK(D$3:D$3))*(D$3:D$3=$J$3:$J$3)) -> 0 | E9: =SUMPRODUCT(NOT(ISBLANK(E$3:E$3))*(E$3:E$3=$K$3:$K$3)) -> 0 | F9: =SUMPRODUCT(NOT(ISBLANK(F$3:F$3))*(F$3:F$3=$J$3:$J$3)) -> 0 | G9: =SUMPRODUCT(NOT(ISBLANK(G$3:G$3))*(G$3:G$3=$K$3:$K$3)) -> 0 | H9: =SUMPRODUCT(NOT(ISBLANK(H$3:H$3))*(H$3:H$3=$J$3:$J$3)) -> 0 | I9: =SUMPRODUCT(NOT(ISBLANK(I$3:I$3))*(I$3:I$3=$K$3:$K$3)) -> 0
A10: BETTER | B10: =SUMPRODUCT(NOT(ISBLANK(B$3:B$3))*(B$3:B$3<$L$3:$L$3)) -> 0 | C10: =SUMPRODUCT(NOT(ISBLANK(C$3:C$3))*(C$3:C$3<$M$3:$M$3)) -> 0 | D10: =SUMPRODUCT(NOT(ISBLANK(D$3:D$3))*(D$3:D$3<$L$3:$L$3)) -> 0 | E10: =SUMPRODUCT(NOT(ISBLANK(E$3:E$3))*(E$3:E$3<$M$3:$M$3)) -> 0 | F10: =SUMPRODUCT(NOT(ISBLANK(F$3:F$3))*(F$3:F$3<$L$3:$L$3)) -> 0 | G10: =SUMPRODUCT(NOT(ISBLANK(G$3:G$3))*(G$3:G$3<$M$3:$M$3)) -> 0 | H10: =SUMPRODUCT(NOT(ISBLANK(H$3:H$3))*(H$3:H$3<$L$3:$L$3)) -> 0 | I10: =SUMPRODUCT(NOT(ISBLANK(I$3:I$3))*(I$3:I$3<$M$3:$M$3)) -> 0
A11: WORSE | B11: =SUMPRODUCT((NOT(ISBLANK(B$3:B$3))*(B$3:B$3>$L$3:$L$3))+ISBLANK(B$3:B$3)) -> 0 | C11: =SUMPRODUCT((NOT(ISBLANK(C$3:C$3))*(C$3:C$3>$M$3:$M$3))+ISBLANK(C$3:C$3)) -> 0 | D11: =SUMPRODUCT((NOT(ISBLANK(D$3:D$3))*(D$3:D$3>$L$3:$L$3))+ISBLANK(D$3:D$3)) -> 0 | E11: =SUMPRODUCT((NOT(ISBLANK(E$3:E$3))*(E$3:E$3>$M$3:$M$3))+ISBLANK(E$3:E$3)) -> 0 | F11: =SUMPRODUCT((NOT(ISBLANK(F$3:F$3))*(F$3:F$3>$L$3:$L$3))+ISBLANK(F$3:F$3)) -> 0 | G11: =SUMPRODUCT((NOT(ISBLANK(G$3:G$3))*(G$3:G$3>$M$3:$M$3))+ISBLANK(G$3:G$3)) -> 0 | H11: =SUMPRODUCT((NOT(ISBLANK(H$3:H$3))*(H$3:H$3>$L$3:$L$3))+ISBLANK(H$3:H$3)) -> 0 | I11: =SUMPRODUCT((NOT(ISBLANK(I$3:I$3))*(I$3:I$3>$M$3:$M$3))+ISBLANK(I$3:I$3)) -> 0
A12: WORST | B12: =SUMPRODUCT((NOT(ISBLANK(B$3:B$3))*(B$3:B$3=$N$3:$N$3))+ISBLANK(B$3:B$3)) -> 0 | C12: =SUMPRODUCT((NOT(ISBLANK(C$3:C$3))*(C$3:C$3=$O$3:$O$3))+ISBLANK(C$3:C$3)) -> 0 | D12: =SUMPRODUCT((NOT(ISBLANK(D$3:D$3))*(D$3:D$3=$N$3:$N$3))+ISBLANK(D$3:D$3)) -> 0 | E12: =SUMPRODUCT((NOT(ISBLANK(E$3:E$3))*(E$3:E$3=$O$3:$O$3))+ISBLANK(E$3:E$3)) -> 0 | F12: =SUMPRODUCT((NOT(ISBLANK(F$3:F$3))*(F$3:F$3=$N$3:$N$3))+ISBLANK(F$3:F$3)) -> 0 | G12: =SUMPRODUCT((NOT(ISBLANK(G$3:G$3))*(G$3:G$3=$O$3:$O$3))+ISBLANK(G$3:G$3)) -> 0 | H12: =SUMPRODUCT((NOT(ISBLANK(H$3:H$3))*(H$3:H$3=$N$3:$N$3))+ISBLANK(H$3:H$3)) -> 0 | I12: =SUMPRODUCT((NOT(ISBLANK(I$3:I$3))*(I$3:I$3=$O$3:$O$3))+ISBLANK(I$3:I$3)) -> 0
